Age,Rating,Positive Feedback Count,Recommended IND,Division Name_General Petite,Division Name_Initmates,Department Name_Dresses,Department Name_Intimate,Department Name_Jackets,Department Name_Tops,Department Name_Trend,Class Name_Dresses,Class Name_Fine gauge,Class Name_Intimates,Class Name_Jackets,Class Name_Jeans,Class Name_Knits,Class Name_Layering,Class Name_Legwear,Class Name_Lounge,Class Name_Outerwear,Class Name_Pants,Class Name_Shorts,Class Name_Skirts,Class Name_Sleep,Class Name_Sweaters,Class Name_Swim,Class Name_Trend,Title_0,Title_1,Title_2,Title_3,Title_4,Title_5,Title_6,Title_7,Title_8,Title_9,Title_10,Title_11,Title_12,Title_13,Title_14,Title_15,Title_16,Title_17,Title_18,Title_19,Title_20,Title_21,Title_22,Title_23,Title_24,Title_25,Title_26,Title_27,Title_28,Title_29,Title_30,Title_31,Title_32,Title_33,Title_34,Title_35,Title_36,Title_37,Title_38,Title_39,Title_40,Title_41,Title_42,Title_43,Title_44,Title_45,Title_46,Title_47,Title_48,Title_49,Review_0,Review_1,Review_2,Review_3,Review_4,Review_5,Review_6,Review_7,Review_8,Review_9,Review_10,Review_11,Review_12,Review_13,Review_14,Review_15,Review_16,Review_17,Review_18,Review_19,Review_20,Review_21,Review_22,Review_23,Review_24,Review_25,Review_26,Review_27,Review_28,Review_29,Review_30,Review_31,Review_32,Review_33,Review_34,Review_35,Review_36,Review_37,Review_38,Review_39,Review_40,Review_41,Review_42,Review_43,Review_44,Review_45,Review_46,Review_47,Review_48,Review_49,Review_50,Review_51,Review_52,Review_53,Review_54,Review_55,Review_56,Review_57,Review_58,Review_59,Review_60,Review_61,Review_62,Review_63,Review_64,Review_65,Review_66,Review_67,Review_68,Review_69,Review_70,Review_71,Review_72,Review_73,Review_74,Review_75,Review_76,Review_77,Review_78,Review_79,Review_80,Review_81,Review_82,Review_83,Review_84,Review_85,Review_86,Review_87,Review_88,Review_89,Review_90,Review_91,Review_92,Review_93,Review_94,Review_95,Review_96,Review_97,Review_98,Review_99
18.0,5.0,0.0,1,0.0,0.0,1.0,0.0,0.0,0.0,0.0,1.0,0.0,0.0,0.0,0.0,0.0,0.0,0.0,0.0,0.0,0.0,0.0,0.0,0.0,0.0,0.0,0.0,0.0,0.0,0.0,0.0,0.0,0.0,0.0,0.0,0.0,0.0,0.0,0.0,0.0,0.0,0.0,0.0,0.0,0.0,0.0,0.0,0.0,0.0,1.0,0.0,0.0,0.0,0.0,0.0,0.0,0.0,0.0,0.0,0.0,0.0,0.0,0.0,0.0,0.0,0.0,0.0,0.0,0.0,0.0,0.0,0.0,0.0,0.0,0.0,0.0,0.0,0.0,0.0,0.0,0.0,0.0,0.38972139782014703,0.0,0.0,0.0,0.0,0.0,0.19760165909253719,0.0,0.0,0.21057602327014735,0.11392329564320185,0.0,0.0,0.0,0.0,0.0,0.0,0.0,0.1438610099706832,0.0,0.0,0.0,0.1932027629776031,0.12241882913721285,0.0,0.0,0.0,0.0,0.0,0.0,0.0,0.09338955434728191,0.34443934993612985,0.0,0.0,0.0,0.0,0.0,0.19069355079718128,0.0,0.0,0.0,0.0,0.0,0.16846740279053707,0.0,0.0,0.0,0.26706297023462294,0.0,0.0,0.13569545205068015,0.12677752517239935,0.0,0.22802024581088823,0.1678772758726556,0.0,0.0,0.0,0.0,0.0,0.0,0.0,0.0,0.0,0.0,0.0,0.0,0.0,0.2294552300388201,0.0,0.0,0.0,0.14681574278107926,0.16003423549186085,0.0,0.0,0.0,0.09012036084882925,0.0,0.18077586546409985,0.0,0.0,0.0,0.0,0.3266632858467179,0.230921076496501,0.0,0.0,0.0,0.0,0.0,0.0,0.0,0.0
18.0,4.0,0.0,1,0.0,0.0,1.0,0.0,0.0,0.0,0.0,1.0,0.0,0.0,0.0,0.0,0.0,0.0,0.0,0.0,0.0,0.0,0.0,0.0,0.0,0.0,0.0,0.0,0.0,0.0,0.0,0.0,0.0,0.0,0.0,0.0,0.0,0.0,0.0,0.0,0.0,0.0,0.0,0.0,0.0,0.0,0.0,0.0,0.0,0.0,0.0,0.0,0.0,0.0,0.0,0.0,0.0,0.0,0.0,0.0,0.0,0.0,0.0,1.0,0.0,0.0,0.0,0.0,0.0,0.0,0.0,0.0,0.0,0.0,0.0,0.0,0.0,0.0,0.0,0.0,0.0,0.0,0.0,0.3087444060092386,0.0,0.0,0.0,0.0,0.0,0.0,0.204307823547216,0.0,0.0,0.2256302864091603,0.0,0.0,0.0,0.0,0.0,0.0,0.0,0.2849232959732523,0.0,0.16228941779524103,0.0,0.0,0.12122803911243611,0.23167519220809982,0.0,0.0,0.0,0.15907470375641958,0.0,0.216457458572615,0.0,0.17054446313613014,0.0,0.0,0.0,0.0,0.0,0.0,0.0,0.0,0.0,0.0,0.0,0.16682868998665817,0.0,0.0,0.0,0.13223260028405517,0.0,0.0,0.0,0.2510886746507139,0.0,0.0,0.0,0.0,0.0,0.0,0.0,0.0,0.0,0.0,0.0,0.0,0.0,0.18566176041918978,0.0,0.0,0.22722327764237277,0.0,0.0,0.0,0.0,0.1584775536269095,0.0,0.0,0.0,0.1784874876978825,0.10233526391167316,0.0,0.17901742602441406,0.0,0.0,0.4407993405415994,0.0,0.0,0.14246164798662614,0.16228941779524103,0.0,0.0,0.0,0.0,0.0,0.0
18.0,4.0,0.0,1,0.0,0.0,0.0,0.0,0.0,1.0,0.0,0.0,0.0,0.0,0.0,0.0,1.0,0.0,0.0,0.0,0.0,0.0,0.0,0.0,0.0,0.0,0.0,0.0,0.0,0.0,0.0,0.497303112919292,0.0,0.6335187235803522,0.0,0.0,0.0,0.0,0.0,0.0,0.0,0.0,0.0,0.0,0.0,0.0,0.0,0.0,0.0,0.0,0.0,0.0,0.0,0.0,0.0,0.0,0.0,0.0,0.0,0.0,0.0,0.0,0.0,0.5927424742279763,0.0,0.0,0.0,0.0,0.0,0.0,0.0,0.0,0.0,0.0,0.0,0.0,0.0,0.0,0.0,0.0,0.0,0.1239168478429934,0.2991918564361958,0.23494557312628275,0.0,0.12830949635303804,0.0,0.0,0.0,0.0,0.0,0.0,0.0,0.08584906466849677,0.0,0.0,0.14128323577793303,0.0,0.0,0.0,0.0,0.0,0.0,0.0,0.1687151466116633,0.0,0.18450207079958855,0.0,0.0,0.12830949635303804,0.0,0.12105125377665077,0.0,0.0,0.35187736824396904,0.1946691139425858,0.0,0.13785778767427553,0.17401496610100908,0.0,0.0,0.0,0.0,0.0,0.0,0.0,0.16673941512154453,0.12695181327965338,0.0,0.0,0.0,0.0,0.0,0.0,0.0,0.095535613638884,0.16673941512154453,0.0,0.0,0.0,0.0,0.0,0.0,0.0,0.0,0.0,0.32246199331816444,0.0,0.0,0.28256647155586606,0.2001858558976632,0.15625652949191762,0.0,0.0,0.0,0.0,0.0,0.180895259670282,0.0,0.0,0.0,0.06791191075344459,0.0,0.0,0.0,0.0,0.0,0.0,0.0,0.0,0.0,0.0,0.31094470224051773,0.0,0.0,0.0941021433280731,0.13954196103631225,0.0
18.0,5.0,1.0,1,0.0,0.0,0.0,0.0,0.0,0.0,0.0,0.0,0.0,0.0,0.0,0.0,0.0,0.0,0.0,0.0,0.0,0.0,0.0,1.0,0.0,0.0,0.0,0.0,0.0,0.0,0.0,0.0,0.0,0.0,0.0,0.0,0.0,0.0,0.0,0.0,0.0,0.0,0.0,0.0,0.0,0.0,0.0,0.0,0.0,0.0,0.0,0.0,0.0,0.0,0.0,0.0,0.0,0.0,0.0,0.0,0.0,0.0,0.0,0.0,0.0,0.0,0.0,0.0,0.0,0.0,0.0,0.0,0.0,0.0,0.0,0.0,0.0,0.0,0.16027373527714,0.0,0.1526884391797739,0.0,0.0,0.16229468117954923,0.0,0.0,0.13714796622386632,0.0,0.0,0.13714796622386632,0.0,0.0,0.0,0.07906992468959219,0.0,0.0,0.0,0.0,0.0,0.16027373527714,0.0,0.0,0.0,0.0,0.0,0.0,0.08496635868736901,0.0,0.0,0.0,0.0,0.0,0.0,0.22756619096073175,0.19445465444120866,0.11953127455546472,0.0,0.0,0.16027373527714,0.0,0.0,0.1323533050478759,0.0,0.0,0.0,0.09392751280710859,0.0,0.11692696191846734,0.0,0.12852291859888024,0.0,0.2780377203530786,0.0,0.1083019142934813,0.0,0.08799156758166234,0.0,0.0,0.11651737676127238,0.0,0.0,0.0,0.0,0.0,0.0,0.0,0.0,0.0,0.5237210191371959,0.0,0.0,0.0,0.0,0.0,0.0,0.27429593244773265,0.10189934955273743,0.16661072096784527,0.0,0.0,0.0,0.1250983849279297,0.21517434754070394,0.0,0.0,0.0,0.23303475352254477,0.0,0.0,0.16027373527714,0.0,0.0,0.0,0.0,0.14770417137665928,0.0,0.0,0.0
19.0,4.0,3.0,1,0.0,0.0,0.0,0.0,0.0,1.0,0.0,0.0,0.0,0.0,0.0,0.0,1.0,0.0,0.0,0.0,0.0,0.0,0.0,0.0,0.0,0.0,0.0,0.0,0.0,0.0,0.0,0.0,0.0,0.0,0.0,0.0,0.5163237928794263,0.0,0.0,0.0,0.0,0.0,0.0,0.0,0.0,0.0,0.0,0.0,0.0,0.0,0.0,0.0,0.0,0.0,0.0,0.0,0.0,0.0,0.0,0.0,0.0,0.0,0.0,0.0,0.0,0.0,0.0,0.6764366216529243,0.0,0.0,0.0,0.0,0.0,0.5252078043911589,0.0,0.0,0.0,0.0,0.0,0.0,0.0,0.0,0.0,0.06257556143575216,0.0,0.13669614906962912,0.0,0.18421223371824008,0.0,0.0,0.0,0.0,0.0,0.1829207794429193,0.0,0.0,0.0,0.0,0.1865917341948967,0.0,0.0,0.0,0.0,0.0,0.0,0.15510787234014523,0.09828081042529421,0.0,0.0,0.13669614906962912,0.0,0.12896348829699666,0.0,0.08774213707847481,0.2249262099105768,0.41478641838840413,0.0,0.0,0.0,0.0,0.0,0.0,0.1853890508699419,0.0,0.1776379503705982,0.1086462009497312,0.0,0.13524972419022613,0.0,0.0,0.0,0.10720232064883538,0.0,0.0,0.1089396058805593,0.1017800775049973,0.0,0.0,0.13477595596231598,0.16731826258706056,0.0,0.0,0.19168563176528133,0.14289748209322992,0.0,0.16163851361037246,0.0,0.1302510744915801,0.0,0.0,0.10663527009772389,0.0,0.0,0.0,0.0,0.0,0.0,0.19271905887496416,0.0,0.0,0.0,0.07235081533181005,0.08296424445995884,0.0,0.43539377124490747,0.0,0.0,0.0,0.0,0.0,0.0,0.13156968982705616,0.0,0.0,0.0,0.10025291173112232,0.14866279776209623,0.0
19.0,4.0,3.0,1,0.0,0.0,0.0,0.0,0.0,0.0,0.0,0.0,0.0,0.0,0.0,0.0,0.0,0.0,0.0,0.0,0.0,0.0,1.0,0.0,0.0,0.0,0.0,0.0,0.5564509594349828,0.0,0.0,0.0,0.0,0.0,0.0,0.0,0.0,0.0,0.0,0.0,0.0,0.0,0.0,0.0,0.0,0.0,0.0,0.0,0.0,0.0,0.0,0.0,0.0,0.0,0.0,0.0,0.0,0.0,0.0,0.0,0.0,0.0,0.0,0.0,0.0,0.0,0.0,0.0,0.0,0.0,0.0,0.0,0.0,0.0,0.8308804545443869,0.0,0.0,0.0,0.0,0.0,0.0,0.0,0.0,0.08671514389124421,0.18356805203052753,0.0,0.0,0.0,0.0,0.21983725293505213,0.0,0.24760920358885188,0.0,0.12674278381327186,0.0,0.21983725293505213,0.0,0.0,0.0,0.0,0.0,0.0,0.0,0.0,0.0,0.0,0.0,0.0,0.0,0.0,0.0,0.0,0.0,0.12159015224972648,0.31169530420168295,0.0,0.0,0.0,0.0,0.0,0.0,0.212151793422196,0.0,0.0,0.0,0.0,0.0,0.0,0.0,0.206011989400222,0.0,0.0,0.0,0.0,0.0,0.0,0.0,0.0,0.18676806322148096,0.0,0.0,0.0,0.0,0.0,0.0,0.0,0.0,0.0,0.0,0.0,0.0,0.0,0.2552752222575834,0.0,0.0,0.21983725293505213,0.0,0.267063699269977,0.0,0.5105504445151668,0.0,0.0,0.0,0.0,0.0,0.0,0.0,0.0,0.1817109221781638,0.0,0.0,0.0,0.22953073120908474,0.0,0.0,0.138927170077511,0.0,0.0
19.0,4.0,0.0,1,0.0,1.0,0.0,1.0,0.0,0.0,0.0,0.0,0.0,1.0,0.0,0.0,0.0,0.0,0.0,0.0,0.0,0.0,0.0,0.0,0.0,0.0,0.0,0.0,0.0,0.0,0.0,0.0,0.0,0.0,0.0,0.0,1.0,0.0,0.0,0.0,0.0,0.0,0.0,0.0,0.0,0.0,0.0,0.0,0.0,0.0,0.0,0.0,0.0,0.0,0.0,0.0,0.0,0.0,0.0,0.0,0.0,0.0,0.0,0.0,0.0,0.0,0.0,0.0,0.0,0.0,0.0,0.0,0.0,0.0,0.0,0.0,0.0,0.0,0.0,0.0,0.14134883017101768,0.0,0.0,0.20032220252727004,0.0,0.21880166178564145,0.0,0.0,0.10253845900032833,0.0,0.13256076032453354,0.0,0.0,0.0,0.1194673117717083,0.0,0.0,0.27202169962683004,0.0,0.0,0.0,0.0,0.0,0.0,0.14385199652514266,0.0,0.07865621961208447,0.1503174919796489,0.13125339491834048,0.0,0.0,0.0,0.0,0.2106656866202009,0.1800132221812331,0.33196237877655455,0.0,0.1175420132202452,0.0,0.0,0.23139560871966866,0.1225239116876328,0.0,0.13190219921117272,0.14216742388801387,0.08695186176162563,0.0,0.10824322634647661,0.0,0.0,0.0,0.08579629369549585,0.0,0.0,0.08718667995832767,0.08145675736417882,0.0,0.0,0.10786405957303966,0.0,0.0,0.1367347256126508,0.0,0.0,0.0,0.0,0.0,0.208485401689015,0.0,0.0,0.0,0.0,0.0,0.0,0.0,0.0,0.18866331900228123,0.3598866956460463,0.0,0.0,0.0,0.1158077878118023,0.06639804661718275,0.23230325391482673,0.0,0.0,0.0,0.0,0.0,0.0,0.0,0.0,0.13256076032453354,0.0,0.1367347256126508,0.0,0.11897799395753543,0.0
19.0,5.0,0.0,1,0.0,0.0,1.0,0.0,0.0,0.0,0.0,1.0,0.0,0.0,0.0,0.0,0.0,0.0,0.0,0.0,0.0,0.0,0.0,0.0,0.0,0.0,0.0,0.0,0.0,0.0,0.0,0.0,0.0,0.0,0.0,0.0,0.0,0.0,0.0,0.0,0.0,0.0,0.0,0.0,0.0,0.0,0.0,0.0,0.0,0.0,0.0,0.0,0.0,0.0,0.0,0.0,0.0,0.0,0.0,0.0,0.0,0.0,0.0,0.0,0.0,0.0,0.0,0.0,0.0,0.0,0.0,0.0,0.0,0.0,0.0,0.0,0.0,0.0,0.0,0.0,0.0,0.0,0.0,0.16230088301928994,0.0,0.0,0.0,0.0,0.16615314956838143,0.0,0.0,0.0,0.21923786267958328,0.0,0.1935846346322948,0.0,0.0,0.0,0.0,0.0,0.2126827842922335,0.0,0.20204259708765224,0.0,0.0,0.0,0.12745440831764673,0.0,0.0,0.0,0.0,0.16724490797689984,0.0,0.11378744352503524,0.19446208522449074,0.26895564508025194,0.0,0.0,0.0,0.0,0.0,0.0,0.0,0.0,0.0,0.0,0.0,0.0,0.0,0.0,0.0,0.13902417256684982,0.0,0.0,0.0,0.0,0.0,0.0,0.0,0.0,0.4839589534490344,0.0,0.0,0.1853150574507955,0.0,0.0,0.0,0.0,0.0,0.1951974971688956,0.0,0.0,0.0,0.0,0.0,0.20572981068129553,0.0,0.24992563160753717,0.0,0.0,0.0,0.0,0.0,0.0,0.0,0.0,0.17478274393839557,0.0,0.0,0.0,0.0,0.17062473230407885,0.0,0.0,0.22156472349401715,0.2600238132249449,0.0,0.0
19.0,5.0,1.0,1,0.0,0.0,1.0,0.0,0.0,0.0,0.0,1.0,0.0,0.0,0.0,0.0,0.0,0.0,0.0,0.0,0.0,0.0,0.0,0.0,0.0,0.0,0.0,0.0,0.0,0.0,0.0,0.0,0.0,0.0,0.0,0.0,0.0,0.0,0.0,0.0,0.0,0.0,0.0,0.0,0.0,0.0,0.0,0.0,0.0,0.0,0.0,0.0,0.0,0.0,0.0,0.0,0.0,0.0,0.0,0.0,0.0,0.0,0.0,0.0,0.0,0.0,0.0,0.0,0.0,0.0,0.0,0.0,0.0,0.0,0.0,0.0,0.0,0.0,0.0,0.0,0.0,0.0,0.0,0.22087497389504623,0.0,0.0,0.0,0.0,0.0,0.0,0.0,0.0,0.0,0.0,0.0,0.0,0.0,0.29993073681277577,0.0,0.0,0.0,0.4076668230115204,0.27495939964860566,0.0,0.0,0.0,0.0,0.0,0.0,0.2412503992337913,0.0,0.0,0.0,0.0,0.0,0.12200708129432553,0.0,0.2592033112061914,0.0,0.0,0.0,0.0,0.0,0.0,0.0,0.1917459967435239,0.3135071963450118,0.0,0.0,0.0,0.0,0.0,0.0,0.0,0.0,0.17962820825054454,0.0,0.0,0.0,0.0,0.0,0.0,0.0,0.0,0.0,0.28527033281819697,0.0,0.0,0.0,0.0,0.0,0.2937970391458032,0.0,0.3314797031792224,0.0,0.0,0.0,0.11337444448871084,0.0,0.0,0.0,0.0,0.14642078240184936,0.0,0.0,0.0,0.0,0.0,0.0,0.0,0.0,0.0,0.0,0.0,0.0,0.0,0.0,0.0
19.0,5.0,0.0,1,0.0,0.0,1.0,0.0,0.0,0.0,0.0,1.0,0.0,0.0,0.0,0.0,0.0,0.0,0.0,0.0,0.0,0.0,0.0,0.0,0.0,0.0,0.0,0.0,0.0,0.0,0.0,0.0,0.0,0.0,0.0,0.0,0.0,0.0,0.0,0.0,0.0,0.0,0.0,0.0,0.0,0.0,0.0,0.0,0.0,0.0,0.0,0.0,0.0,0.0,0.0,0.0,0.0,0.0,0.0,0.0,0.0,0.0,0.0,0.0,0.0,0.0,0.0,0.0,0.0,0.0,0.0,0.0,0.0,0.0,0.0,0.0,0.0,0.0,0.0,0.24337347790223637,0.0,0.18603576528077437,0.0,0.08818066359963,0.0,0.0,0.22355258813899037,0.0,0.0,0.0,0.23340988997158413,0.0,0.0,0.0,0.0,0.0,0.0,0.0,0.0,0.26124782830117554,0.0,0.32550841181120366,0.0,0.0,0.0,0.0,0.0,0.0,0.0,0.0,0.0,0.0,0.0,0.12364507318361881,0.10565435875062573,0.09741860023942643,0.0,0.0,0.0,0.0,0.0,0.2157372413667852,0.0,0.0,0.0,0.0,0.0,0.0,0.0,0.0,0.0,0.0,0.0,0.0,0.3070325385316107,0.14342715542116746,0.2503250787488393,0.0,0.0,0.0,0.0,0.0,0.0,0.0,0.0,0.0,0.0,0.0,0.0,0.0,0.3005380587754706,0.0,0.0,0.0,0.0,0.0,0.16609698232790857,0.1810514532081746,0.0,0.0,0.0,0.10195582367221327,0.1169121293307524,0.0,0.0,0.2682627123289529,0.0,0.0,0.18478190754163207,0.0,0.16275420590560183,0.0,0.0,0.2288726665387973,0.0,0.0,0.0,0.0
19.0,4.0,0.0,1,1.0,0.0,0.0,0.0,0.0,1.0,0.0,0.0,1.0,0.0,0.0,0.0,0.0,0.0,0.0,0.0,0.0,0.0,0.0,0.0,0.0,0.0,0.0,0.0,0.0,0.0,0.0,0.0,0.0,1.0,0.0,0.0,0.0,0.0,0.0,0.0,0.0,0.0,0.0,0.0,0.0,0.0,0.0,0.0,0.0,0.0,0.0,0.0,0.0,0.0,0.0,0.0,0.0,0.0,0.0,0.0,0.0,0.0,0.0,0.0,0.0,0.0,0.0,0.0,0.0,0.0,0.0,0.0,0.0,0.0,0.0,0.0,0.0,0.0,0.0,0.0,0.0,0.0,0.0,0.25700149806056244,0.0,0.0,0.0,0.0,0.0,0.0,0.0,0.0,0.0,0.0,0.0,0.3257706831732071,0.30909289128215145,0.0,0.0,0.0,0.0,0.0,0.0,0.0,0.0,0.0,0.0,0.0,0.0,0.0,0.0,0.0,0.0,0.18018104955682848,0.15396418765243244,0.2839253548166847,0.0,0.0,0.0,0.0,0.0,0.0,0.0,0.0,0.0,0.0,0.0,0.0,0.0,0.0,0.0,0.0,0.0,0.0,0.22371067288127214,0.0,0.0,0.0,0.0,0.0,0.0,0.0,0.0,0.0,0.0,0.0,0.0,0.0,0.0,0.0,0.0,0.3418507667695646,0.0,0.0,0.0,0.3257706831732071,0.0,0.26383615636987523,0.0,0.0,0.0,0.14857451934545948,0.17036950706038723,0.0,0.0,0.0,0.0,0.0,0.2692723388219492,0.0,0.2371726012593333,0.27018221338400794,0.0,0.0,0.0,0.0,0.0,0.0
19.0,4.0,0.0,1,0.0,0.0,0.0,0.0,0.0,0.0,0.0,0.0,0.0,0.0,0.0,0.0,0.0,0.0,0.0,0.0,0.0,0.0,1.0,0.0,0.0,0.0,0.0,0.0,0.0,0.0,0.0,0.0,0.0,0.0,0.0,0.0,0.0,0.0,0.0,0.0,0.0,0.0,0.0,1.0,0.0,0.0,0.0,0.0,0.0,0.0,0.0,0.0,0.0,0.0,0.0,0.0,0.0,0.0,0.0,0.0,0.0,0.0,0.0,0.0,0.0,0.0,0.0,0.0,0.0,0.0,0.0,0.0,0.0,0.0,0.0,0.0,0.0,0.0,0.0,0.13371717023076504,0.0,0.1022139976363931,0.12339563279298887,0.19379710405996053,0.10256269921566856,0.1058373157907743,0.0,0.0,0.0,0.12282693965411255,0.0,0.0,0.13089165658620833,0.14162684486988342,0.0,0.0,0.11653882889407405,0.0,0.0,0.0,0.0,0.0,0.1206255612536831,0.20373628526473528,0.0,0.0,0.07609414924963773,0.0,0.0,0.0,0.0,0.2995508548543655,0.0,0.2038036696718147,0.1160997656478814,0.05352489377289921,0.0,0.0,0.1435379098432359,0.0,0.11192917783528991,0.0,0.0,0.0,0.0,0.0,0.0,0.0,0.0,0.11510252176213467,0.0,0.16600329916002685,0.0,0.0,0.0,0.0,0.0,0.1417347865435388,0.0,0.1295465593984671,0.0,0.13228086309882567,0.0,0.0,0.0,0.0,0.0,0.0,0.0,0.0,0.08256260935352723,0.12888969348537974,0.1426267563882163,0.0,0.0,0.0,0.09125899277192041,0.1989509144368636,0.1539230136886105,0.2852535127764326,0.39064131024275306,0.0,0.06423526192957357,0.0,0.0,0.0,0.10435060174900235,0.13834361693009287,0.10152508810444565,0.1435379098432359,0.17884472905132745,0.10186814263236764,0.0,0.0,0.13228086309882567,0.07762105333652616,0.11510252176213467,0.0
19.0,5.0,0.0,1,1.0,0.0,0.0,0.0,0.0,0.0,0.0,0.0,0.0,0.0,0.0,1.0,0.0,0.0,0.0,0.0,0.0,0.0,0.0,0.0,0.0,0.0,0.0,0.0,0.0,1.0,0.0,0.0,0.0,0.0,0.0,0.0,0.0,0.0,0.0,0.0,0.0,0.0,0.0,0.0,0.0,0.0,0.0,0.0,0.0,0.0,0.0,0.0,0.0,0.0,0.0,0.0,0.0,0.0,0.0,0.0,0.0,0.0,0.0,0.0,0.0,0.0,0.0,0.0,0.0,0.0,0.0,0.0,0.0,0.0,0.0,0.0,0.0,0.0,0.0,0.0,0.2616947734809238,0.0,0.0,0.18543936072957537,0.39255821637806926,0.0,0.0,0.0,0.0,0.0,0.0,0.0,0.0,0.0,0.0,0.0,0.0,0.0,0.0,0.0,0.0,0.0,0.0,0.0,0.0,0.2298269806209641,0.0,0.0,0.0,0.20254589744027338,0.0,0.0,0.0,0.0,0.1110928175476526,0.0,0.0,0.0,0.0,0.0,0.21420418313723838,0.0,0.0,0.24420517737883024,0.0,0.16098362993115803,0.0,0.0,0.0,0.0,0.0,0.0,0.0,0.0,0.0,0.0,0.0,0.0,0.0,0.0,0.0,0.0,0.28402510660727,0.0,0.0,0.0,0.0,0.0,0.0,0.0,0.0,0.0,0.0,0.0,0.0,0.0,0.0,0.0,0.0,0.27295159704120814,0.4983925513050455,0.0,0.0,0.0,0.0,0.0,0.0,0.0,0.1942933825293617,0.0,0.0,0.0,0.0,0.0,0.25315216972708876,0.0,0.0,0.0
19.0,5.0,0.0,1,0.0,0.0,0.0,0.0,1.0,0.0,0.0,0.0,0.0,0.0,1.0,0.0,0.0,0.0,0.0,0.0,0.0,0.0,0.0,0.0,0.0,0.0,0.0,0.0,0.0,0.0,0.0,0.0,0.0,0.0,0.0,0.0,0.0,0.0,0.0,0.0,0.0,0.0,0.0,1.0,0.0,0.0,0.0,0.0,0.0,0.0,0.0,0.0,0.0,0.0,0.0,0.0,0.0,0.0,0.0,0.0,0.0,0.0,0.0,0.0,0.0,0.0,0.0,0.0,0.0,0.0,0.0,0.0,0.0,0.0,0.0,0.0,0.0,0.0,0.0,0.0,0.0,0.0,0.0,0.21971023960473837,0.0,0.0,0.0,0.0,0.2249251367191405,0.0,0.0,0.3136838331092142,0.2967870688296685,0.0,0.0,0.0,0.0,0.0,0.0,0.0,0.0,0.0,0.0,0.0,0.0,0.0,0.3450756159696565,0.0,0.0,0.0,0.0,0.0,0.0,0.0,0.0,0.36409111351911644,0.0,0.0,0.0,0.0,0.0,0.0,0.32546150487639147,0.0,0.0,0.0,0.0,0.0,0.0,0.0,0.0,0.0,0.0,0.0,0.19124995734187894,0.17868097946329684,0.0,0.0,0.0,0.0,0.0,0.0,0.0,0.250865028688975,0.0,0.0,0.0,0.0,0.0,0.0,0.0,0.0,0.0,0.0,0.0,0.0,0.20692295961039867,0.2255531799225484,0.0,0.0,0.0,0.12701615940330951,0.2912973309498609,0.0,0.0,0.0,0.0,0.0,0.0,0.0,0.0,0.0,0.0,0.0,0.0,0.17599994911857728,0.0,0.0
19.0,4.0,0.0,1,1.0,0.0,0.0,0.0,0.0,1.0,0.0,0.0,0.0,0.0,0.0,0.0,0.0,0.0,0.0,0.0,0.0,0.0,0.0,0.0,0.0,0.0,0.0,0.0,0.609006858328501,0.0,0.0,0.0,0.0,0.0,0.0,0.0,0.0,0.0,0.0,0.0,0.0,0.0,0.0,0.0,0.7931649554215372,0.0,0.0,0.0,0.0,0.0,0.0,0.0,0.0,0.0,0.0,0.0,0.0,0.0,0.0,0.0,0.0,0.0,0.0,0.0,0.0,0.0,0.0,0.0,0.0,0.0,0.0,0.0,0.0,0.0,0.0,0.0,0.0,0.0,0.0,0.0,0.0,0.0,0.0,0.04903904747458657,0.10381119161414855,0.0,0.0,0.14436294725031623,0.10040601182394708,0.0,0.1298039525686056,0.0,0.0,0.21502629576243631,0.0,0.0,0.0,0.0,0.0,0.0,0.12852377586503316,0.0,0.0,0.0,0.0,0.0,0.0,0.0,0.2570475517300663,0.0,0.28341912143647313,0.10106575921940335,0.0,0.13752304340507718,0.05875652215766128,0.054176450562218814,0.0,0.0,0.0,0.0,0.33987506421920316,0.0,0.0,0.0,0.0,0.0,0.0,0.0,0.0,0.0,0.0,0.1680240519162319,0.0,0.09817369265634092,0.0,0.07976273705285485,0.13921083058049769,0.1434601194857588,0.0,0.0,0.0,0.13389111373873888,0.0,0.0,0.0,0.3800173051966506,0.0,0.2041496226019992,0.0,0.0,0.25070292392773896,0.0,0.0,0.14719140529512317,0.0,0.0,0.09236988551986866,0.20137273744117787,0.0,0.0,0.13179885806482103,0.11339938424761915,0.06501719568177335,0.0,0.3412082181658121,0.0,0.0,0.0,0.0,0.0,0.0,0.0,0.0,0.0,0.0,0.07856593189172958,0.0,0.0
19.0,3.0,4.0,0,0.0,0.0,0.0,0.0,0.0,1.0,0.0,0.0,0.0,0.0,0.0,0.0,0.0,0.0,0.0,0.0,0.0,0.0,0.0,0.0,0.0,0.0,0.0,0.0,0.0,0.0,0.0,0.0,0.0,0.0,0.0,0.0,0.5896874019239329,0.0,0.0,0.0,0.0,0.0,0.0,0.0,0.0,0.0,0.0,0.0,0.0,0.0,0.0,0.0,0.0,0.0,0.0,0.0,0.0,0.0,0.0,0.0,0.8076315793802283,0.0,0.0,0.0,0.0,0.0,0.0,0.0,0.0,0.0,0.0,0.0,0.0,0.0,0.0,0.0,0.0,0.0,0.0,0.0,0.11482172774944313,0.0,0.0,0.08136374872337368,0.08611981822796193,0.0,0.0,0.3592823832210683,0.0,0.0,0.0,0.0,0.0,0.05946059449325998,0.0,0.0,0.0,0.0,0.0,0.12052587148206213,0.0,0.0,0.0,0.08553661315281925,0.0,0.0,0.06389471368933189,0.0,0.106620914791228,0.0,0.0,0.0,0.0,0.2281730768339857,0.19497323667115518,0.08988753528610033,0.0,0.0,0.0,0.0,0.0,0.0,0.0,0.1071479572137519,0.0,0.0,0.0,0.0,0.0,0.0,0.0,0.06969480161028885,0.0,0.3257722191555917,0.21247275730773427,0.06616967120354658,0.0,0.0,0.0,0.0,0.0,0.0,0.0,0.0,0.11482172774944313,0.10508507717439294,0.22334293213581985,0.0,0.0,0.0978552908377821,0.0,0.0,0.0,0.0,0.0,0.0,0.0,0.6264564280660523,0.0,0.0,0.0,0.0,0.10787409308656891,0.0,0.18870662703077076,0.0,0.0,0.0,0.0,0.0,0.0,0.0,0.0,0.0,0.0,0.0,0.09664925287204917,0.0
19.0,3.0,2.0,1,0.0,0.0,0.0,0.0,0.0,1.0,0.0,0.0,0.0,0.0,0.0,0.0,1.0,0.0,0.0,0.0,0.0,0.0,0.0,0.0,0.0,0.0,0.0,0.0,0.0,0.0,0.0,0.0,0.0,0.0,0.0,0.0,0.0,0.0,0.0,0.0,0.0,0.0,0.0,0.0,0.0,0.0,0.0,0.0,0.0,0.0,0.0,0.0,0.0,0.0,0.0,0.0,0.0,0.0,0.0,0.0,0.0,0.0,0.0,0.0,0.0,0.0,0.0,0.0,0.0,0.0,0.0,0.0,0.0,0.0,0.0,0.0,0.0,0.0,0.0,0.0,0.0,0.10058356597025239,0.0,0.14302936181794437,0.0,0.10414908800284975,0.0,0.0,0.2928484245397795,0.0,0.0,0.0,0.0,0.06968386631742793,0.11373233151551915,0.0,0.0,0.3884451110002308,0.0,0.2824966278162433,0.12495262848063163,0.0,0.0,0.0,0.0,0.0,0.0,0.0,0.0,0.10414908800284975,0.0,0.0,0.1214273295094714,0.06685092168536078,0.057123919948399944,0.36869776800102433,0.1470751569924774,0.11189945614673391,0.0,0.0,0.11014377779099328,0.0,0.0,0.0,0.1353427338788417,0.0,0.0,0.0,0.1481306867873361,0.0,0.0,0.0,0.0,0.09544584931850668,0.08300131845024272,0.07754645848585932,0.0,0.0,0.0,0.0,0.0,0.0,0.0,0.0,0.0,0.0,0.0,0.09923857191309332,0.0,0.11467989957560856,0.0,0.0,0.0,0.0,0.0,0.0,0.0,0.2936661253327797,0.0,0.0,0.0,0.0,0.18963190527661958,0.0,0.1105758148172865,0.0,0.30805826631672356,0.0,0.19981129068673306,0.0,0.0,0.0,0.0,0.12374410328491686,0.0,0.15276581524045876,0.0,0.0
19.0,5.0,3.0,1,0.0,0.0,0.0,0.0,0.0,0.0,0.0,0.0,0.0,0.0,0.0,0.0,0.0,0.0,0.0,0.0,0.0,1.0,0.0,0.0,0.0,0.0,0.0,0.0,0.0,0.0,0.0,0.0,0.0,0.0,0.0,0.0,0.0,0.0,0.0,0.0,0.0,0.0,0.0,0.0,0.0,0.0,0.0,0.0,0.0,0.0,0.0,0.0,0.0,0.0,0.0,0.0,0.0,0.0,1.0,0.0,0.0,0.0,0.0,0.0,0.0,0.0,0.0,0.0,0.0,0.0,0.0,0.0,0.0,0.0,0.0,0.0,0.0,0.0,0.0,0.0,0.0,0.2829423140894626,0.0,0.26822843423863063,0.0,0.0,0.0,0.0,0.137297463585725,0.0,0.0,0.0,0.0,0.09801061535432626,0.3199298886987965,0.0,0.0,0.0,0.0,0.0,0.17574633347323793,0.0,0.16695401915923774,0.14099247008677426,0.0,0.0,0.21063900419931952,0.0,0.0,0.0,0.0,0.13819961717551463,0.0,0.09402606826578169,0.3213800175834219,0.14816422071045787,0.0,0.0,0.0,0.0,0.0,0.0,0.0,0.0,0.0,0.0,0.0,0.0,0.0,0.0,0.0,0.11487995454866151,0.0,0.0,0.0,0.10906938027987886,0.0,0.0,0.14442836313144186,0.0,0.0,0.0,0.0,0.30626307618400916,0.0,0.0,0.0,0.0,0.0,0.1612977023257771,0.0,0.0,0.0,0.201272874417854,0.0,0.0,0.0,0.3442020749522711,0.0,0.0,0.0,0.15506489647931399,0.08890599172703316,0.0,0.0,0.0,0.14442836313144186,0.0,0.1405176591791019,0.0,0.0,0.14099247008677426,0.0,0.0,0.0,0.0,0.0,0.15431620114548783
19.0,3.0,17.0,0,1.0,0.0,1.0,0.0,0.0,0.0,0.0,1.0,0.0,0.0,0.0,0.0,0.0,0.0,0.0,0.0,0.0,0.0,0.0,0.0,0.0,0.0,0.0,0.0,0.0,0.0,0.0,0.40058834778337804,0.0,0.0,0.0,0.0,0.3972260850363847,0.0,0.0,0.0,0.0,0.0,0.0,0.0,0.0,0.0,0.0,0.0,0.0,0.0,0.0,0.0,0.0,0.0,0.3972260850363847,0.0,0.0,0.0,0.0,0.0,0.5440379587257042,0.0,0.0,0.4774668049394494,0.0,0.0,0.0,0.0,0.0,0.0,0.0,0.0,0.0,0.0,0.0,0.0,0.0,0.0,0.0,0.0,0.0,0.0,0.0,0.14891813074405907,0.0,0.0,0.0,0.0,0.15245275312532108,0.0,0.0,0.0,0.0,0.10882930941360408,0.0,0.0,0.0,0.2022190377261598,0.0,0.0,0.0,0.13742838352997844,0.37076576946771417,0.0,0.0,0.18456386073577807,0.0,0.0,0.0,0.0,0.0,0.0,0.0,0.0,0.08921371742870067,0.08225950710252425,0.0,0.17475982863426776,0.0,0.0,0.0,0.0,0.0,0.0,0.0,0.0,0.0,0.0,0.0,0.0,0.2113725463378853,0.0,0.0,0.0,0.12962794179948373,0.2422175453366345,0.0,0.0,0.0,0.0,0.0,0.2032952861854226,0.0,0.0,0.2101554725973217,0.0,0.0,0.0,0.0,0.0,0.380657993232195,0.0,0.0,0.0,0.0,0.0,0.0,0.3057568732151157,0.0,0.0,0.0,0.08609070322192833,0.09871969120289305,0.0,0.0,0.0,0.0,0.0,0.0,0.0,0.13742838352997844,0.0,0.0,0.19325829659275245,0.0,0.0,0.1768948248002831,0.3427001359246737
19.0,5.0,1.0,1,0.0,0.0,0.0,0.0,0.0,0.0,0.0,0.0,0.0,0.0,0.0,0.0,0.0,0.0,0.0,0.0,0.0,0.0,0.0,1.0,0.0,0.0,0.0,0.0,0.0,0.0,0.0,0.0,0.0,0.0,0.0,0.0,0.0,0.0,0.0,0.0,0.0,0.0,0.0,0.0,0.0,0.0,0.0,0.0,0.0,0.0,1.0,0.0,0.0,0.0,0.0,0.0,0.0,0.0,0.0,0.0,0.0,0.0,0.0,0.0,0.0,0.0,0.0,0.0,0.0,0.0,0.0,0.0,0.0,0.0,0.0,0.0,0.0,0.0,0.0,0.0,0.0,0.0,0.0,0.3608981574191979,0.1527976977630044,0.0,0.0,0.0,0.0,0.0,0.0,0.0,0.0,0.0,0.0,0.0,0.17361930693308864,0.0,0.21522975268781633,0.0,0.0,0.0,0.0,0.0,0.0,0.0,0.3400947198395153,0.0,0.18917167556439982,0.0,0.0,0.14875674858634677,0.0,0.0,0.25944778712167277,0.15948255270292142,0.0,0.0,0.0,0.0,0.0,0.176590126945473,0.0,0.0,0.0,0.0,0.0,0.0,0.0,0.17147949953020983,0.0,0.0,0.0,0.0,0.12565960937524873,0.0,0.0,0.0,0.0,0.0,0.0,0.0,0.0,0.1648293257112496,0.20372193084342724,0.0,0.0,0.0,0.46584385744401263,0.0,0.0,0.0,0.0,0.0,0.0,0.0,0.0,0.2222974965041174,0.0,0.0,0.0,0.16691037422228155,0.0,0.0,0.16740593951672858,0.0,0.0,0.0,0.1512518668695059,0.0,0.0,0.0,0.0,0.0,0.0,0.11563968517268372,0.0,0.0
19.0,5.0,2.0,1,0.0,0.0,1.0,0.0,0.0,0.0,0.0,1.0,0.0,0.0,0.0,0.0,0.0,0.0,0.0,0.0,0.0,0.0,0.0,0.0,0.0,0.0,0.0,0.0,0.0,0.0,0.0,0.0,0.0,0.0,0.0,0.0,0.0,0.0,0.0,0.0,0.0,0.0,0.0,0.0,0.0,0.0,0.0,0.0,0.0,0.0,0.0,0.0,0.0,0.0,0.0,0.0,0.0,0.0,0.0,0.0,0.0,0.0,0.0,0.0,0.0,0.0,0.0,0.0,0.0,0.0,0.0,0.0,0.0,0.0,0.0,0.0,0.0,0.0,0.0,0.0,0.0,0.17479653059513892,0.0,0.0,0.0,0.0,0.0,0.0,0.0,0.0,0.0,0.0,0.0,0.0,0.1976467703609598,0.0,0.0,0.0,0.0,0.0,0.0,0.0,0.20628221276738296,0.0,0.0,0.2053708552659832,0.0,0.0,0.0,0.18099278020158924,0.0,0.0,0.0,0.0,0.29781394976375686,0.0,0.0,0.19446155563540815,0.0,0.0,0.0,0.0,0.0,0.0,0.0,0.0,0.0,0.0,0.0,0.0,0.0,0.0,0.0,0.0,0.1442416796419364,0.0,0.0,0.0,0.0,0.0,0.0,0.0,0.0,0.0,0.0,0.2140177624981364,0.0,0.0,0.0,0.0,0.0,0.0,0.0,0.0,0.0,0.0,0.3121246735478225,0.2551700139397947,0.0,0.0,0.0,0.09579622619863169,0.0,0.0,0.0,0.0,0.0,0.0,0.347236847777968,0.0,0.0,0.34841016537971237,0.21930857710102022,0.0,0.22621398701240736,0.2654800934922867,0.0,0.19066739212660905
19.0,4.0,0.0,1,1.0,0.0,0.0,0.0,0.0,1.0,0.0,0.0,0.0,0.0,0.0,0.0,0.0,0.0,0.0,0.0,0.0,0.0,0.0,0.0,0.0,1.0,0.0,0.0,0.0,0.0,0.0,0.0,0.0,0.0,0.0,0.0,0.0,0.0,0.0,0.0,0.0,0.0,0.0,0.0,0.0,0.0,0.0,0.0,0.0,0.0,0.0,0.0,0.0,0.0,0.0,0.0,0.0,0.0,0.0,0.0,0.0,0.0,0.0,0.0,0.0,0.0,0.0,0.0,0.7500694345280315,0.0,0.661359088080597,0.0,0.0,0.0,0.0,0.0,0.0,0.0,0.0,0.0,0.1542174884503258,0.0,0.0,0.0,0.11566784730757795,0.0,0.0,0.0,0.1118737494853332,0.0,0.0,0.0,0.0,0.15972349004404002,0.0,0.13852139042571682,0.0,0.0,0.0,0.16187874505607683,0.0,0.0,0.0,0.0,0.0,0.0,0.0,0.0,0.14320294614674198,0.0,0.0,0.1126088490426415,0.13916274943494192,0.0,0.26186927739033555,0.12072828206401605,0.0,0.0,0.0,0.0,0.1262311459246111,0.0,0.16187874505607683,0.0,0.0,0.09486811967763509,0.0,0.0,0.0,0.12980997003504982,0.0,0.0,0.0,0.0,0.0,0.08887273083769018,0.0,0.0,0.11768420255961379,0.14609962263390588,0.0,0.0,0.0,0.0,0.0,0.0,0.14998636030054313,0.0,0.0,0.0,0.09311220711866816,0.0,0.0,0.0,0.4765800711875595,0.27704278085143363,0.0,0.4487445078721282,0.1735908257154811,0.0,0.0,0.06317557123647971,0.0,0.0,0.0,0.0,0.11768420255961379,0.0,0.0,0.0,0.10084848083109826,0.0,0.0,0.0,0.14918330730020515,0.0,0.0,0.1257410849232436
19.0,4.0,0.0,1,0.0,1.0,0.0,1.0,0.0,0.0,0.0,0.0,0.0,1.0,0.0,0.0,0.0,0.0,0.0,0.0,0.0,0.0,0.0,0.0,0.0,0.0,0.0,0.0,0.0,0.0,0.0,0.40719165644566796,0.0,0.5187249621859779,0.0,0.0,0.0,0.0,0.0,0.0,0.0,0.0,0.0,0.0,0.0,0.0,0.0,0.0,0.0,0.0,0.0,0.0,0.0,0.0,0.40377397007278787,0.0,0.0,0.0,0.0,0.46571081478990417,0.0,0.0,0.0,0.0,0.0,0.0,0.0,0.0,0.0,0.4303479831549949,0.0,0.0,0.0,0.0,0.0,0.0,0.0,0.0,0.0,0.14104272344985613,0.0,0.0,0.0,0.2555175908424885,0.0,0.0,0.1295558831519557,0.0,0.2092659100742345,0.0,0.13526850520231226,0.0,0.0,0.0746928606086475,0.0,0.2591117663039114,0.24584656983857184,0.13878906774912222,0.15238367598684222,0.0,0.0,0.0,0.0,0.0,0.0,0.0,0.0,0.0,0.13393443497054836,0.0,0.0,0.10532047681306102,0.13015573154072985,0.14331255824005398,0.1224601680592531,0.22582879302831793,0.0,0.23988595701846419,0.0,0.0,0.2361221980415557,0.12502663944406223,0.0,0.0,0.14507139873605582,0.0,0.0,0.0,0.0,0.0,0.14507139873605582,0.0,0.0,0.3069199756947843,0.08896759374827372,0.0,0.0,0.0,0.0,0.0,0.0,0.0,0.0,0.0,0.0,0.1320051554870615,0.0,0.0,0.0,0.0,0.0,0.0,0.0,0.0,0.0,0.1295558831519557,0.09625851981184831,0.20985022908119014,0.0,0.0,0.13734739324195275,0.11817332904351063,0.2710172902530494,0.11852419159999404,0.0,0.0,0.0,0.0,0.0,0.0,0.0,0.10744888068489694,0.0,0.0,0.0,0.08187344034230357,0.12140829122588384,0.11760275619274695
19.0,5.0,0.0,1,1.0,0.0,1.0,0.0,0.0,0.0,0.0,1.0,0.0,0.0,0.0,0.0,0.0,0.0,0.0,0.0,0.0,0.0,0.0,0.0,0.0,0.0,0.0,0.0,0.0,0.0,1.0,0.0,0.0,0.0,0.0,0.0,0.0,0.0,0.0,0.0,0.0,0.0,0.0,0.0,0.0,0.0,0.0,0.0,0.0,0.0,0.0,0.0,0.0,0.0,0.0,0.0,0.0,0.0,0.0,0.0,0.0,0.0,0.0,0.0,0.0,0.0,0.0,0.0,0.0,0.0,0.0,0.0,0.0,0.0,0.0,0.0,0.0,0.0,0.0,0.0,0.0,0.0,0.0,0.1441182079504312,0.0,0.15741292275792712,0.0,0.0,0.0,0.0,0.0,0.0,0.0,0.0,0.0,0.0,0.0,0.0,0.0,0.0,0.0,0.26599759555006613,0.0,0.1515095309047905,0.0,0.0,0.0,0.0,0.0,0.15741292275792712,0.0,0.0,0.0,0.0,0.3453527388822243,0.07960812220290717,0.0,0.16912697734422705,0.0,0.20823128702427202,0.0,0.0,0.0,0.0,0.0,0.12511190808550746,0.20455959550345607,0.0,0.22388755201289529,0.0,0.0,0.0,0.21921779550393947,0.0,0.250899559094683,0.11720519990968495,0.0,0.0,0.0,0.1926759233809262,0.0,0.0,0.0,0.0,0.20338175043142107,0.0,0.0,0.14999107485929514,0.0,0.0,0.0,0.0,0.0,0.0,0.0,0.0,0.0,0.5178280289190595,0.0,0.0,0.0,0.16663166274710572,0.09553776235637094,0.0,0.0,0.0,0.0,0.0,0.0,0.0,0.0,0.0,0.0,0.0,0.0,0.0,0.0,0.0
19.0,4.0,0.0,1,0.0,0.0,0.0,0.0,0.0,1.0,0.0,0.0,0.0,0.0,0.0,0.0,1.0,0.0,0.0,0.0,0.0,0.0,0.0,0.0,0.0,0.0,0.0,0.0,0.0,0.0,0.0,0.0,0.0,0.0,0.0,0.0,0.0,0.0,0.0,0.0,0.0,0.0,0.0,0.0,0.0,0.0,0.0,0.0,0.0,0.0,0.0,0.0,0.0,0.0,0.0,0.0,0.0,0.0,0.0,1.0,0.0,0.0,0.0,0.0,0.0,0.0,0.0,0.0,0.0,0.0,0.0,0.0,0.0,0.0,0.0,0.0,0.0,0.0,0.0,0.0,0.0,0.0,0.0,0.23586099846772007,0.0,0.0,0.0,0.0,0.0,0.0,0.0,0.22449502039116712,0.0,0.2298228290725361,0.0,0.0,0.18911162906893017,0.0,0.0,0.0,0.0,0.0,0.0,0.0,0.2258300218610822,0.0,0.1234806344269437,0.0,0.0,0.0,0.0,0.0,0.0,0.11023977829997118,0.2825987187002054,0.26057014524321637,0.0,0.18452656936523015,0.0,0.0,0.0,0.19234753999460333,0.0,0.2070703031652234,0.0,0.0,0.0,0.0,0.0,0.0,0.0,0.0,0.23917832851596985,0.0,0.0,0.255754271621391,0.0,0.0,0.0,0.0,0.0,0.0,0.0,0.0,0.0,0.0,0.4316245486128454,0.0,0.0,0.0,0.0,0.20915380853337778,0.0,0.0,0.0,0.0,0.0,0.24213344958253938,0.0,0.0,0.0,0.09090202390292108,0.1042368036683505,0.0,0.0,0.0,0.0,0.0,0.0,0.0,0.0,0.0,0.0,0.0,0.0,0.0,0.18678088330683518,0.0
19.0,4.0,0.0,1,0.0,0.0,1.0,0.0,0.0,0.0,0.0,1.0,0.0,0.0,0.0,0.0,0.0,0.0,0.0,0.0,0.0,0.0,0.0,0.0,0.0,0.0,0.0,0.0,0.46769721584953483,0.0,0.0,0.0,0.0,0.0,0.0,0.0,0.0,0.0,0.0,0.0,0.0,0.0,0.0,0.0,0.0,0.0,0.0,0.0,0.0,0.0,0.4541338694094836,0.0,0.0,0.0,0.0,0.0,0.0,0.0,0.0,0.5569279422291562,0.0,0.0,0.0,0.0,0.0,0.0,0.0,0.0,0.0,0.5146387180402979,0.0,0.0,0.0,0.0,0.0,0.0,0.0,0.0,0.0,0.16278167616023667,0.0,0.0,0.0,0.1769403512995264,0.0,0.0,0.14952436609317776,0.0,0.241520120796533,0.0,0.0,0.0,0.0,0.08620529120313833,0.14069725570113975,0.14952436609317776,0.0,0.0,0.0,0.0,0.0,0.21771807403010948,0.0,0.0,0.0,0.0,0.1852676532036476,0.0,0.0,0.0,0.0,0.0,0.1502166692746417,0.08270068059704402,0.21200247980148276,0.26063584533279416,0.0,0.1384298218853201,0.0,0.0,0.1362578878076925,0.0,0.0,0.0,0.0,0.0,0.16743129224642958,0.0,0.0,0.0,0.0,0.2020854557329034,0.0,0.23615042245653714,0.1026801927816983,0.09593203403918597,0.16743129224642958,0.0,0.0,0.0,0.0,0.322066352166873,0.0,0.0,0.0,0.0,0.0,0.0,0.0,0.0,0.10050825870407072,0.0,0.0,0.0,0.0,0.14952436609317776,0.11109487123060797,0.3632917515726043,0.0,0.0,0.0,0.0,0.0,0.0,0.0,0.0,0.0,0.0,0.24718477044401352,0.0,0.10885903701505474,0.12401000541972054,0.0,0.0,0.0,0.09449261561276887,0.0,0.0
19.0,2.0,0.0,1,0.0,0.0,1.0,0.0,0.0,0.0,0.0,1.0,0.0,0.0,0.0,0.0,0.0,0.0,0.0,0.0,0.0,0.0,0.0,0.0,0.0,0.0,0.0,0.0,0.0,0.0,0.0,0.0,0.0,0.0,0.0,0.0,0.0,0.0,0.0,0.0,0.0,0.0,0.0,0.0,0.0,0.0,0.0,0.0,0.0,0.0,0.0,0.0,0.0,0.0,0.0,0.0,0.0,0.0,0.0,0.0,0.0,0.0,0.0,0.0,0.0,0.0,0.0,0.0,0.0,0.0,0.0,0.0,0.0,0.0,0.0,0.0,0.0,0.0,0.0,0.0,0.0,0.13146955651364797,0.0,0.12463273090554065,0.0,0.27225987225557485,0.0,0.0,0.0,0.1579823082714976,0.1649483618063992,0.0,0.0,0.09108154908345603,0.0,0.0,0.0,0.0,0.0,0.0,0.0,0.1150167186338964,0.0,0.0,0.0,0.0,0.1957474374639131,0.0,0.0,0.0,0.0,0.12842930502558927,0.0,0.08737869791872661,0.0746648455887751,0.13768943998835836,0.0,0.0,0.0,0.18007741236094688,0.0,0.0,0.0,0.0,0.0,0.0,0.0,0.2693790050506549,0.0,0.0,0.0,0.10675827491850602,0.0,0.24950842336776335,0.0,0.0,0.0,0.0,0.0,0.0,0.0,0.0,0.0,0.0,0.0,0.0,0.0,0.0,0.0,0.4496832676232798,0.0,0.0,0.0,0.0,0.0,0.0,0.0,0.3198679864528456,0.0,0.0,0.0,0.0720511289962952,0.08262059594284211,0.14453010484300532,0.0,0.18957849188733672,0.0,0.17794014895096438,0.0,0.0,0.0,0.0,0.3298967236127984,0.0,0.0,0.19967530268362987,0.0,0.0
19.0,5.0,0.0,1,0.0,0.0,0.0,0.0,0.0,1.0,0.0,0.0,0.0,0.0,0.0,0.0,0.0,0.0,0.0,0.0,0.0,0.0,0.0,0.0,0.0,0.0,0.0,0.0,0.0,0.0,0.0,0.0,0.0,0.0,0.0,0.0,0.0,0.0,0.0,0.0,0.0,0.0,0.0,0.0,0.0,0.0,0.0,0.0,0.0,0.0,0.0,0.0,0.0,0.0,0.0,0.0,0.0,0.0,1.0,0.0,0.0,0.0,0.0,0.0,0.0,0.0,0.0,0.0,0.0,0.0,0.0,0.0,0.0,0.0,0.0,0.0,0.0,0.0,0.32078801354973213,0.0,0.0,0.0,0.0,0.10827764614759554,0.0,0.0,0.0,0.0,0.22169530566430098,0.0,0.0,0.0,0.0,0.0,0.25829666700994997,0.0,0.26044868190689935,0.0,0.0,0.0,0.2837790014554981,0.0,0.0,0.0,0.0,0.0,0.0,0.0,0.0,0.2365322326975358,0.0,0.2231520202358683,0.0,0.15182463972890317,0.0,0.11962097238019585,0.0,0.0,0.0,0.0,0.0,0.0,0.0,0.0,0.0,0.0,0.0,0.0,0.0,0.0,0.0,0.0,0.0,0.0,0.0,0.0,0.0,0.0,0.23320962583571522,0.0,0.0,0.0,0.0,0.0,0.0,0.0,0.0,0.0,0.0,0.0,0.0,0.0,0.0,0.0,0.0,0.0,0.0,0.11115716521476107,0.0,0.0,0.0,0.0,0.28711442289690936,0.0,0.0,0.0,0.23320962583571522,0.0,0.22689498108238892,0.0,0.0,0.22766166202870844,0.0,0.2810343287147649,0.0,0.17347266333093692,0.0,0.24917559646352896
19.0,4.0,0.0,1,0.0,0.0,1.0,0.0,0.0,0.0,0.0,1.0,0.0,0.0,0.0,0.0,0.0,0.0,0.0,0.0,0.0,0.0,0.0,0.0,0.0,0.0,0.0,0.0,0.0,0.0,0.0,0.0,0.0,0.0,0.0,0.0,0.0,0.0,0.0,0.0,0.0,0.0,0.0,0.0,0.0,0.0,0.0,0.0,0.0,0.0,0.0,0.0,0.0,0.0,0.0,0.0,0.0,0.0,0.0,0.0,0.0,0.0,0.0,0.0,0.0,0.0,0.0,0.0,0.0,0.0,0.0,0.0,0.0,0.0,0.0,0.0,0.0,0.0,0.0,0.0,0.0,0.0,0.0,0.0,0.0,0.19861105546722477,0.0,0.0,0.18615280525601938,0.0,0.2406566047691797,0.0,0.0,0.0,0.2168861853348874,0.0,0.0,0.0,0.0,0.26935883209548916,0.0,0.33561452438810113,0.0,0.0,0.0,0.0,0.0,0.2728929523991699,0.0,0.0,0.262729609314154,0.18737597731706965,0.0,0.0,0.10893462680217164,0.30132951407295394,0.0,0.0,0.0,0.0,0.0,0.22243527057024126,0.0,0.0,0.0,0.0,0.0,0.0,0.0,0.0,0.0,0.0,0.0,0.0,0.15828251383365816,0.0,0.0,0.0,0.0,0.0,0.0,0.0,0.0,0.0,0.0,0.0,0.0,0.1892467604726433,0.0,0.0,0.15493445637121486,0.0,0.0,0.0,0.0,0.0,0.0,0.2800088806621033,0.0,0.0,0.0,0.10512126270393735,0.2410838384311771,0.0,0.0,0.0,0.0,0.0,0.0,0.26935883209548916,0.0,0.0,0.0,0.0,0.0,0.0,0.0,0.0
19.0,3.0,5.0,0,0.0,1.0,0.0,1.0,0.0,0.0,0.0,0.0,0.0,0.0,0.0,0.0,0.0,0.0,0.0,0.0,0.0,0.0,0.0,0.0,0.0,0.0,1.0,0.0,0.0,0.0,0.0,0.33627034470063444,0.0,0.0,0.0,0.0,0.3334479229822749,0.0,0.0,0.0,0.0,0.0,0.0,0.0,0.0,0.0,0.0,0.0,0.0,0.0,0.0,0.0,0.0,0.0,0.0,0.0,0.46855863438805506,0.0,0.0,0.0,0.0,0.0,0.0,0.0,0.0,0.48226244744940955,0.0,0.0,0.0,0.0,0.0,0.0,0.0,0.3391853211560399,0.0,0.0,0.0,0.4566878515643961,0.0,0.0,0.0,0.0,0.0,0.24069846891918947,0.0,0.10516103422257224,0.0,0.0,0.0,0.0,0.0,0.0,0.0,0.07036093729757552,0.0,0.0,0.0,0.0,0.0,0.0,0.0,0.0,0.0,0.20243444674522032,0.0,0.0,0.1512158424198473,0.0,0.0,0.0,0.0,0.09921225944232488,0.0,0.33750233429659804,0.057678954427875476,0.212731516998735,0.0,0.11298670744972748,0.0,0.0,0.1112139703553151,0.1177755339234093,0.0,0.0,0.27331553529916497,0.0,0.0,0.10404829229620093,0.0,0.0,0.0,0.08247128384537691,0.1464503021180686,0.09637323205663899,0.0838077861020325,0.07829992495419254,0.0,0.0,0.0,0.0,0.0,0.1314356119804352,0.0,0.0,0.13587089828867466,0.4973972822835778,0.0,0.0,0.0,0.0,0.0,0.0,0.0,0.0,0.0,0.0,0.18135172817453377,0.34593939377078264,0.0,0.0,0.0,0.1113196914313063,0.12764962012879405,0.0,0.11165020519307188,0.0,0.0,0.0,0.0,0.0,0.0,0.0,0.12742340747590497,0.12494644100993557,0.0,0.07712506865207239,0.0,0.0
19.0,5.0,1.0,1,1.0,0.0,0.0,0.0,0.0,1.0,0.0,0.0,0.0,0.0,0.0,0.0,0.0,0.0,0.0,0.0,0.0,0.0,0.0,0.0,0.0,1.0,0.0,0.0,0.0,0.0,0.0,0.0,0.0,0.0,0.0,0.0,0.0,0.0,0.0,0.0,0.0,0.0,0.0,0.0,0.0,0.0,0.0,0.0,0.0,0.0,0.0,0.0,0.0,0.0,0.0,0.0,0.0,0.0,0.0,0.0,1.0,0.0,0.0,0.0,0.0,0.0,0.0,0.0,0.0,0.0,0.0,0.0,0.0,0.0,0.0,0.0,0.0,0.0,0.0,0.0,0.0,0.0,0.0,0.06064500641897421,0.0,0.13247885672249535,0.0,0.0,0.12416887246275388,0.0,0.0,0.17316769675059301,0.0,0.1772773841569012,0.0,0.0,0.0,0.0,0.0,0.0,0.0,0.0,0.3019792466768182,0.0,0.0,0.0,0.0,0.0,0.0,0.0,0.0,0.0,0.0,0.0,0.2179868806742974,0.20099480075376597,0.0,0.14233741554974239,0.0,0.0,0.4203125165084912,0.0,0.0,0.0,0.17215753871484002,0.0,0.0,0.0,0.0,0.0,0.0,0.0,0.0,0.0,0.5278932339017238,0.09864000117604477,0.0,0.1774124970838659,0.0,0.0,0.0,0.16557881668352864,0.0,0.0,0.0,0.0,0.0,0.0,0.0,0.0,0.0,0.0,0.0,0.0,0.0,0.0,0.0,0.37354674235022745,0.0,0.0,0.0,0.0,0.0,0.0,0.0,0.0,0.0,0.0,0.0,0.0,0.0,0.0,0.0,0.0,0.0,0.09715995088109734,0.0,0.0
19.0,5.0,9.0,1,0.0,0.0,0.0,0.0,0.0,1.0,0.0,0.0,0.0,0.0,0.0,0.0,1.0,0.0,0.0,0.0,0.0,0.0,0.0,0.0,0.0,0.0,0.0,0.0,0.0,0.0,0.0,0.0,0.0,0.0,0.0,0.0,0.0,0.0,0.0,0.0,0.0,0.0,0.0,0.5644713826502238,0.0,0.0,0.0,0.0,0.0,0.0,0.0,0.0,0.0,0.0,0.0,0.0,0.0,0.0,0.0,0.0,0.0,0.8254526383560383,0.0,0.0,0.0,0.0,0.0,0.0,0.0,0.0,0.0,0.0,0.0,0.0,0.0,0.0,0.0,0.0,0.0,0.0,0.0,0.1425198865570491,0.0,0.06755420471852328,0.14300609109527088,0.0,0.0,0.0,0.13831525339558146,0.0,0.1788126653487165,0.0,0.0,0.09873717069599221,0.0,0.0,0.0,0.0,0.0,0.0,0.0,0.0,0.0,0.0,0.1940435378570659,0.0,0.10610023841638902,0.0,0.17704914579516412,0.14757198220210432,0.0,0.13922409467432495,0.0,0.09472308605214472,0.0,0.22389384912704857,0.0,0.0,0.0,0.0,0.0,0.0,0.40027798737049386,0.0,0.0,0.0,0.0,0.14601047671703601,0.0,0.0,0.0,0.23146312551578796,0.0,0.0,0.0,0.10987791454494857,0.0,0.0,0.0,0.1806304554783586,0.0,0.18444297296323264,0.0,0.0,0.0,0.0,0.37087165713651804,0.14061412393472464,0.0,0.32498681310868033,0.11511939647226077,0.0,0.0,0.0,0.0,0.0,0.0,0.138701461696218,0.0,0.0,0.0,0.07810719837480624,0.17913010849515215,0.15667820514907718,0.0,0.0,0.0,0.0,0.0,0.0,0.1246841483805056,0.0,0.0,0.0,0.0,0.0,0.16049072263395123,0.0
19.0,5.0,3.0,1,0.0,1.0,0.0,1.0,0.0,0.0,0.0,0.0,0.0,0.0,0.0,0.0,0.0,1.0,0.0,0.0,0.0,0.0,0.0,0.0,0.0,0.0,0.0,0.0,0.0,0.0,0.0,0.0,0.0,0.0,0.0,0.0,0.0,0.0,0.0,0.0,0.0,0.0,0.0,0.0,0.0,0.0,0.0,0.0,0.0,0.0,0.0,0.0,0.0,0.0,0.0,0.0,0.0,0.0,0.0,0.0,0.0,0.0,0.0,0.0,0.0,0.0,0.0,0.0,0.0,0.0,0.0,0.0,0.0,0.0,0.0,0.0,0.0,0.0,0.0,0.0,0.0,0.0,0.0,0.2680659244488661,0.0,0.0,0.0,0.0,0.0,0.0,0.0,0.191361009979236,0.0,0.09795123431017586,0.0,0.0,0.0,0.0,0.0,0.0,0.0,0.0,0.0,0.0,0.1924989738822285,0.0,0.0,0.0,0.0,0.0,0.0,0.0,0.0,0.18793820262571462,0.08029632629873255,0.37018613358175545,0.0,0.0,0.39709182118304626,0.0,0.0,0.0,0.0,0.0,0.0,0.0,0.0,0.0,0.0,0.0,0.0,0.0,0.0,0.0,0.0,0.10900329913486775,0.0,0.0,0.0,0.17919265807798418,0.0,0.0,0.0,0.0,0.0,0.0,0.0,0.27898970375114035,0.0,0.16119997795226368,0.0,0.0,0.19728557600386576,0.0,0.0,0.0,0.0,0.2063961213087746,0.0,0.0,0.0,0.23245642250206525,0.0,0.15543106487330202,0.31086212974660404,0.0,0.1443408592730417,0.191361009979236,0.0,0.0,0.12369167707252693,0.0,0.1773893373461848,0.0,0.0,0.0,0.0,0.0
19.0,5.0,0.0,1,0.0,0.0,0.0,0.0,0.0,1.0,0.0,0.0,0.0,0.0,0.0,0.0,0.0,0.0,0.0,0.0,0.0,0.0,0.0,0.0,0.0,0.0,0.0,0.0,0.5944952564855494,0.0,0.0,0.0,0.0,0.0,0.8040991170348223,0.0,0.0,0.0,0.0,0.0,0.0,0.0,0.0,0.0,0.0,0.0,0.0,0.0,0.0,0.0,0.0,0.0,0.0,0.0,0.0,0.0,0.0,0.0,0.0,0.0,0.0,0.0,0.0,0.0,0.0,0.0,0.0,0.0,0.0,0.0,0.0,0.0,0.0,0.0,0.0,0.0,0.0,0.0,0.0,0.0,0.0,0.0,0.148327912169213,0.17471558258798606,0.0,0.0,0.0,0.0,0.3577250324906525,0.0,0.0,0.0,0.0,0.0,0.27785638287495895,0.0,0.0,0.0,0.0,0.0,0.0,0.0,0.0,0.0,0.0,0.0,0.09146909036421387,0.17480377680261774,0.0,0.0,0.0,0.0,0.148327912169213,0.0,0.06977895186442783,0.25735872697316864,0.0,0.0,0.0,0.16829356559861836,0.0,0.0,0.0,0.0,0.16532608618355668,0.0,0.16532608618355668,0.0,0.0,0.0,0.0,0.09977226187135808,0.3543458331862147,0.0,0.0,0.0,0.0,0.0,0.0,0.0,0.0,0.0,0.0,0.0,0.0,0.0,0.1598643585842587,0.0,0.0,0.0,0.2977335386543805,0.1549320563628767,0.0,0.0,0.0,0.0,0.0,0.11957462794522995,0.0,0.0,0.0,0.13467254160547024,0.3088563857244562,0.0,0.0,0.0,0.12543480300471369,0.0,0.24407677987422993,0.0,0.0,0.0,0.1541545249018144,0.0,0.0,0.09330450779483519,0.0,0.13402230608612448
19.0,5.0,1.0,1,0.0,1.0,0.0,1.0,0.0,0.0,0.0,0.0,0.0,0.0,0.0,0.0,0.0,0.0,1.0,0.0,0.0,0.0,0.0,0.0,0.0,0.0,0.0,0.0,0.0,0.0,0.0,0.0,0.0,0.0,0.0,0.0,0.0,0.0,0.0,0.0,0.0,0.0,0.0,0.0,0.0,0.0,0.0,0.0,0.0,0.0,0.0,0.0,0.0,0.0,0.0,0.0,0.0,0.0,0.0,0.0,0.0,0.0,0.0,0.0,0.0,0.0,0.0,0.0,0.0,0.0,0.0,0.0,0.0,0.0,0.0,0.0,0.0,0.0,0.0,0.0,0.0,0.1451759847855384,0.17526056042424623,0.20643957345187228,0.14567125056457259,0.0,0.17445283752536458,0.0,0.0,0.0,0.0,0.0,0.0,0.0,0.0,0.0,0.0,0.0,0.0,0.0,0.18034875495050706,0.0,0.0,0.0,0.0,0.0,0.0,0.0,0.18034875495050706,0.0,0.0,0.283637540535503,0.0,0.09648841036679345,0.08244906862590143,0.0,0.0,0.0,0.0,0.0,0.0,0.0,0.0,0.0,0.0,0.0,0.0,0.0,0.0,0.0,0.0,0.11788841543472019,0.0,0.0,0.0,0.0,0.0,0.0,0.0,0.0,0.0,0.0,0.21079315497689066,0.0,0.0,0.17775089314689455,0.0,0.28646941013116767,0.0,0.0,0.23452968079773817,0.18306385243838594,0.0,0.0,0.0,0.0,0.0,0.14128639714347382,0.0,0.6077243908143768,0.18494445713181065,0.0,0.09123424994839013,0.0,0.0,0.0,0.0,0.0,0.0,0.0,0.0,0.0,0.0,0.0,0.0,0.0,0.0,0.0
19.0,5.0,10.0,1,0.0,0.0,1.0,0.0,0.0,0.0,0.0,1.0,0.0,0.0,0.0,0.0,0.0,0.0,0.0,0.0,0.0,0.0,0.0,0.0,0.0,0.0,0.0,0.0,0.0,0.0,0.0,0.0,0.0,0.0,0.0,0.0,0.0,0.0,0.0,0.0,0.0,0.0,0.0,0.0,0.0,0.0,0.0,0.0,0.0,0.0,0.0,0.0,0.0,0.0,0.0,0.0,0.0,0.0,0.0,0.0,0.0,0.0,0.0,0.0,0.0,0.0,0.0,0.0,0.0,0.0,0.0,0.0,0.0,0.0,0.0,0.0,0.0,0.0,0.0,0.0,0.0,0.0,0.0,0.07365915762055744,0.0,0.0,0.0,0.21684053083596141,0.0,0.0,0.0,0.0,0.0,0.0,0.0,0.0,0.0,0.0,0.0,0.0,0.0,0.5438080058295087,0.0,0.0,0.0,0.18258110602207703,0.11568864170121138,0.2210890194929553,0.0,0.16090823573003074,0.0,0.0,0.0,0.0,0.26476590491015256,0.16275159966566854,0.0,0.17288239784901646,0.0,0.0,0.0,0.0,0.0,0.0,0.0,0.0,0.20910178807065108,0.0,0.0,0.1749944579229116,0.0,0.0,0.0,0.0,0.12823535924510032,0.0,0.0,0.0,0.31729586298262236,0.0,0.0,0.0,0.0,0.1682079699419558,0.2078977892554082,0.0,0.0,0.0,0.0,0.0,0.0,0.0,0.0,0.0,0.0,0.18673816519433115,0.0,0.22685411378580056,0.0,0.0,0.0,0.0851658377204232,0.09765915349910137,0.0,0.0,0.0,0.0,0.0,0.15435220259664112,0.0,0.0,0.0,0.0,0.0,0.0,0.11801004829504347,0.0,0.0
19.0,4.0,1.0,1,0.0,0.0,0.0,0.0,0.0,0.0,0.0,0.0,0.0,0.0,0.0,0.0,0.0,0.0,0.0,0.0,0.0,1.0,0.0,0.0,0.0,0.0,0.0,0.0,0.0,0.0,0.0,0.0,0.0,0.0,0.0,0.0,0.0,0.0,0.0,0.8094531597959088,0.0,0.0,0.0,0.5871844532141657,0.0,0.0,0.0,0.0,0.0,0.0,0.0,0.0,0.0,0.0,0.0,0.0,0.0,0.0,0.0,0.0,0.0,0.0,0.0,0.0,0.0,0.0,0.0,0.0,0.0,0.0,0.0,0.0,0.0,0.0,0.0,0.0,0.0,0.0,0.0,0.0,0.0,0.0,0.0,0.0831552240547872,0.0,0.36330473566689053,0.0,0.24479539962578933,0.0,0.0,0.0,0.0,0.0,0.0,0.0,0.0,0.0,0.0,0.0,0.0,0.21793700997073023,0.0,0.0,0.0,0.0,0.0,0.0,0.0,0.0,0.0,0.0,0.0,0.0,0.23319701494960227,0.0,0.0,0.0,0.0,0.0,0.0,0.0,0.0,0.0,0.2190143037635803,0.0,0.14437743705986994,0.0,0.0,0.0,0.0,0.0,0.0,0.0,0.0,0.0,0.0,0.0,0.0,0.0,0.0,0.0,0.22703837319963557,0.0,0.0,0.0,0.0,0.0,0.17308765649421512,0.0,0.0,0.0,0.0,0.0,0.0,0.0,0.0,0.0,0.256099923878897,0.26418356977108054,0.0,0.44698109514565726,0.0961453340796683,0.0,0.0,0.0,0.0,0.0,0.0,0.0,0.0,0.0,0.0,0.22010779806914207,0.0,0.0,0.0,0.3951091439814275,0.0
19.0,4.0,1.0,1,0.0,0.0,0.0,0.0,0.0,0.0,0.0,0.0,0.0,0.0,0.0,0.0,0.0,0.0,0.0,0.0,0.0,0.0,0.0,1.0,0.0,0.0,0.0,0.0,0.0,0.0,0.0,0.0,0.0,0.0,0.0,0.0,0.0,0.0,0.0,0.0,0.0,0.0,0.0,0.0,0.0,0.0,0.0,0.0,0.0,0.0,0.0,0.0,0.0,0.0,0.0,0.0,0.0,0.0,0.0,0.0,0.0,0.0,0.0,0.0,0.0,0.0,0.0,0.0,0.0,0.0,0.0,0.0,0.0,0.0,0.0,0.0,0.0,0.0,0.0,0.0,0.13449720597250323,0.0,0.0,0.0953059763620885,0.0,0.10409782711574007,0.0,0.1402826150460018,0.0,0.0,0.0,0.0,0.0,0.06964956878421702,0.11367635387502001,0.0,0.0,0.12941797438095046,0.0,0.0,0.12489112834937338,0.17590532740031292,0.0,0.0,0.0,0.0,0.0,0.0,0.0,0.10409782711574007,0.0,0.19641839218375212,0.1213675644865665,0.13363603698459944,0.11419160852948043,0.4211614851891626,0.0,0.0,0.0,0.0,0.2201791327841024,0.23316958147966677,0.0,0.0,0.0,0.0,0.0,0.20599267063528093,0.0,0.0,0.1352761198667988,0.0,0.0,0.0,0.0,0.07750829108247227,0.0,0.0,0.10263554795517571,0.0,0.0,0.0,0.0,0.0,0.0,0.12309211458829726,0.0,0.0991897279209921,0.3075500854830733,0.11462345555388335,0.24361695599966382,0.0,0.0,0.14303112841893412,0.0,0.0,0.0,0.14676079325727986,0.0,0.0,0.2561472846263107,0.055097109299379284,0.1895385708089331,0.0,0.0,0.0,0.20527109591035142,0.0,0.0,0.0,0.0,0.0,0.12613512162547852,0.0,0.0,0.0,0.0,0.10966217105509986
19.0,5.0,1.0,1,0.0,0.0,1.0,0.0,0.0,0.0,0.0,1.0,0.0,0.0,0.0,0.0,0.0,0.0,0.0,0.0,0.0,0.0,0.0,0.0,0.0,0.0,0.0,0.0,0.0,0.0,0.0,0.0,0.0,0.0,0.0,0.0,0.0,0.0,0.0,0.0,0.0,0.0,0.0,0.0,0.0,0.0,0.0,0.0,0.0,0.0,0.0,0.0,0.0,0.0,0.0,0.0,0.0,0.0,0.0,0.0,0.0,0.0,0.0,0.0,0.0,0.0,0.0,0.0,0.0,0.0,0.0,0.0,0.0,0.0,0.0,0.0,0.0,0.0,0.0,0.0,0.13691306832554084,0.0,0.0,0.04850893949485717,0.0,0.0,0.0,0.14280239592936522,0.09932063127881595,0.0,0.0,0.0,0.13105284478879528,0.0,0.23143645687733994,0.0,0.0,0.13174260268718638,0.0,0.0,0.25426888930982605,0.626727393871534,0.0,0.0,0.0,0.0,0.0,0.0,0.0,0.0,0.0,0.0,0.0,0.0,0.23248547637482475,0.16077242306127906,0.0,0.0,0.0,0.0,0.11206701445118163,0.0,0.0,0.0,0.0,0.08422316743618452,0.0,0.0,0.0,0.0,0.0,0.08310386302169862,0.14757361931608387,0.0,0.0,0.0,0.0,0.0,0.2089582112611192,0.0,0.0,0.0,0.0,0.11077495996492144,0.0,0.12530311669380165,0.0,0.0,0.0,0.0,0.08266428213351698,0.0,0.0,0.0,0.0,0.0,0.27411412447308975,0.2489948938524476,0.0,0.0,0.0,0.056086773219570916,0.0,0.0,0.0,0.0,0.2089582112611192,0.0,0.0,0.0,0.0,0.0,0.0,0.0,0.0,0.0,0.0,0.11163194216438632
19.0,4.0,0.0,1,0.0,0.0,0.0,0.0,0.0,1.0,0.0,0.0,0.0,0.0,0.0,0.0,1.0,0.0,0.0,0.0,0.0,0.0,0.0,0.0,0.0,0.0,0.0,0.0,0.0,0.0,0.0,0.0,0.0,0.0,0.0,0.0,0.0,0.0,0.0,0.0,0.0,0.0,0.0,0.0,0.0,0.0,0.0,0.0,0.0,0.0,0.5293732183260886,0.0,0.0,0.0,0.0,0.0,0.0,0.0,0.0,0.0,0.0,0.0,0.0,0.0,0.0,0.0,0.0,0.0,0.0,0.0,0.6260658993790641,0.0,0.0,0.5725429986942141,0.0,0.0,0.0,0.0,0.0,0.0,0.0,0.0,0.0,0.13093819402440526,0.0,0.0,0.0,0.3854606598301643,0.0,0.0,0.0,0.0,0.0,0.0,0.0,0.0,0.0,0.0,0.0,0.0,0.0,0.0,0.0,0.0,0.0,0.0,0.0,0.0,0.0,0.2860341398238224,0.0,0.0,0.0,0.0,0.15688463162882796,0.0,0.0,0.0,0.0,0.0,0.0,0.0,0.0,0.0,0.0,0.2273401470728559,0.0,0.0,0.0,0.0,0.0,0.0,0.0,0.0,0.0,0.21297291195463572,0.0,0.0,0.28201617159659625,0.0,0.0,0.357500023587367,0.0,0.0,0.0,0.0,0.0,0.0,0.0,0.0,0.0,0.0,0.0,0.0,0.0,0.0,0.0,0.26884068843265047,0.0,0.0,0.0,0.15139273029882627,0.34720226519548786,0.3036844458562652,0.0,0.0,0.0,0.0,0.0,0.0,0.0,0.0,0.0,0.3398497175549242,0.0,0.0,0.0,0.0
19.0,5.0,0.0,1,0.0,0.0,0.0,0.0,0.0,0.0,0.0,0.0,0.0,0.0,0.0,1.0,0.0,0.0,0.0,0.0,0.0,0.0,0.0,0.0,0.0,0.0,0.0,0.0,0.0,0.0,0.0,0.0,0.0,0.0,0.0,0.0,0.0,0.0,0.0,0.0,0.0,0.0,0.0,0.0,0.0,0.0,0.0,1.0,0.0,0.0,0.0,0.0,0.0,0.0,0.0,0.0,0.0,0.0,0.0,0.0,0.0,0.0,0.0,0.0,0.0,0.0,0.0,0.0,0.0,0.0,0.0,0.0,0.0,0.0,0.0,0.0,0.0,0.0,0.0,0.0,0.0,0.0,0.0,0.1065416616467833,0.3383084731968659,0.0,0.0,0.0,0.0,0.0,0.0,0.0,0.0,0.15572120604609266,0.0,0.0,0.0,0.0,0.0,0.0,0.0,0.0,0.0,0.22401162778089828,0.0,0.0,0.25100056500781487,0.0,0.0,0.0,0.0,0.0,0.0,0.07469523937374944,0.0,0.0,0.0,0.12502978944721127,0.0,0.15393826805038224,0.0,0.0,0.0,0.14030476204364128,0.0,0.0,0.0,0.3454159264865084,0.0,0.1265572464331422,0.0,0.09126177306491236,0.0,0.0,0.0,0.08664579534819207,0.0,0.0,0.0,0.0,0.0,0.0,0.16318276059779968,0.24329841935154792,0.0,0.0,0.0,0.0,0.0,0.0,0.0,0.0,0.156820626341145,0.0,0.0,0.0,0.10034086708668197,0.273437535522877,0.0,0.31364125268229,0.28634465929729935,0.0,0.07062779988885373,0.12355083143952064,0.0,0.0,0.0,0.0,0.11162861940534524,0.15782245558502223,0.0983214620379557,0.11200581389044914,0.0,0.0,0.0,0.2560371386774202,0.0,0.0
19.0,3.0,2.0,0,0.0,1.0,0.0,1.0,0.0,0.0,0.0,0.0,0.0,0.0,0.0,0.0,0.0,0.0,0.0,0.0,0.0,0.0,0.0,0.0,0.0,0.0,1.0,0.0,0.0,0.0,0.0,0.0,0.0,0.0,0.0,0.0,0.0,0.0,0.0,0.0,0.0,0.0,0.0,0.0,0.738020335256289,0.0,0.0,0.0,0.0,0.0,0.0,0.0,0.0,0.0,0.0,0.0,0.0,0.0,0.0,0.6747784708689177,0.0,0.0,0.0,0.0,0.0,0.0,0.0,0.0,0.0,0.0,0.0,0.0,0.0,0.0,0.0,0.0,0.0,0.0,0.0,0.0,0.0,0.12116715376653994,0.0,0.11486608512600976,0.0,0.0,0.1456022758906796,0.0,0.23518494129213063,0.0,0.0,0.0,0.0,0.08394408831784646,0.0,0.0,0.0,0.0,0.0,0.0,0.0,0.0,0.0,0.120757168173346,0.0,0.0,0.09020400039203721,0.0,0.0,0.0,0.0,0.0,0.0,0.16106281039351192,0.0,0.38069887788888074,0.0,0.26959749296089663,0.0,0.0,0.0,0.1405120540042729,0.0,0.0,0.0,0.09971755331130877,0.0,0.0,0.0,0.0,0.0,0.19678466492063215,0.0,0.11497804625632206,0.0,0.09341569439072797,0.0,0.0,0.0,0.15356788938437382,0.0,0.0,0.0,0.0,0.0,0.0,0.0,0.0,0.0,0.1381481844650318,0.0,0.0,0.0,0.0,0.0,0.0,0.3245424109849453,0.35376244837794374,0.0,0.0,0.0,0.06640495684064023,0.2284384929491325,0.2664084659871595,0.2664084659871595,0.0,0.1236999403225622,0.0,0.0,0.0,0.2120072327313198,0.0,0.0,0.0,0.0,0.0,0.0,0.0
19.0,4.0,11.0,1,0.0,0.0,0.0,0.0,0.0,1.0,0.0,0.0,0.0,0.0,0.0,0.0,1.0,0.0,0.0,0.0,0.0,0.0,0.0,0.0,0.0,0.0,0.0,0.0,0.0,0.0,0.0,0.0,0.6841890104950538,0.0,0.0,0.0,0.511278960827726,0.0,0.0,0.0,0.0,0.0,0.0,0.0,0.0,0.0,0.0,0.0,0.0,0.0,0.0,0.0,0.0,0.0,0.0,0.0,0.0,0.0,0.0,0.0,0.0,0.0,0.0,0.0,0.0,0.0,0.0,0.0,0.0,0.0,0.0,0.0,0.0,0.5200761695489612,0.0,0.0,0.0,0.0,0.0,0.0,0.0,0.14359053547599887,0.0,0.13612338128412907,0.0,0.0,0.0,0.0,0.1393543159439716,0.0,0.0,0.0,0.0,0.1989578234185226,0.0,0.0,0.0,0.0,0.0,0.0,0.0,0.0,0.0,0.28620935462402997,0.0,0.0,0.1068972928366881,0.0,0.0,0.0,0.0,0.0,0.0,0.0,0.08154865235444843,0.22557580182374412,0.0,0.0,0.0,0.0,0.0,0.0,0.0,0.0,0.0,0.11817143863852411,0.19321183776876716,0.1471073479174622,0.0,0.16169637345813093,0.0,0.0,0.0,0.0,0.0,0.2214066958322996,0.0,0.0,0.14659204344676774,0.0,0.0,0.0,0.0,0.0,0.0,0.0,0.18682887394730996,0.14167045623624888,0.0,0.0,0.0,0.0,0.0,0.0,0.0,0.17254765926044435,0.0,0.5589737021939447,0.0,0.0,0.0,0.07869396131380639,0.18047578355597896,0.15785521528442203,0.15785521528442203,0.0,0.0,0.0,0.0,0.0,0.25124162057425076,0.0,0.18015595568857723,0.0,0.0,0.0,0.0,0.0
19.0,1.0,2.0,0,0.0,1.0,0.0,1.0,0.0,0.0,0.0,0.0,0.0,0.0,0.0,0.0,0.0,0.0,0.0,1.0,0.0,0.0,0.0,0.0,0.0,0.0,0.0,0.0,0.0,0.0,0.0,0.0,0.0,0.0,0.0,0.0,0.0,0.0,0.0,0.0,0.0,0.0,0.0,0.0,1.0,0.0,0.0,0.0,0.0,0.0,0.0,0.0,0.0,0.0,0.0,0.0,0.0,0.0,0.0,0.0,0.0,0.0,0.0,0.0,0.0,0.0,0.0,0.0,0.0,0.0,0.0,0.0,0.0,0.0,0.0,0.0,0.0,0.0,0.0,0.0,0.27265113461321333,0.0,0.0,0.0,0.0,0.0,0.24490098138212682,0.0,0.0,0.0,0.25569961678455455,0.0,0.0,0.1411927765861557,0.0,0.0,0.0,0.0,0.0,0.0,0.0,0.17829659268166967,0.24051171847142674,0.0,0.0,0.0,0.0,0.0,0.0,0.0,0.0,0.0,0.0,0.0,0.23148786923674752,0.10672169354923926,0.0,0.0,0.0,0.0,0.22317225825498524,0.0,0.0,0.0,0.0,0.0,0.27423013958591963,0.0,0.0,0.0,0.0,0.0,0.0,0.0,0.3363529388256839,0.0,0.0,0.0,0.0,0.0,0.0,0.2637508781233603,0.0,0.0,0.0,0.0,0.0,0.0,0.0,0.0,0.0,0.0,0.0,0.0,0.0,0.0,0.0,0.29751173274568393,0.0,0.0,0.0,0.22338440796242506,0.25615355605522183,0.0,0.0,0.0,0.0,0.0,0.20242785321935788,0.0,0.17829659268166967,0.20311185943812607,0.0,0.0,0.0,0.0,0.0,0.0
20.0,5.0,1.0,1,1.0,0.0,1.0,0.0,0.0,0.0,0.0,1.0,0.0,0.0,0.0,0.0,0.0,0.0,0.0,0.0,0.0,0.0,0.0,0.0,0.0,0.0,0.0,0.0,0.0,0.0,0.0,0.0,0.0,0.0,0.0,0.0,0.0,0.6564633323949076,0.0,0.0,0.0,0.0,0.0,0.0,0.0,0.0,0.0,0.0,0.0,0.0,0.0,0.0,0.0,0.0,0.0,0.0,0.0,0.0,0.0,0.0,0.0,0.0,0.0,0.0,0.0,0.0,0.0,0.0,0.0,0.7543579344190482,0.0,0.0,0.0,0.0,0.0,0.0,0.0,0.0,0.0,0.0,0.0,0.0,0.0,0.09215139382168146,0.0,0.0,0.0,0.0,0.0,0.0,0.0,0.0,0.0,0.0,0.0,0.0,0.22165894725883353,0.0,0.0,0.0,0.0,0.510248833893049,0.0,0.1937550382939492,0.2646968097711286,0.0,0.0,0.0,0.0,0.20130447698429438,0.0,0.0,0.0,0.0,0.441647682145453,0.1018053100278325,0.0,0.0,0.0,0.0,0.0,0.0,0.0,0.0,0.0,0.0,0.0,0.0,0.0,0.0,0.0,0.0,0.0,0.0,0.16042902842486526,0.0,0.0,0.0,0.0,0.0,0.0,0.0,0.0,0.0,0.2600908247012759,0.0,0.0,0.0,0.0,0.0,0.0,0.0,0.0,0.0,0.0,0.0,0.0,0.473010269074575,0.0,0.0,0.0,0.10654684231330121,0.0,0.0,0.0,0.0,0.0,0.0,0.0,0.0,0.0,0.0,0.0,0.0,0.0,0.0,0.0,0.0
20.0,4.0,0.0,1,1.0,0.0,0.0,0.0,0.0,1.0,0.0,0.0,0.0,0.0,0.0,0.0,0.0,0.0,0.0,0.0,0.0,0.0,0.0,0.0,0.0,0.0,0.0,0.0,0.0,0.0,0.0,0.0,0.0,0.0,0.0,0.0,0.0,0.0,0.0,0.0,0.0,0.0,0.0,0.0,0.0,0.0,0.0,0.0,0.0,0.0,0.0,0.0,0.0,0.0,0.0,0.0,0.0,0.0,0.0,0.0,0.0,0.0,0.0,0.0,0.0,0.0,0.0,0.0,0.0,0.0,0.0,0.0,0.0,0.0,0.0,0.0,0.0,0.0,0.0,0.0,0.0,0.0,0.0,0.18809420820340253,0.0,0.0,0.0,0.0,0.0,0.0,0.0,0.0,0.0,0.0,0.2243496639952278,0.0,0.0,0.5108341018613467,0.0,0.0,0.24648294676984647,0.1735818389311609,0.0,0.0,0.0,0.23311730461970068,0.0,0.0,0.0,0.0,0.0,0.0,0.0,0.0,0.0,0.20779923543686737,0.0,0.0,0.0,0.0,0.0,0.0,0.2786279973593567,0.0,0.0,0.0,0.0,0.0,0.0,0.0,0.0,0.0,0.0,0.0,0.0,0.0,0.0,0.0,0.20255972251736426,0.0,0.0,0.0,0.0,0.0,0.0,0.0,0.2581586556486001,0.0,0.0,0.0,0.320532109267303,0.0,0.0,0.28228373366835785,0.0,0.0,0.0,0.09654817832253723,0.0,0.0,0.0,0.0,0.0,0.0,0.0,0.0,0.20255972251736426,0.0,0.0,0.0,0.0,0.0,0.0,0.0,0.0,0.0,0.0,0.21642734298329042
20.0,5.0,2.0,1,0.0,0.0,0.0,0.0,0.0,1.0,0.0,0.0,1.0,0.0,0.0,0.0,0.0,0.0,0.0,0.0,0.0,0.0,0.0,0.0,0.0,0.0,0.0,0.0,0.0,0.0,0.0,0.0,0.0,0.0,0.0,0.0,0.0,0.0,0.0,0.0,0.0,0.0,0.0,0.0,0.0,0.0,0.0,0.0,0.0,0.0,0.0,0.0,0.0,0.0,0.0,0.0,0.0,0.0,0.0,0.0,0.0,0.0,0.0,0.0,0.0,0.0,0.0,0.0,0.0,0.0,0.0,0.0,0.0,0.0,0.0,0.0,0.0,0.0,0.0,0.0,0.2766092058934292,0.0,0.0,0.19600786683854843,0.0,0.0,0.0,0.0,0.20066018008992598,0.0,0.0,0.0,0.0,0.14324246940981622,0.0,0.0,0.0,0.0,0.0,0.0,0.0,0.0,0.0,0.0,0.0,0.0,0.15392440403754357,0.0,0.25685318580459693,0.0,0.0,0.0,0.0,0.2748381113330499,0.0,0.3248129109691923,0.0,0.2300210259726191,0.0,0.0,0.0,0.0,0.0,0.0,0.0,0.17015836214377159,0.0,0.0,0.0,0.0,0.0,0.0,0.0,0.3923978353618069,0.0,0.0,0.0,0.0,0.0,0.0,0.0,0.0,0.0,0.22380167272211549,0.0,0.0,0.0,0.0,0.0,0.0,0.0,0.26072003500864677,0.0,0.2941602136931448,0.0,0.0,0.0,0.10061023495037087,0.0,0.0,0.0,0.22662727511886804,0.0,0.2273001428950462,0.0,0.0,0.0,0.0,0.0,0.0,0.0,0.0,0.0,0.0,0.0,0.0,0.0,0.0
20.0,5.0,1.0,1,1.0,0.0,1.0,0.0,0.0,0.0,0.0,1.0,0.0,0.0,0.0,0.0,0.0,0.0,0.0,0.0,0.0,0.0,0.0,0.0,0.0,0.0,0.0,0.0,0.0,0.0,0.0,0.0,0.0,0.0,0.0,0.0,0.0,0.5508727778062668,0.0,0.0,0.0,0.0,0.0,0.0,0.0,0.0,0.0,0.0,0.0,0.0,0.0,0.0,0.0,0.0,0.0,0.0,0.0,0.0,0.0,0.0,0.0,0.0,0.0,0.0,0.0,0.0,0.8345892299041533,0.0,0.0,0.0,0.0,0.0,0.0,0.0,0.0,0.0,0.0,0.0,0.0,0.0,0.33692206235715066,0.0,0.0,0.11937306012677117,0.0,0.0,0.0,0.0,0.0,0.30263047992670106,0.0,0.0,0.0,0.0,0.0,0.0,0.0,0.0,0.0,0.0,0.0,0.2203257133067869,0.0,0.0,0.0,0.0,0.0,0.0,0.0,0.0,0.0,0.0,0.0,0.0,0.42908332524207093,0.5275150333024134,0.0,0.0,0.0,0.0,0.0,0.0,0.0,0.0,0.0,0.0,0.0,0.0,0.0,0.0,0.0,0.0,0.0,0.0,0.0,0.0,0.0,0.0,0.0,0.0,0.0,0.325923785103242,0.0,0.0,0.0,0.0,0.0,0.0,0.0,0.0,0.2034241198471649,0.0,0.0,0.0,0.0,0.0,0.0,0.12254764892668263,0.0,0.0,0.0,0.13802094668687276,0.15826778881495412,0.0,0.0,0.0,0.0,0.0,0.0,0.0,0.0,0.2509905805753163,0.0,0.0,0.0,0.0,0.0,0.0
20.0,3.0,2.0,0,1.0,0.0,1.0,0.0,0.0,0.0,0.0,1.0,0.0,0.0,0.0,0.0,0.0,0.0,0.0,0.0,0.0,0.0,0.0,0.0,0.0,0.0,0.0,0.0,0.0,0.0,0.0,0.0,0.0,0.0,0.0,0.0,0.0,0.0,0.0,0.0,0.0,0.0,0.0,0.0,0.0,0.0,0.0,0.0,0.0,0.0,0.0,0.0,0.0,0.0,0.0,0.0,0.0,0.0,0.0,0.0,0.0,0.0,0.0,0.0,0.0,0.0,0.0,0.0,0.0,0.0,0.0,0.0,0.0,0.0,0.0,0.0,0.0,0.0,0.0,0.12804760701827392,0.13094674406393197,0.0,0.0,0.04639504294610024,0.0,0.20269969812938787,0.11761911856902646,0.0,0.0,0.0,0.12280540230955593,0.0,0.0,0.06781095705151433,0.0,0.11761911856902646,0.0,0.0,0.0,0.13745195056186124,0.0,0.17126177246596544,0.0,0.0,0.0,0.11500074842936603,0.0,0.0,0.0,0.0,0.0,0.09561666632685703,0.0,0.19516246236726342,0.0,0.2562772810589353,0.0,0.0,0.0,0.0,0.0,0.0,0.0,0.0,0.13170509616222772,0.0,0.0,0.10027743448528804,0.0,0.1102222134074084,0.13170509616222772,0.0,0.0,0.27864158797101,0.24231141890188768,0.30184889810377785,0.13170509616222772,0.0,0.0,0.24810765737559518,0.0,0.0,0.0,0.0,0.0,0.0,0.0,0.0,0.0,0.0,0.0,0.0,0.0,0.0,0.0,0.0,0.0,0.5239175214026512,0.0,0.0,0.0,0.0,0.0,0.0,0.0,0.14114273528092758,0.0,0.0,0.0,0.0,0.17126177246596544,0.0,0.0,0.120418204624404,0.0,0.0,0.0,0.0
20.0,3.0,0.0,1,0.0,0.0,0.0,0.0,0.0,0.0,1.0,0.0,0.0,0.0,0.0,0.0,0.0,0.0,0.0,0.0,0.0,0.0,0.0,0.0,0.0,0.0,0.0,1.0,0.0,0.0,0.0,0.0,0.0,0.0,0.0,0.0,0.0,0.0,0.0,0.0,0.0,0.0,0.0,0.0,0.0,0.0,0.0,0.0,0.0,0.7314217020849502,0.0,0.0,0.0,0.0,0.0,0.0,0.0,0.0,0.0,0.0,0.0,0.0,0.0,0.0,0.0,0.0,0.0,0.6819254312013553,0.0,0.0,0.0,0.0,0.0,0.0,0.0,0.0,0.0,0.0,0.0,0.0,0.0,0.0,0.0,0.05544911385268193,0.0,0.0,0.1405726879995106,0.0,0.0,0.1405726879995106,0.0,0.0,0.0,0.0,0.0,0.0,0.0,0.0,0.0,0.0,0.0,0.0,0.0,0.0,0.0,0.0,0.0,0.0,0.0,0.0,0.0,0.0,0.0,0.07774958205588324,0.13287358766077895,0.24503217986976134,0.0,0.0,0.0,0.0,0.3843013292895747,0.0,0.0,0.0,0.15740756788525917,0.0,0.0,0.11984674500871356,0.0,0.0,0.15740756788525917,0.0,0.0,0.11100632132507679,0.09653296703920852,0.090188804958687,0.0,0.0,0.0,0.14826314265431625,0.0,0.0,0.0,0.0,0.0,0.14323023459185508,0.0,0.11541736890899651,0.0,0.0,0.0,0.0,0.0,0.0,0.3224250129549943,0.0,0.0,0.569237190576989,0.0,0.0,0.0,0.06411110830842327,0.14703164402241048,0.0,0.0,0.0,0.0,0.0,0.0,0.16427593061681797,0.20468379630793387,0.11658581310968935,0.0,0.0,0.1513924921443289,0.0,0.13173226431587381,0.0
20.0,3.0,0.0,1,1.0,0.0,0.0,0.0,0.0,0.0,1.0,0.0,0.0,0.0,0.0,0.0,0.0,0.0,0.0,0.0,0.0,0.0,0.0,0.0,0.0,0.0,0.0,1.0,0.0,0.0,0.0,0.0,0.0,0.0,0.0,0.0,0.0,0.0,0.0,0.0,0.0,0.0,0.0,0.0,0.0,0.0,0.0,0.0,0.0,0.0,0.0,0.0,0.0,0.0,0.0,0.0,0.0,0.0,0.0,0.0,0.0,0.0,0.0,0.0,0.0,0.0,0.0,0.0,0.0,0.0,0.0,0.0,0.0,0.0,0.0,0.0,0.0,0.0,0.0,0.0,0.0,0.0,0.0,0.0,0.0,0.56150742895765,0.21721462660755628,0.0,0.0,0.0,0.0,0.0,0.0,0.0,0.0,0.0,0.0,0.0,0.2554879213145877,0.0,0.22455574825497632,0.0,0.0,0.3602996317812131,0.0,0.0,0.0,0.0,0.0,0.0,0.0,0.0,0.21822033812461564,0.0,0.0,0.18931335174237784,0.0,0.0,0.0,0.0,0.0,0.0,0.0,0.0,0.0,0.0,0.0,0.0,0.0,0.0,0.0,0.0,0.0,0.0,0.0,0.0,0.2432280876888345,0.0,0.0,0.0,0.0,0.0,0.0,0.0,0.0,0.0,0.0,0.17834432170551887,0.0,0.0,0.0,0.0,0.0,0.0,0.0,0.0,0.0,0.08795922277785959,0.0,0.0,0.0,0.0,0.11359754199170688,0.0,0.0,0.0,0.0,0.0,0.0,0.0,0.0,0.0,0.0,0.0,0.0,0.0,0.20355429644797043,0.39434780039228795
20.0,5.0,6.0,1,0.0,1.0,0.0,1.0,0.0,0.0,0.0,0.0,0.0,0.0,0.0,0.0,0.0,0.0,1.0,0.0,0.0,0.0,0.0,0.0,0.0,0.0,0.0,0.0,0.0,0.0,0.0,0.0,0.0,0.0,0.0,0.0,0.0,0.0,0.0,0.0,0.0,0.0,0.0,0.0,0.0,0.0,0.0,0.0,0.0,0.0,0.0,0.0,0.0,0.0,0.0,0.0,0.0,0.0,0.0,0.0,0.0,0.0,0.0,0.0,0.0,0.0,0.0,0.0,0.0,1.0,0.0,0.0,0.0,0.0,0.0,0.0,0.0,0.0,0.0,0.18773751069164735,0.0,0.0,0.0,0.20406683281218754,0.14399695871021143,0.0,0.0,0.0,0.0,0.0,0.0,0.0,0.0,0.0994213056449598,0.0,0.0,0.0,0.0,0.0,0.0,0.17827589259649057,0.0,0.0,0.0,0.0,0.0,0.0,0.0,0.0,0.0,0.0,0.0,0.0,0.0,0.08150142931158924,0.0,0.0,0.0,0.0,0.0,0.15714739688475243,0.0,0.0,0.3583142716337633,0.0,0.0,0.0,0.1470221612663645,0.0,0.0,0.0,0.3496003478512211,0.0,0.13617715920657442,0.11842195168944543,0.11063924202607849,0.0,0.0,0.0,0.0,0.0,0.0,0.0,0.0,0.0,0.0,0.0,0.0,0.0,0.0,0.11591704139033546,0.0,0.0,0.0,0.0,0.0,0.2562533457993498,0.0,0.0,0.20024647662030132,0.5484563203942578,0.157296782720316,0.09018563698642736,0.0,0.0,0.0,0.14650715519723034,0.0,0.0,0.0,0.0,0.0,0.0,0.0,0.0,0.10897914834358544,0.1616027386210916,0.0
20.0,5.0,0.0,1,0.0,0.0,0.0,0.0,0.0,1.0,0.0,0.0,0.0,0.0,0.0,0.0,0.0,0.0,0.0,0.0,0.0,0.0,0.0,0.0,0.0,1.0,0.0,0.0,0.3531778395453846,0.0,0.0,0.0,0.0,0.0,0.0,0.0,0.0,0.0,0.0,0.0,0.0,0.0,0.0,0.0,0.0,0.0,0.0,0.0,0.0,0.0,0.0,0.0,0.0,0.0,0.0,0.0,0.0,0.0,0.0,0.4205597141767672,0.0,0.0,0.0,0.4382834655344001,0.47769933542205306,0.0,0.0,0.0,0.0,0.0,0.0,0.0,0.0,0.0,0.5273574586958027,0.0,0.0,0.0,0.0,0.1613439944614111,0.0,0.0,0.0,0.11691841380626893,0.24750562019286496,0.3831119503191929,0.0,0.0,0.0,0.0,0.0,0.0,0.0,0.08544392928312294,0.0,0.0,0.1406164977255759,0.0,0.0,0.17319376180921653,0.0,0.0,0.0,0.0,0.0,0.0,0.18363137619337125,0.0,0.0,0.0,0.0,0.0,0.0,0.08197027126732467,0.3502168029979954,0.12916695962887426,0.0,0.13720721485613396,0.17319376180921653,0.0,0.0,0.0,0.0,0.0,0.0,0.0,0.0,0.0,0.0,0.0,0.0,0.10015032225864844,0.0,0.351097126086062,0.10177332514477327,0.0,0.0,0.0,0.1259101047500504,0.1563117087058443,0.0,0.0,0.0,0.0,0.0,0.0,0.0,0.12168287967942125,0.0,0.0,0.19924114701599205,0.1555191300859097,0.0,0.0,0.16996403759633896,0.0,0.11011368546714154,0.24005544823897776,0.0,0.0,0.0,0.13518284729847324,0.0,0.0,0.0,0.0,0.0,0.0,0.12250082188060848,0.0,0.2157951961121519,0.0,0.0,0.0,0.15961093707214252,0.0,0.0,0.0
20.0,5.0,3.0,1,0.0,0.0,0.0,0.0,0.0,0.0,0.0,0.0,0.0,0.0,0.0,0.0,0.0,0.0,0.0,0.0,0.0,1.0,0.0,0.0,0.0,0.0,0.0,0.0,0.0,0.0,0.0,0.0,0.0,0.0,0.0,0.0,0.0,0.0,0.0,0.0,0.0,0.0,0.0,0.0,0.0,0.0,0.0,0.0,0.0,0.0,0.0,0.0,0.0,0.0,0.0,0.0,0.0,0.0,0.0,0.0,0.0,0.0,0.0,0.0,0.0,0.0,0.0,0.0,0.0,0.0,0.0,0.0,0.0,0.0,0.0,0.0,0.0,0.0,0.0,0.0,0.0,0.09888430328852889,0.0,0.0937420121384657,0.09922164566354218,0.0,0.0,0.0,0.09596701061590847,0.0,0.12406525334339845,0.0,0.0,0.06850662436533374,0.0,0.0,0.0,0.0,0.0,0.0,0.0,0.0,0.0,0.0,0.0,0.0,0.22084598313973006,0.0,0.12284167390756356,0.20477917850602603,0.0,0.0,0.0,0.0,0.0,0.0,0.0,0.0,0.0,0.0,0.2165660090367063,0.34401492810396256,0.0,0.0,0.0,0.0,0.0,0.10130617285616943,0.0,0.0,0.0,0.3211912450470857,0.0,0.0,0.0,0.07623638559538522,0.0,0.0,0.0,0.0,0.0,0.0,0.2871567814562826,0.0,0.0,0.0,0.0,0.2926860948400967,0.0,0.0,0.0,0.0,0.0,0.0,0.0,0.0,0.0,0.240587431976396,0.14890886102325468,0.2759611748269978,0.12597196304588837,0.0,0.24857100864238105,0.10870774269429422,0.0,0.0,0.302853917965192,0.0,0.0,0.1388620593906449,0.0,0.0,0.0,0.12165356558358316,0.0,0.0,0.11135297448877923,0.0
20.0,4.0,4.0,1,0.0,0.0,0.0,0.0,1.0,0.0,0.0,0.0,0.0,0.0,1.0,0.0,0.0,0.0,0.0,0.0,0.0,0.0,0.0,0.0,0.0,0.0,0.0,0.0,0.0,0.0,0.0,0.0,0.0,0.0,0.0,0.0,0.0,0.0,0.0,0.0,0.0,0.0,0.0,1.0,0.0,0.0,0.0,0.0,0.0,0.0,0.0,0.0,0.0,0.0,0.0,0.0,0.0,0.0,0.0,0.0,0.0,0.0,0.0,0.0,0.0,0.0,0.0,0.0,0.0,0.0,0.0,0.0,0.0,0.0,0.0,0.0,0.0,0.0,0.0,0.0,0.17022844743287613,0.0,0.0,0.30156366948079066,0.0,0.0,0.0,0.0,0.0,0.0,0.0,0.0,0.0,0.0,0.14387621727942065,0.0,0.0,0.0,0.0,0.0,0.0,0.0,0.0,0.0,0.17324304699916443,0.0,0.09472682673994909,0.0,0.0,0.1317530082719426,0.0,0.0,0.0,0.16913849572177386,0.28905671443926195,0.5330494802764344,0.18605630397163841,0.14155755229391073,0.0,0.0,0.0,0.0,0.0,0.0,0.0,0.0,0.0,0.0,0.0,0.0,0.0,0.10332572157554323,0.0,0.0,0.0,0.0980995549962734,0.0,0.0,0.12990225226986468,0.0,0.0,0.0,0.0,0.0,0.0,0.0,0.0,0.12554099739984087,0.0,0.14507493101617247,0.0,0.0,0.0,0.0,0.0,0.0,0.0,0.43341677025167136,0.0,0.0,0.0,0.06973449973369923,0.0,0.0,0.0,0.0,0.12990225226986468,0.0,0.12638487354760294,0.0,0.0,0.12681192959789417,0.0,0.0,0.16467161435322888,0.09662761386108101,0.0,0.0
20.0,4.0,1.0,1,0.0,0.0,0.0,0.0,0.0,1.0,0.0,0.0,0.0,0.0,0.0,0.0,1.0,0.0,0.0,0.0,0.0,0.0,0.0,0.0,0.0,0.0,0.0,0.0,0.0,0.0,0.0,0.0,0.0,0.0,0.0,0.0,0.0,0.0,0.0,0.0,0.0,0.0,0.0,0.0,0.0,0.0,0.0,0.0,0.0,0.0,0.0,0.0,0.0,0.0,0.0,0.0,0.0,0.0,0.0,0.0,0.0,0.0,0.0,0.0,0.0,0.0,0.0,0.0,0.0,0.0,0.0,0.0,0.0,0.0,0.0,0.0,0.0,0.0,0.0,0.0,0.0,0.0,0.0,0.07934002239327544,0.0,0.0,0.0,0.46712813798167657,0.0,0.20114009835027594,0.0,0.0,0.0,0.23192662445541778,0.0,0.0,0.0,0.0,0.0,0.0,0.2079379551669404,0.0,0.0,0.0,0.0,0.0,0.0,0.0,0.0,0.17331806985693934,0.0,0.0,0.0,0.22249782378021607,0.0,0.0,0.24475281370822022,0.0,0.0,0.0,0.0,0.0,0.0,0.2089658222026007,0.0,0.0,0.0,0.0,0.0,0.0,0.0,0.1359226241960678,0.0,0.15883471182471812,0.0,0.12904772155703043,0.0,0.0,0.3417668853072664,0.0,0.0,0.0,0.24303964627375085,0.0,0.0,0.0,0.0,0.16514631159195348,0.0,0.19084275462199207,0.0,0.0,0.0,0.0,0.0,0.20114009835027594,0.14944476214405616,0.08144997874529435,0.0,0.0,0.0,0.0,0.0,0.1840130063977714,0.0,0.0,0.0,0.0,0.0,0.0,0.0,0.0,0.0,0.0,0.0,0.1271114166495325,0.18849067324153074,0.0
20.0,5.0,6.0,1,0.0,1.0,0.0,1.0,0.0,0.0,0.0,0.0,0.0,0.0,0.0,0.0,0.0,0.0,0.0,1.0,0.0,0.0,0.0,0.0,0.0,0.0,0.0,0.0,0.0,0.6968431556695022,0.0,0.0,0.0,0.0,0.0,0.0,0.0,0.0,0.0,0.0,0.0,0.0,0.0,0.0,0.0,0.0,0.0,0.0,0.7172235470176435,0.0,0.0,0.0,0.0,0.0,0.0,0.0,0.0,0.0,0.0,0.0,0.0,0.0,0.0,0.0,0.0,0.0,0.0,0.0,0.0,0.0,0.0,0.0,0.0,0.0,0.0,0.0,0.0,0.0,0.0,0.16862703692205633,0.0,0.0,0.0,0.30549023140885145,0.2586779848484586,0.0,0.0,0.17986267039635126,0.0,0.0,0.0,0.3489226426156343,0.0,0.0,0.0,0.1548936673752008,0.0,0.0,0.0,0.0,0.0,0.0,0.15211756976434043,0.12846310626529683,0.0,0.0,0.0,0.0,0.0,0.0,0.0,0.0,0.15561083061430556,0.08567039638287906,0.2196153205466548,0.0,0.0,0.0,0.0,0.0,0.0,0.0,0.0,0.0,0.0,0.0,0.0,0.0,0.0,0.14515261692652578,0.0,0.10467109200834923,0.0,0.12231519832594341,0.0,0.0,0.0,0.0,0.0,0.0,0.0,0.0,0.0,0.0,0.0,0.0,0.0,0.25435125134938286,0.0,0.14696390425298483,0.10411743048265146,0.0,0.0,0.0,0.0,0.0,0.0,0.3136143916346427,0.19410806905074454,0.3597253407927025,0.1642089955785137,0.0,0.16201063582788905,0.0,0.0,0.0,0.0,0.0,0.0,0.0,0.11276807861326818,0.0,0.0,0.0,0.0,0.1957715408472777,0.0,0.0
20.0,2.0,0.0,0,0.0,0.0,0.0,0.0,0.0,1.0,0.0,0.0,0.0,0.0,0.0,0.0,1.0,0.0,0.0,0.0,0.0,0.0,0.0,0.0,0.0,0.0,0.0,0.0,0.5774099479733695,0.0,0.0,0.0,0.0,0.0,0.0,0.0,0.0,0.0,0.0,0.0,0.0,0.0,0.0,0.0,0.0,0.0,0.0,0.0,0.0,0.0,0.0,0.0,0.0,0.0,0.0,0.0,0.0,0.0,0.0,0.0,0.0,0.0,0.0,0.0,0.0,0.0,0.0,0.0,0.0,0.0,0.0,0.0,0.0,0.0,0.0,0.0,0.0,0.8164543783833795,0.0,0.0,0.0,0.0,0.0,0.2807549513146158,0.0,0.0,0.0,0.0,0.0,0.0,0.0,0.0,0.0,0.0,0.0,0.0,0.0,0.0,0.0,0.0,0.0,0.0,0.0,0.0,0.0,0.0,0.22047604138913468,0.0,0.0,0.0,0.0,0.28930733538332754,0.0,0.0,0.0,0.0,0.0,0.0,0.415888349677,0.0,0.0,0.0,0.0,0.0,0.0,0.0,0.0,0.0,0.0,0.0,0.0,0.0,0.0,0.0,0.0,0.0,0.0,0.0,0.0,0.0,0.0,0.0,0.0,0.0,0.0,0.0,0.0,0.0,0.0,0.0,0.0,0.0,0.0,0.0,0.0,0.0,0.0,0.0,0.0,0.0,0.0,0.3246131424152029,0.0,0.0,0.6511538703175502,0.0,0.0,0.0,0.2941599288207808,0.0,0.0,0.0,0.0,0.0,0.0,0.0,0.0,0.0
20.0,1.0,2.0,0,0.0,1.0,0.0,1.0,0.0,0.0,0.0,0.0,0.0,0.0,0.0,0.0,0.0,0.0,0.0,0.0,0.0,0.0,0.0,0.0,1.0,0.0,0.0,0.0,0.0,0.0,0.0,0.0,0.0,0.0,0.0,0.0,0.0,0.0,0.0,0.0,0.0,0.0,0.0,0.0,0.0,0.0,0.0,0.0,0.0,0.0,0.0,0.0,0.0,0.0,0.0,0.0,0.0,0.0,0.0,0.0,0.0,0.0,0.0,0.0,0.0,0.0,0.0,0.0,0.0,0.0,1.0,0.0,0.0,0.0,0.0,0.0,0.0,0.0,0.0,0.0,0.0,0.0,0.0,0.0,0.36304246928540945,0.0,0.0,0.0,0.0,0.0,0.0,0.0,0.0,0.0,0.0,0.0,0.0,0.0,0.0,0.0,0.0,0.0,0.42697980797472385,0.0,0.0,0.0,0.0,0.0,0.0,0.0,0.0,0.0,0.0,0.0,0.0,0.18946273598641752,0.0,0.0,0.0,0.0,0.3961971108127928,0.0,0.0,0.0,0.0,0.0,0.0,0.0,0.0,0.0,0.0,0.0,0.0,0.0,0.0,0.0,0.0,0.0,0.0,0.0,0.0,0.0,0.0,0.0,0.0,0.0,0.0,0.0,0.5534150932372964,0.0,0.0,0.0,0.0,0.0,0.0,0.0,0.0,0.17605726008602096,0.0,0.0,0.0,0.0,0.0,0.0,0.0,0.0,0.0,0.0,0.0,0.0,0.0,0.0,0.0,0.0,0.0,0.0,0.0,0.3946589741553011
20.0,5.0,0.0,1,1.0,0.0,0.0,0.0,0.0,1.0,0.0,0.0,1.0,0.0,0.0,0.0,0.0,0.0,0.0,0.0,0.0,0.0,0.0,0.0,0.0,0.0,0.0,0.0,0.0,0.0,0.0,0.0,0.0,0.0,0.0,0.0,0.0,0.0,0.0,0.0,0.0,0.0,0.0,0.0,0.0,0.0,0.0,0.0,0.0,0.0,0.0,0.0,0.0,0.0,0.0,0.0,0.0,0.0,0.0,0.0,0.0,0.0,0.0,0.0,0.0,0.0,0.0,0.0,0.0,0.0,0.0,0.0,0.0,0.0,0.0,0.0,0.0,0.0,0.0,0.0,0.0,0.0,0.0,0.0,0.0,0.0,0.0,0.0,0.0,0.0,0.0,0.0,0.0,0.0,0.0,0.0,0.0,0.0,0.0,0.0,0.0,0.0,0.0,0.0,0.0,0.0,0.0,0.0,0.0,0.0,0.0,0.0,0.0,0.0,0.0,0.0,0.0,0.0,0.0,0.0,0.0,0.0,0.0,0.0,0.0,0.0,0.0,0.0,0.0,0.0,0.0,0.0,0.0,0.0,0.0,0.0,0.0,0.0,0.0,0.0,0.0,0.0,0.0,0.0,0.0,0.0,0.0,0.0,0.0,0.0,0.0,0.0,0.0,0.0,0.0,0.0,0.0,0.0,0.0,0.0,0.0,0.0,0.0,0.0,0.0,0.0,0.0,0.0,0.0,0.0,0.0,0.0,0.0,0.0,0.0,0.0,0.0,0.0
20.0,4.0,0.0,1,1.0,0.0,1.0,0.0,0.0,0.0,0.0,1.0,0.0,0.0,0.0,0.0,0.0,0.0,0.0,0.0,0.0,0.0,0.0,0.0,0.0,0.0,0.0,0.0,0.42127795657640643,0.0,0.0,0.0,0.0,0.5587580369539771,0.0,0.0,0.43493559658325526,0.40340327300963424,0.0,0.0,0.0,0.0,0.0,0.3980090018982332,0.0,0.0,0.0,0.0,0.0,0.0,0.0,0.0,0.0,0.0,0.0,0.0,0.0,0.0,0.0,0.0,0.0,0.0,0.0,0.0,0.0,0.0,0.0,0.0,0.0,0.0,0.0,0.0,0.0,0.0,0.0,0.0,0.0,0.0,0.0,0.0,0.0,0.0,0.13662633403493965,0.21457637742106989,0.0,0.0,0.0,0.0,0.0,0.0,0.14199328571554085,0.0,0.0,0.07840616469777811,0.2559363131674534,0.1359966645969147,0.12903433131409098,0.0,0.0,0.0,0.1405928931016051,0.2970311728869786,0.0,0.11279062773767408,0.0,0.0,0.08425310052039593,0.0,0.0,0.11718538276674993,0.0,0.3316692352025415,0.0,0.07521862165316966,0.12854819091852757,0.355583573759166,0.0,0.0,0.0,0.0,0.12393042519450798,0.13124225265949913,0.0,0.0,0.0,0.0,0.0,0.1159454074324788,0.0,0.0,0.0,0.09190123543508627,0.0,0.10739276358887273,0.18678111271546533,0.0,0.0,0.15693184476921512,0.11553926057678285,0.0,0.0,0.0,0.0,0.12250159385960657,0.0,0.0,0.0,0.0,0.0,0.0,0.09141512052744356,0.0,0.0,0.0,0.0,0.0,0.0,0.2202827885976209,0.0,0.0,0.0,0.12404823465547542,0.0,0.2488330802043014,0.0,0.0,0.11553926057678285,0.0,0.0,0.0,0.0,0.0,0.0,0.0,0.0,0.17188744400851524,0.1274440207533086,0.24689859233731465
20.0,5.0,1.0,1,0.0,0.0,1.0,0.0,0.0,0.0,0.0,1.0,0.0,0.0,0.0,0.0,0.0,0.0,0.0,0.0,0.0,0.0,0.0,0.0,0.0,0.0,0.0,0.0,0.375616032489376,0.0,0.0,0.0,0.0,0.0,0.0,0.0,0.3877933336570679,0.0,0.0,0.0,0.45945613232902155,0.0,0.0,0.0,0.0,0.0,0.0,0.0,0.0,0.0,0.0,0.0,0.0,0.0,0.0,0.0,0.0,0.0,0.0,0.0,0.0,0.0,0.0,0.0,0.0,0.0,0.0,0.5080486627502165,0.0,0.0,0.0,0.0,0.48919888108115245,0.0,0.0,0.0,0.0,0.0,0.0,0.0,0.0,0.10139010008207816,0.12240100033146493,0.14417624956432792,0.10173599094672554,0.10498421242282394,0.0,0.0,0.0983988811908185,0.0,0.0,0.0,0.129836602305627,0.07024262971666487,0.11464429962979213,0.0,0.0,0.0,0.0,0.0,0.0,0.3548062965342819,0.0,0.0,0.0,0.11912462735080796,0.0,0.14424902791020022,0.0,0.0,0.0,0.2971363204225414,0.12240100033146493,0.13477393796641687,0.23032788327913595,0.15928036654496183,0.0,0.11279672726261168,0.0,0.0,0.11102697091639974,0.0,0.0,0.12657717850963898,0.0,0.08344153011676601,0.13642798603318793,0.10387334150344234,0.0,0.0,0.0,0.08233261346290209,0.0,0.096211186404789,0.0,0.0,0.0,0.0,0.0,0.0,0.14330459484328237,0.0,0.0,0.0,0.0,0.0,0.0,0.10003432112604584,0.15508442586949323,0.0,0.16379422425429446,0.0,0.0,0.0,0.13972579512898298,0.0,0.0,0.29602090113818946,0.0,0.0,0.0,0.22226502845783092,0.12743498515743584,0.1114624722521546,0.0,0.0,0.0,0.0,0.0,0.0,0.0,0.20209406569563135,0.12720915286718493,0.0,0.0,0.0,0.0,0.3317878090191914
20.0,5.0,1.0,1,0.0,0.0,0.0,0.0,0.0,1.0,0.0,0.0,0.0,0.0,0.0,0.0,1.0,0.0,0.0,0.0,0.0,0.0,0.0,0.0,0.0,0.0,0.0,0.0,0.0,0.0,0.0,0.0,0.0,0.0,0.0,0.0,0.0,0.0,0.0,0.0,0.0,0.0,0.0,0.0,0.0,0.0,0.0,0.0,0.0,0.0,0.0,0.0,0.0,0.0,0.0,0.0,0.0,0.0,1.0,0.0,0.0,0.0,0.0,0.0,0.0,0.0,0.0,0.0,0.0,0.0,0.0,0.0,0.0,0.0,0.0,0.0,0.0,0.0,0.0,0.15833092526131945,0.0,0.0,0.0,0.22946996818601614,0.12144174929884244,0.0,0.0,0.0,0.0,0.0,0.0,0.0,0.0,0.08384827973622047,0.0,0.1454360944738086,0.0,0.0,0.0,0.0,0.0,0.10588263040542449,0.0,0.0,0.0,0.0,0.09010104713460437,0.0,0.0,0.0,0.0,0.11823005210689799,0.0,0.0,0.06873531381919015,0.0,0.1769706469726918,0.0,0.0,0.16577650904883434,0.0,0.0,0.16995940039962484,0.1510945520506296,0.0,0.0,0.0,0.0,0.0,0.0,0.0,0.19656006709594193,0.0,0.22969363487564565,0.0,0.09330907550474644,0.0,0.0,0.2471175137490864,0.153392616509773,0.0,0.15663023239766605,0.17573192638493984,0.5240173626482324,0.0,0.0,0.15747337215872165,0.0,0.0,0.0,0.0,0.0,0.0,0.0,0.0,0.0,0.0,0.1766793429184094,0.0,0.0,0.0,0.0663291663370404,0.15211851160416834,0.0,0.0,0.0,0.0,0.0,0.0,0.0,0.0,0.12061934342313782,0.0,0.0,0.15663023239766605,0.2757270402893143,0.0,0.13201782230119
20.0,5.0,0.0,1,1.0,0.0,1.0,0.0,0.0,0.0,0.0,1.0,0.0,0.0,0.0,0.0,0.0,0.0,0.0,0.0,0.0,0.0,0.0,0.0,0.0,0.0,0.0,0.0,0.0,0.0,0.7389383451529093,0.0,0.0,0.0,0.0,0.0,0.0,0.6737730493739563,0.0,0.0,0.0,0.0,0.0,0.0,0.0,0.0,0.0,0.0,0.0,0.0,0.0,0.0,0.0,0.0,0.0,0.0,0.0,0.0,0.0,0.0,0.0,0.0,0.0,0.0,0.0,0.0,0.0,0.0,0.0,0.0,0.0,0.0,0.0,0.0,0.0,0.0,0.0,0.0,0.0,0.0,0.0,0.0,0.0,0.18987131669576437,0.0,0.0,0.0,0.0,0.0,0.0,0.0,0.0,0.0,0.09250525403995556,0.0,0.16045174579851285,0.0,0.0,0.0,0.0,0.0,0.4672582266391538,0.0,0.0,0.1817962438841507,0.0,0.39761437113191694,0.0,0.0,0.0,0.0,0.0,0.0,0.17748904646419827,0.30332775753363894,0.13984167762750363,0.0,0.14854640198397878,0.0,0.0,0.0,0.0,0.0,0.0,0.17966732676532218,0.0,0.0,0.0,0.0,0.0,0.0,0.1084270243708188,0.0,0.12670425745391783,0.22036831348924948,0.0,0.0,0.0,0.0,0.16922974451866368,0.1887234006548831,0.0,0.0,0.14452997546764962,0.0,0.0,0.0,0.0,0.0,0.0,0.10785349570508913,0.0,0.0,0.0,0.0,0.16045174579851285,0.11921378771874515,0.2598943003831203,0.0,0.0,0.0,0.1463547350421281,0.08391204688034197,0.0,0.0,0.0,0.0,0.0,0.0,0.0,0.11681455665978845,0.0,0.0,0.0,0.0,0.0,0.0,0.0
20.0,5.0,7.0,1,0.0,0.0,0.0,0.0,0.0,1.0,0.0,0.0,1.0,0.0,0.0,0.0,0.0,0.0,0.0,0.0,0.0,0.0,0.0,0.0,0.0,0.0,0.0,0.0,0.0,0.0,0.0,0.0,0.0,0.0,0.0,0.0,0.0,0.0,0.0,0.0,0.0,0.0,0.0,1.0,0.0,0.0,0.0,0.0,0.0,0.0,0.0,0.0,0.0,0.0,0.0,0.0,0.0,0.0,0.0,0.0,0.0,0.0,0.0,0.0,0.0,0.0,0.0,0.0,0.0,0.0,0.0,0.0,0.0,0.0,0.0,0.0,0.0,0.0,0.0,0.0,0.0,0.17906775467178024,0.0,0.08487783740089873,0.1796786417351498,0.0,0.0,0.0,0.0,0.0,0.0,0.0,0.0,0.0,0.20247634930833283,0.0,0.0,0.0,0.0,0.0,0.0,0.0,0.0,0.0,0.2438041558412592,0.21038917535887003,0.1333086344813936,0.0,0.22245171372211295,0.0,0.0,0.0,0.0,0.11901391970410909,0.0,0.18753953017382113,0.2618361943782298,0.0,0.0,0.0,0.0,0.0,0.0,0.0,0.0,0.14736830748062482,0.0,0.0,0.0,0.0,0.24094909772827228,0.0,0.0,0.0,0.0,0.0,0.0,0.0,0.0,0.22695141617940642,0.0,0.0,0.0,0.0,0.0,0.0,0.0,0.35334655473573534,0.0,0.20416329372397515,0.28928133951617446,0.0,0.0,0.0,0.0,0.0,0.0,0.08713506555344376,0.0,0.0,0.2281202963872275,0.09813704581557639,0.0,0.0,0.19685683927919279,0.0,0.0,0.24236289969764643,0.0,0.0,0.0,0.17846185449719604,0.0,0.0,0.0,0.13598360359287398,0.0,0.0
20.0,5.0,0.0,1,0.0,1.0,0.0,1.0,0.0,0.0,0.0,0.0,0.0,0.0,0.0,0.0,0.0,0.0,0.0,0.0,0.0,0.0,0.0,0.0,1.0,0.0,0.0,0.0,0.0,0.0,0.0,0.0,0.0,0.7302162497840745,0.0,0.0,0.0,0.0,0.0,0.0,0.0,0.0,0.0,0.0,0.0,0.0,0.0,0.0,0.0,0.0,0.0,0.0,0.0,0.0,0.0,0.0,0.0,0.0,0.0,0.0,0.0,0.0,0.0,0.683216092134313,0.0,0.0,0.0,0.0,0.0,0.0,0.0,0.0,0.0,0.0,0.0,0.0,0.0,0.0,0.579431299500964,0.2698935556363578,0.0,0.0,0.0,0.09778959088893802,0.0,0.0,0.0,0.0,0.0,0.0,0.0,0.0,0.0,0.0,0.23327737805131596,0.0,0.0,0.0,0.0,0.0,0.25629142710931335,0.18048931093584514,0.0,0.0,0.0,0.0,0.0,0.0,0.0,0.0,0.0,0.0,0.0,0.13711850907537984,0.11716737089626678,0.32410251885742725,0.0,0.0,0.0,0.0,0.0,0.0,0.0,0.0,0.0,0.16978621204094127,0.0,0.0,0.0,0.0,0.0,0.0,0.0,0.0,0.0,0.0,0.0,0.0,0.21062033312721148,0.0,0.0,0.0,0.0,0.22331220035961846,0.0,0.0,0.0,0.0,0.0,0.0,0.16664364166982856,0.0,0.0,0.0,0.0,0.0,0.0,0.0,0.0,0.0,0.0,0.11306581146767727,0.12965188546456866,0.0,0.0,0.0,0.21062033312721148,0.0,0.0,0.0,0.0,0.20560975956695612,0.0,0.0,0.0,0.15666964864033947,0.0,0.0
20.0,5.0,0.0,1,0.0,1.0,0.0,1.0,0.0,0.0,0.0,0.0,0.0,0.0,0.0,0.0,0.0,0.0,1.0,0.0,0.0,0.0,0.0,0.0,0.0,0.0,0.0,0.0,0.0,0.0,0.0,0.0,0.0,1.0,0.0,0.0,0.0,0.0,0.0,0.0,0.0,0.0,0.0,0.0,0.0,0.0,0.0,0.0,0.0,0.0,0.0,0.0,0.0,0.0,0.0,0.0,0.0,0.0,0.0,0.0,0.0,0.0,0.0,0.0,0.0,0.0,0.0,0.0,0.0,0.0,0.0,0.0,0.0,0.0,0.0,0.0,0.0,0.0,0.0,0.0,0.0,0.0,0.0,0.2212105712213961,0.0,0.0,0.0,0.0,0.0,0.0,0.0,0.0,0.0,0.16166059552808232,0.0,0.0,0.26604753496372663,0.0,0.0,0.0,0.0,0.0,0.0,0.23255569406234897,0.0,0.0,0.0,0.0,0.0,0.0,0.0,0.0,0.0,0.0,0.0,0.0,0.0,0.0,0.0,0.0,0.0,0.0,0.0,0.0,0.0,0.19203733551636282,0.0,0.2390603300968735,0.0,0.0,0.0,0.0,0.0,0.0,0.0,0.17990113526152648,0.6279670780488893,0.0,0.0,0.29574299929100045,0.0,0.0,0.0,0.0,0.0,0.0,0.0,0.0,0.0,0.0,0.0,0.2942434342221131,0.0,0.0,0.0,0.0,0.0,0.22709341112744932,0.0,0.0,0.0,0.0,0.0,0.0,0.0,0.0,0.0,0.0,0.23177253181181057,0.0,0.0,0.0,0.0,0.0,0.0,0.0,0.0,0.0
20.0,3.0,0.0,0,0.0,0.0,0.0,0.0,0.0,1.0,0.0,0.0,0.0,0.0,0.0,0.0,1.0,0.0,0.0,0.0,0.0,0.0,0.0,0.0,0.0,0.0,0.0,0.0,0.0,0.0,0.0,0.0,0.0,0.0,0.0,0.0,0.0,0.0,0.0,0.0,0.0,0.574664345211137,0.0,0.0,0.0,0.0,0.0,0.0,0.0,0.0,0.0,0.0,0.0,0.0,0.5599682059026208,0.0,0.0,0.0,0.0,0.0,0.0,0.0,0.0,0.0,0.0,0.0,0.0,0.0,0.0,0.5968219991934407,0.0,0.0,0.0,0.0,0.0,0.0,0.0,0.0,0.0,0.0,0.0,0.26214626426955945,0.0,0.3727707654799426,0.0,0.0,0.0,0.0,0.0,0.31501187828039673,0.0,0.0,0.0,0.0,0.0,0.0,0.0,0.0,0.0,0.0,0.0,0.0,0.0,0.2612592566250025,0.0,0.0,0.0,0.0,0.0,0.0,0.0,0.0,0.0,0.0,0.1488794125606485,0.13727426059495687,0.0,0.0,0.0,0.0,0.0,0.0,0.0,0.32726799225192077,0.0,0.0,0.0,0.2685667378795379,0.0,0.0,0.0,0.21287272652238454,0.0,0.0,0.21632247128337315,0.0,0.0,0.0,0.0,0.0,0.0,0.0,0.0,0.0,0.0,0.0,0.0,0.0,0.0,0.0,0.0,0.0,0.0,0.0,0.0,0.0,0.2340501750187281,0.38268417388021575,0.0,0.0,0.0,0.0,0.0,0.0,0.0,0.0,0.26762597154346873,0.0,0.0,0.0,0.0,0.0,0.0,0.0,0.0,0.19907321532636804,0.0,0.0
20.0,5.0,0.0,1,1.0,0.0,0.0,0.0,0.0,1.0,0.0,0.0,0.0,0.0,0.0,0.0,1.0,0.0,0.0,0.0,0.0,0.0,0.0,0.0,0.0,0.0,0.0,0.0,0.0,0.0,0.0,0.0,0.0,0.0,0.0,0.0,0.0,0.0,0.0,0.0,0.0,0.7071067811865475,0.0,0.0,0.0,0.0,0.0,0.0,0.0,0.0,0.0,0.0,0.0,0.0,0.0,0.0,0.0,0.0,0.7071067811865475,0.0,0.0,0.0,0.0,0.0,0.0,0.0,0.0,0.0,0.0,0.0,0.0,0.0,0.0,0.0,0.0,0.0,0.0,0.0,0.0,0.15544759576086453,0.0,0.0,0.0,0.11264557064567558,0.0,0.0,0.14278758988801668,0.0,0.11531925150081969,0.0,0.14908364927695875,0.0,0.15216290687552642,0.08232133723824149,0.0,0.0,0.0,0.0,0.0,0.0,0.0,0.0,0.0,0.11842277120805457,0.0,0.0,0.08846023687093474,0.0,0.0,0.12303697612704946,0.1627575896669509,0.0,0.0,0.3948731291457842,0.0,0.31111621775998927,0.0,0.0,0.16686430730746324,0.0,0.0,0.0,0.0,0.0,0.0,0.1955797602716324,0.0,0.0,0.0,0.0,0.0,0.1929805551393628,0.0,0.0,0.0,0.2748295336354988,0.0,0.1647681577904297,0.12130865565049039,0.0,0.0,0.0,0.0,0.1286186495565768,0.0,0.0,0.0,0.0,0.0,0.0,0.09597988875774496,0.14983560402961132,0.0,0.0,0.0,0.0,0.10608952457991287,0.3469237488753016,0.0,0.0,0.15137485678992924,0.0651212605427395,0.07467415749816884,0.13062921768005553,0.13062921768005553,0.0,0.0,0.0,0.0,0.0,0.2079088504307562,0.0,0.0,0.0,0.0,0.18047055738265588,0.13380787406028893,0.0
20.0,5.0,0.0,1,1.0,0.0,0.0,0.0,0.0,1.0,0.0,0.0,0.0,0.0,0.0,0.0,1.0,0.0,0.0,0.0,0.0,0.0,0.0,0.0,0.0,0.0,0.0,0.0,0.0,0.0,0.0,0.0,1.0,0.0,0.0,0.0,0.0,0.0,0.0,0.0,0.0,0.0,0.0,0.0,0.0,0.0,0.0,0.0,0.0,0.0,0.0,0.0,0.0,0.0,0.0,0.0,0.0,0.0,0.0,0.0,0.0,0.0,0.0,0.0,0.0,0.0,0.0,0.0,0.0,0.0,0.0,0.0,0.0,0.0,0.0,0.0,0.0,0.0,0.0,0.0,0.0,0.0,0.38516125169990484,0.0,0.0,0.0,0.3833861600192275,0.0,0.0,0.0,0.0,0.0,0.0,0.0,0.0,0.0,0.0,0.0,0.0,0.0,0.3963433189481395,0.27911871004746563,0.0,0.0,0.0,0.0,0.23751665361770483,0.0,0.0,0.0,0.0,0.0,0.0,0.0,0.0,0.0,0.0,0.0,0.0,0.0,0.0,0.0,0.4480323960440036,0.0,0.0,0.0,0.0,0.0,0.0,0.0,0.0,0.0,0.0,0.0,0.0,0.0,0.0,0.0,0.0,0.0,0.0,0.0,0.0,0.0,0.0,0.0,0.4151177991656228,0.0,0.0,0.0,0.0,0.0,0.0,0.0,0.0,0.0,0.0,0.0,0.0,0.0,0.0,0.0,0.20050088749552195,0.0,0.0,0.0,0.0,0.0,0.0,0.0,0.0,0.0,0.0,0.0,0.0,0.0,0.0,0.0
20.0,5.0,0.0,1,0.0,0.0,0.0,0.0,0.0,0.0,0.0,0.0,0.0,0.0,0.0,0.0,0.0,0.0,0.0,0.0,0.0,1.0,0.0,0.0,0.0,0.0,0.0,0.0,0.46000396811574035,0.0,0.0,0.0,0.0,0.0,0.0,0.0,0.0,0.0,0.0,0.0,0.5626800396291352,0.0,0.0,0.0,0.0,0.0,0.0,0.0,0.0,0.0,0.0,0.0,0.0,0.0,0.0,0.0,0.0,0.0,0.0,0.0,0.0,0.0,0.0,0.0,0.0,0.0,0.0,0.0,0.0,0.0,0.0,0.0,0.0,0.0,0.0,0.0,0.6868679074761956,0.0,0.0,0.0,0.0,0.11438513691563063,0.1380889768349245,0.27109188558263814,0.0,0.0,0.0,0.0,0.0,0.0,0.0,0.0,0.14647759021212933,0.07924553591475231,0.25867621985054795,0.0,0.13041569850790846,0.0,0.0,0.0,0.1420979995971912,0.100070339152312,0.0,0.1139980992015874,0.0,0.1343926754043535,0.08515506566293603,0.0,0.0,0.0,0.0,0.11173996496904812,0.0,0.07602386887115954,0.19488653066011957,0.35939024659149654,0.0,0.0,0.0,0.0,0.0,0.0,0.16062969700498408,0.14280041032111102,0.0,0.0,0.0,0.0,0.0,0.0,0.0,0.09288507710271429,0.0,0.1085424486297783,0.0,0.0,0.0,0.0,0.23355231463989296,0.0,0.0,0.14803221659231547,0.0,0.0,0.0,0.0,0.0,0.0,0.0,0.0,0.0923937581289986,0.0,0.0,0.0,0.0,0.0,0.10212566404194715,0.27830126149043166,0.0,0.0,0.0,0.18806433535762535,0.28753632185537703,0.0,0.0,0.0,0.11677615731994648,0.0,0.0,0.16062969700498408,0.100070339152312,0.2279961984031748,0.0,0.0,0.0,0.08686378596616762,0.0,0.24954174638927223
20.0,5.0,2.0,1,1.0,0.0,1.0,0.0,0.0,0.0,0.0,1.0,0.0,0.0,0.0,0.0,0.0,0.0,0.0,0.0,0.0,0.0,0.0,0.0,0.0,0.0,0.0,0.0,0.4364603960913116,0.0,0.45836356970983166,0.0,0.0,0.0,0.0,0.0,0.0,0.4179415266660957,0.0,0.0,0.0,0.0,0.0,0.0,0.0,0.0,0.0,0.0,0.0,0.0,0.0,0.0,0.0,0.0,0.0,0.0,0.0,0.0,0.0,0.0,0.0,0.0,0.0,0.0,0.0,0.0,0.0,0.0,0.0,0.0,0.0,0.0,0.0,0.0,0.6517131584483228,0.0,0.0,0.0,0.0,0.0,0.0,0.0,0.0,0.12893526842398204,0.0,0.0,0.3268722618083991,0.0,0.0,0.0,0.0,0.0,0.0,0.0,0.0,0.0,0.0,0.0,0.0,0.0,0.0,0.2379745895409531,0.0,0.0,0.0,0.3195956168189189,0.0,0.3870010599464613,0.0,0.0,0.0,0.0,0.0,0.18079032351826943,0.0,0.14244271769589803,0.0,0.0,0.0,0.0,0.0,0.0,0.3819891741814446,0.0,0.0,0.0,0.36601823919446513,0.0,0.0,0.0,0.0,0.0,0.0,0.0,0.0,0.2097151237994767,0.0,0.0,0.0,0.0,0.0,0.0,0.0,0.0,0.0,0.0,0.0,0.0,0.0,0.0,0.0,0.343006719470493,0.0,0.0,0.0,0.0,0.0,0.0,0.0,0.0,0.0,0.0,0.0,0.0,0.0,0.0,0.0,0.0,0.0,0.0,0.0,0.2710958221562082,0.0,0.0,0.0,0.0,0.0,0.0
20.0,5.0,1.0,1,0.0,0.0,0.0,0.0,1.0,0.0,0.0,0.0,0.0,0.0,0.0,0.0,0.0,0.0,0.0,0.0,1.0,0.0,0.0,0.0,0.0,0.0,0.0,0.0,0.0,0.0,0.0,0.0,0.0,0.0,0.0,0.0,0.0,0.0,0.0,0.0,0.0,0.0,0.0,0.0,0.0,0.0,0.0,0.0,0.0,0.0,0.0,0.0,0.0,0.0,0.0,0.0,0.0,0.0,0.0,0.0,0.0,0.0,0.0,0.0,0.0,0.0,0.0,0.0,0.0,0.0,0.0,0.0,0.0,0.0,0.0,0.0,0.0,0.0,0.0,0.0,0.0,0.0,0.0,0.0,0.0,0.0,0.0,0.0,0.0,0.0,0.0,0.0,0.0,0.0,0.20081287049497457,0.0,0.0,0.22862094044339934,0.25101472239375605,0.0,0.0,0.0,0.0,0.0,0.0,0.0,0.26442682953758967,0.0,0.0,0.0,0.0,0.0,0.0,0.0,0.0,0.3719975346664749,0.0,0.0,0.0,0.0,0.0,0.0,0.0,0.2217147004932294,0.0,0.14615757813820082,0.23896953952042246,0.0,0.0,0.1999903750910757,0.0,0.0,0.0,0.0,0.0,0.0,0.0,0.0,0.3626178760512224,0.0,0.0,0.0,0.0,0.0,0.0,0.0,0.0,0.0,0.0,0.0,0.2869046995726507,0.0,0.24781367142458563,0.0,0.0,0.2134115339668934,0.0,0.0,0.0,0.0,0.0,0.0,0.0,0.0,0.0,0.0,0.0,0.0,0.17639961436398366,0.0,0.0,0.1769956708418564,0.0,0.2184902767431615,0.0,0.0,0.0,0.19372168972358889
20.0,5.0,0.0,1,0.0,0.0,0.0,0.0,0.0,1.0,0.0,0.0,0.0,0.0,0.0,0.0,1.0,0.0,0.0,0.0,0.0,0.0,0.0,0.0,0.0,0.0,0.0,0.0,0.0,0.0,0.0,0.0,0.0,0.0,0.0,0.0,0.0,0.0,0.7961103282904859,0.0,0.0,0.0,0.0,0.0,0.0,0.0,0.0,0.0,0.0,0.0,0.0,0.0,0.0,0.0,0.0,0.0,0.0,0.0,0.0,0.0,0.0,0.0,0.0,0.0,0.0,0.0,0.0,0.0,0.0,0.0,0.0,0.0,0.0,0.6051515059794652,0.0,0.0,0.0,0.0,0.0,0.21626143186978186,0.0,0.16531119711726494,0.0,0.23507175150298046,0.0,0.0,0.0,0.0,0.0,0.0,0.0,0.0,0.0,0.11452689362892908,0.18692146865551154,0.19864860882069607,0.0,0.0,0.0,0.0,0.0,0.0,0.0,0.0,0.0,0.0,0.0,0.0,0.0,0.0,0.0,0.0,0.0,0.0,0.2816530762140698,0.17313214373335495,0.0,0.0,0.0,0.0,0.0,0.0,0.0,0.0,0.0,0.13604700283097085,0.0,0.0,0.2434558859233464,0.0,0.0,0.0,0.0,0.1568672522048269,0.0,0.0,0.0,0.0,0.0,0.20951628262075253,0.0,0.0,0.0,0.0,0.22115782582262838,0.0,0.0,0.0,0.0,0.0,0.2670578219219782,0.2084539301744244,0.0,0.0,0.0,0.0,0.1475936142964298,0.16088214233694384,0.0,0.0,0.0,0.18119568824728732,0.10388800254631733,0.18173366735743665,0.18173366735743665,0.0,0.0,0.22374380669075056,0.16419702036980172,0.0,0.14462322647216988,0.32950368826339993,0.0,0.0,0.0,0.0,0.0,0.0
20.0,4.0,0.0,1,1.0,0.0,1.0,0.0,0.0,0.0,0.0,1.0,0.0,0.0,0.0,0.0,0.0,0.0,0.0,0.0,0.0,0.0,0.0,0.0,0.0,0.0,0.0,0.0,0.0,0.0,0.0,0.0,0.0,0.0,0.0,0.0,0.0,0.0,0.0,0.5933221500543223,0.0,0.0,0.0,0.43040111468258585,0.0,0.0,0.0,0.0,0.0,0.0,0.0,0.0,0.0,0.0,0.0,0.0,0.0,0.0,0.0,0.0,0.0,0.0,0.0,0.0,0.0,0.6802379780157116,0.0,0.0,0.0,0.0,0.0,0.0,0.0,0.0,0.0,0.0,0.0,0.0,0.0,0.0,0.0,0.14926366956359416,0.0,0.14150149476439255,0.0,0.30910964245599903,0.0,0.0,0.0,0.0,0.0,0.0,0.0,0.0,0.0,0.0,0.0,0.0,0.21096901644555527,0.0,0.0,0.2611679530945491,0.0,0.2975172311531041,0.0,0.0,0.22224141921784527,0.0,0.0,0.0,0.0,0.0,0.1801953292573837,0.0,0.16954113386429143,0.2344881007187979,0.0,0.16605618706709763,0.0,0.20445049095241397,0.0,0.0,0.0,0.0,0.0,0.1228402868637781,0.0,0.0,0.0,0.0,0.0,0.12120777078122254,0.0,0.14163941769679964,0.12317202368987151,0.0,0.0,0.0,0.0,0.0,0.21096901644555527,0.0,0.0,0.0,0.0,0.0,0.0,0.0,0.0,0.0,0.0,0.0,0.20827864606361954,0.0,0.0,0.17936486350193717,0.13326601499601648,0.4357936912542639,0.0,0.0,0.0,0.08180308959261194,0.0,0.0,0.0,0.0,0.0,0.0,0.0,0.0,0.0,0.0,0.0,0.0,0.0,0.0,0.0,0.1628162442242997
20.0,4.0,3.0,1,0.0,1.0,0.0,1.0,0.0,0.0,0.0,0.0,0.0,0.0,0.0,0.0,0.0,0.0,0.0,0.0,0.0,0.0,0.0,0.0,0.0,0.0,1.0,0.0,0.0,0.0,0.0,0.0,0.0,0.0,0.0,0.0,0.0,0.0,0.0,0.0,0.0,0.0,0.0,0.0,0.0,0.0,0.0,0.0,0.0,0.0,0.0,0.0,0.0,0.0,0.0,0.0,0.0,0.0,0.0,0.0,0.0,0.0,0.0,0.0,0.0,0.0,0.0,0.0,0.0,0.0,0.0,0.0,0.0,0.0,0.0,0.0,0.0,0.0,0.0,0.0,0.19702871738340497,0.0,0.0,0.20942458409248746,0.1477775823385449,0.0,0.0,0.0,0.14293023178799535,0.0,0.0,0.0,0.0,0.10203160061679689,0.0,0.0,0.0,0.0,0.0,0.0,0.0,0.0,0.0,0.0,0.0,0.0,0.10964034188076396,0.0,0.18295650570075006,0.0,0.0,0.14386939714713173,0.0,0.09788358342797046,0.0836412399864691,0.6169712347413024,0.0,0.3276879203800686,0.0,0.0,0.16127328375844138,0.17078831950292087,0.0,0.0,0.0,0.0,0.0,0.15088221124068976,0.0,0.0,0.0,0.0,0.0,0.139752474896205,0.0,0.0,0.0,0.20421872911739902,0.0,0.0,0.0,0.0,0.0,0.0,0.0,0.0,0.0,0.0,0.0,0.0,0.0,0.0,0.0,0.0,0.0,0.0,0.1314906239950525,0.1433293261797798,0.0,0.0,0.0,0.08071329585098837,0.09255345053736044,0.16190587537035936,0.0,0.0,0.1503536837463037,0.0,0.0,0.0,0.12884431608816163,0.0,0.0,0.0,0.19059703272136694,0.0,0.0,0.0
20.0,5.0,0.0,1,0.0,1.0,0.0,1.0,0.0,0.0,0.0,0.0,0.0,0.0,0.0,0.0,0.0,0.0,0.0,0.0,0.0,0.0,0.0,0.0,0.0,0.0,1.0,0.0,0.0,0.0,0.0,0.0,0.0,0.0,0.0,0.0,0.0,0.0,0.0,0.0,0.0,0.0,0.0,0.0,0.0,0.0,0.0,0.0,0.0,0.0,0.0,0.0,0.0,0.0,0.0,0.0,0.0,0.0,0.0,0.0,0.0,0.0,0.0,0.0,0.0,0.0,0.0,0.0,0.0,0.0,0.0,0.0,0.0,0.0,0.0,0.0,0.0,0.0,0.0,0.0,0.0,0.0,0.0,0.1032996154424989,0.0,0.0,0.0,0.0,0.0,0.0,0.0,0.0,0.0,0.0,0.0,0.0,0.0,0.28054540743821194,0.0,0.0,0.0,0.0,0.0,0.0,0.0,0.0,0.0,0.0,0.0,0.0,0.0,0.0,0.0,0.0,0.0,0.11412143582146399,0.0,0.0,0.0,0.0,0.0,0.0,0.0,0.0,0.0,0.0,0.0,0.0,0.0,0.0,0.0,0.1769693829904835,0.0,0.0,0.1798372900812616,0.0,0.0,0.0,0.0,0.5524173266746065,0.0,0.28203852384260064,0.0,0.0,0.0,0.0,0.0,0.0,0.0,0.0,0.1760332970405969,0.0,0.0,0.31005527934258487,0.0,0.0,0.0,0.3181402485803332,0.0,0.0,0.0,0.0,0.0,0.0,0.0,0.0,0.0,0.0,0.2164635557342536,0.0,0.0,0.0,0.2734290136895929,0.2681138638976657,0.0,0.16549731222864963,0.0,0.0
20.0,5.0,1.0,1,1.0,0.0,0.0,0.0,0.0,1.0,0.0,0.0,0.0,0.0,0.0,0.0,1.0,0.0,0.0,0.0,0.0,0.0,0.0,0.0,0.0,0.0,0.0,0.0,0.0,0.0,0.0,0.0,0.0,0.0,0.0,0.0,0.0,0.0,0.0,0.0,0.0,0.0,0.0,0.0,0.0,0.0,0.0,0.0,1.0,0.0,0.0,0.0,0.0,0.0,0.0,0.0,0.0,0.0,0.0,0.0,0.0,0.0,0.0,0.0,0.0,0.0,0.0,0.0,0.0,0.0,0.0,0.0,0.0,0.0,0.0,0.0,0.0,0.0,0.0,0.0,0.0,0.0,0.0,0.06324808682142835,0.1338904321836638,0.0,0.0,0.37238407724852574,0.0,0.0,0.0,0.0,0.0,0.09244335227841045,0.0,0.1603443762678738,0.0,0.0,0.0,0.0,0.0,0.11673638783676972,0.15747058776886502,0.0,0.0,0.0,0.19867414971710773,0.0,0.0,0.1381652790025326,0.0,0.1303495121330614,0.0,0.2660554141188907,0.22734358472269264,0.06987404987039718,0.0,0.0,0.0,0.0,0.0,0.0,0.0,0.1665828678478095,0.0,0.0,0.0,0.0,0.0,0.0,0.0,0.0,0.0,0.25323894147521153,0.0,0.0,0.0,0.0,0.0,0.0,0.0,0.0,0.0,0.28886652062325113,0.0,0.0,0.0,0.0,0.0,0.15213556474361856,0.2155626467144692,0.0,0.0,0.18984004096528354,0.0,0.0,0.0,0.3895805802839676,0.0,0.0,0.0,0.07312839940566564,0.0838558954371547,0.2933820852035638,0.0,0.0,0.0,0.18060061603557728,0.0,0.0,0.0,0.0,0.0,0.0,0.0,0.0,0.0,0.0
20.0,3.0,1.0,1,1.0,0.0,0.0,0.0,0.0,1.0,0.0,0.0,0.0,0.0,0.0,0.0,0.0,0.0,0.0,0.0,0.0,0.0,0.0,0.0,0.0,1.0,0.0,0.0,0.0,0.0,0.0,0.0,0.0,0.0,0.0,0.0,0.0,0.0,0.0,0.0,0.0,0.0,0.0,0.0,0.0,0.0,0.0,0.0,0.0,0.0,0.0,0.0,0.0,0.0,0.0,0.713519440072679,0.0,0.0,0.0,0.0,0.0,0.0,0.0,0.0,0.0,0.0,0.0,0.0,0.700635432046061,0.0,0.0,0.0,0.0,0.0,0.0,0.0,0.0,0.0,0.0,0.13213853518918744,0.13513029529659262,0.10100728201318576,0.0,0.19150917874044218,0.0,0.10458782408282466,0.0,0.0,0.0,0.0,0.0,0.0,0.0,0.06997741498820234,0.0,0.0,0.0,0.0,0.0,0.0,0.0,0.0,0.0,0.10066551009607962,0.0,0.0,0.0,0.0,0.0,0.0,0.0,0.0,0.0,0.1342650727159875,0.2294582354987549,0.2644649541678869,0.0,0.0,0.0,0.0,0.0,0.0,0.0,0.0,0.0,0.08312648036931662,0.0,0.1034811474729447,0.0,0.11374364710217834,0.0,0.0,0.0,0.191695844666189,0.16670193583411821,0.23361938680086766,0.0,0.14006149731477321,0.0,0.0,0.0,0.0,0.0,0.0,0.0,0.2473430384330689,0.13142284549914618,0.19931324412928805,0.0,0.0,0.0,0.0,0.0,0.0,0.13919823317744698,0.12137687224202857,0.0901816094889792,0.49150536095827524,0.0,0.0,0.0,0.05535645588902334,0.06347691477631015,0.0,0.0,0.29130406615026216,0.0,0.0,0.10032650559328167,0.0,0.0,0.10066551009607962,0.0,0.0,0.0,0.07670467652007293,0.11374364710217834,0.220356719686365
20.0,5.0,2.0,1,0.0,0.0,0.0,0.0,0.0,1.0,0.0,0.0,1.0,0.0,0.0,0.0,0.0,0.0,0.0,0.0,0.0,0.0,0.0,0.0,0.0,0.0,0.0,0.0,0.4594021306680781,0.0,0.0,0.0,0.6346983882923541,0.0,0.0,0.0,0.0,0.0,0.0,0.0,0.0,0.0,0.0,0.0,0.0,0.0,0.0,0.0,0.0,0.0,0.0,0.0,0.0,0.0,0.0,0.0,0.0,0.0,0.0,0.0,0.0,0.0,0.0,0.0,0.6213756015782388,0.0,0.0,0.0,0.0,0.0,0.0,0.0,0.0,0.0,0.0,0.0,0.0,0.0,0.0,0.0,0.0,0.0,0.0,0.12796904857650324,0.0,0.0,0.0,0.0,0.0,0.0,0.0,0.36540692640481787,0.0,0.18703945736241245,0.0,0.0,0.0,0.0,0.0,0.0,0.0,0.0,0.0,0.0,0.0,0.0,0.0,0.0,0.0,0.2795480494165867,0.0,0.2637345078464545,0.0,0.0,0.0,0.14137527522923313,0.0,0.0,0.0,0.0,0.0,0.0,0.0,0.0,0.3632753582777713,0.22218499759308735,0.0,0.0,0.0,0.0,0.0,0.21923221564236203,0.0,0.0,0.2227850201735364,0.0,0.0,0.0,0.0,0.0,0.0,0.0,0.0,0.0,0.0,0.0,0.3512741605463518,0.0,0.0,0.0,0.21807257891109558,0.0,0.0,0.0,0.0,0.0,0.0,0.0,0.0,0.0,0.0,0.14795975919851892,0.0,0.0,0.0,0.0,0.0,0.36540692640481787,0.0,0.0,0.0,0.0,0.0,0.0,0.0,0.20502044946776873,0.0,0.0
20.0,5.0,0.0,1,1.0,0.0,0.0,0.0,0.0,1.0,0.0,0.0,0.0,0.0,0.0,0.0,1.0,0.0,0.0,0.0,0.0,0.0,0.0,0.0,0.0,0.0,0.0,0.0,0.0,0.0,0.0,0.0,0.0,0.0,0.0,0.0,0.0,0.0,0.0,0.0,0.0,0.0,0.0,0.0,0.0,0.0,0.0,0.0,0.0,0.0,0.0,0.7839986331015968,0.0,0.0,0.0,0.0,0.0,0.0,0.0,0.0,0.0,0.0,0.0,0.0,0.0,0.0,0.0,0.0,0.0,0.0,0.0,0.0,0.0,0.6207625498488354,0.0,0.0,0.0,0.0,0.0,0.0,0.0,0.0,0.0,0.4183921484867106,0.22142450625146134,0.0,0.0,0.0,0.0,0.0,0.0,0.0,0.0,0.0,0.0,0.26517334932947073,0.0,0.284071715231822,0.3118969880910253,0.0,0.0,0.0,0.0,0.0,0.0,0.0,0.1642810647055591,0.0,0.0,0.0,0.0,0.0,0.0,0.2933303385761088,0.1253249645391801,0.0,0.0,0.0,0.0,0.0,0.0,0.0,0.3098866455198539,0.0,0.0,0.18160730961618476,0.0,0.0,0.0,0.0,0.0,0.17919379478951522,0.0,0.0,0.0,0.0,0.0,0.0,0.0,0.0,0.0,0.0,0.0,0.23885996056029268,0.0,0.0,0.0,0.0,0.0,0.0,0.0,0.0,0.0,0.0,0.0,0.0,0.19702072556648476,0.21475940246475747,0.0,0.0,0.0,0.2418756809918616,0.0,0.0,0.0,0.0,0.0,0.0,0.0,0.0,0.19305559491270075,0.0,0.0,0.0,0.0,0.0,0.0,0.0
20.0,4.0,8.0,1,1.0,0.0,1.0,0.0,0.0,0.0,0.0,1.0,0.0,0.0,0.0,0.0,0.0,0.0,0.0,0.0,0.0,0.0,0.0,0.0,0.0,0.0,0.0,0.0,0.0,0.0,0.0,0.0,0.0,0.0,0.0,0.0,0.0,1.0,0.0,0.0,0.0,0.0,0.0,0.0,0.0,0.0,0.0,0.0,0.0,0.0,0.0,0.0,0.0,0.0,0.0,0.0,0.0,0.0,0.0,0.0,0.0,0.0,0.0,0.0,0.0,0.0,0.0,0.0,0.0,0.0,0.0,0.0,0.0,0.0,0.0,0.0,0.0,0.0,0.0,0.0,0.0,0.0,0.0,0.0,0.0,0.1515492616774905,0.0,0.0,0.2840861011425308,0.0,0.0,0.0,0.0,0.0,0.0,0.0,0.0,0.0,0.0,0.0,0.0,0.5121782698310289,0.0,0.14586577228499895,0.0,0.0,0.0,0.0,0.0,0.0,0.0,0.14297638644383617,0.1766911500379746,0.09727601093923119,0.16624414209113775,0.0766427046268313,0.0,0.0,0.0,0.2004746322842344,0.0,0.0,0.0,0.0,0.0,0.0,0.0,0.14994567134932535,0.2155476984473078,0.0,0.19693971196550764,0.0,0.0,0.13888501831148928,0.0,0.0,0.19693971196550764,0.0,0.0,0.0,0.0,0.0,0.0,0.0,0.0,0.0,0.0,0.0,0.0,0.16687284011029158,0.0,0.0,0.0,0.0,0.0,0.0,0.0,0.14243966774711267,0.0,0.0,0.0,0.24063690279340264,0.3679158507130491,0.0,0.0,0.0,0.0,0.0,0.0,0.0,0.0,0.14586577228499895,0.0,0.0,0.0,0.2222923594743141,0.0,0.0
20.0,5.0,1.0,1,0.0,0.0,0.0,0.0,0.0,1.0,0.0,0.0,0.0,0.0,0.0,0.0,1.0,0.0,0.0,0.0,0.0,0.0,0.0,0.0,0.0,0.0,0.0,0.0,0.0,0.0,0.0,0.0,0.0,0.0,0.0,0.0,0.0,0.0,0.0,0.0,0.0,0.0,0.0,0.0,0.0,0.0,0.0,0.0,0.0,0.0,0.4754826697814151,0.0,0.0,0.0,0.0,0.0,0.0,0.0,0.0,0.0,0.0,0.6765345409097343,0.0,0.0,0.0,0.0,0.0,0.0,0.0,0.0,0.5623319710754429,0.0,0.0,0.0,0.0,0.0,0.0,0.0,0.0,0.0,0.0,0.0,0.13756257904701308,0.10802339127777168,0.0,0.0,0.0,0.0,0.0,0.0,0.0,0.0,0.29183842974316077,0.07894345043506015,0.0,0.0,0.12991855140191208,0.0,0.16105546198597215,0.0,0.0,0.0,0.0,0.1135635362942414,0.0,0.0,0.0,0.0,0.14155631933878782,0.0,0.0,0.0,0.0,0.07573406444708822,0.12942907968282508,0.35802024418334744,0.0,0.2535372859419128,0.3200347471320732,0.0,0.24955934055567483,0.0,0.0,0.0,0.0,0.09377727348148683,0.0,0.11673993441842369,0.0,0.12831734308601758,0.15332706074372487,0.09253099743439075,0.0,0.0,0.0,0.17570164588763143,0.15332706074372487,0.0,0.0,0.0,0.16105546198597215,0.0,0.0,0.0,0.0,0.0,0.14826173403869744,0.0,0.0,0.0,0.27612465413364856,0.1436874081125118,0.0,0.0,0.15703336316930763,0.0,0.10173635908167557,0.05544807436501838,0.0,0.0,0.0,0.18734743055909372,0.21483017097412108,0.12526911633434532,0.0,0.0,0.0,0.0,0.0,0.0,0.09968886912934058,0.0,0.0,0.0,0.0,0.08653265957338638,0.0,0.0
20.0,5.0,5.0,1,0.0,0.0,0.0,0.0,1.0,0.0,0.0,0.0,0.0,0.0,1.0,0.0,0.0,0.0,0.0,0.0,0.0,0.0,0.0,0.0,0.0,0.0,0.0,0.0,0.0,0.0,0.0,0.0,0.0,0.0,0.0,0.0,0.0,0.0,0.0,0.0,0.0,0.0,1.0,0.0,0.0,0.0,0.0,0.0,0.0,0.0,0.0,0.0,0.0,0.0,0.0,0.0,0.0,0.0,0.0,0.0,0.0,0.0,0.0,0.0,0.0,0.0,0.0,0.0,0.0,0.0,0.0,0.0,0.0,0.0,0.0,0.0,0.0,0.0,0.0,0.0,0.29486112629730876,0.0,0.13303836500434998,0.47011803324861967,0.11057744512705919,0.228215912193186,0.0,0.0,0.0,0.0,0.0,0.0,0.0,0.0,0.0,0.0,0.0,0.0,0.0,0.15475465710947675,0.0,0.0,0.0,0.0,0.0,0.0,0.0,0.0,0.0,0.0,0.0,0.21530613935819642,0.0,0.07324329173656517,0.1251723634749247,0.3462455287955354,0.0,0.0,0.0,0.0,0.0,0.0,0.15475465710947675,0.0,0.14828437801603375,0.0906930883745574,0.0,0.0,0.0,0.0,0.0,0.0,0.0,0.10457250267366898,0.18187601991138858,0.0,0.14828437801603375,0.0,0.0,0.0,0.0,0.0,0.0,0.0,0.0,0.13492874920109096,0.0,0.10872789022058449,0.0,0.0,0.0,0.0,0.0,0.0,0.0,0.0,0.0,0.21449790218430273,0.0,0.0,0.0,0.06039529069125142,0.13850983263035205,0.0,0.12114921469279384,0.0,0.11250506302112925,0.0,0.0,0.0,0.0,0.21965722505878074,0.0,0.135576671631164,0.0,0.16737347654970855,0.0,0.2404147434566448
20.0,4.0,0.0,1,0.0,0.0,0.0,0.0,0.0,0.0,0.0,0.0,0.0,0.0,0.0,0.0,0.0,0.0,0.0,0.0,0.0,1.0,0.0,0.0,0.0,0.0,0.0,0.0,0.0,0.0,0.0,0.0,0.0,0.6210811078234925,0.0,0.0,0.0,0.0,0.0,0.0,0.0,0.0,0.0,0.44240235571419234,0.0,0.0,0.0,0.0,0.0,0.0,0.0,0.0,0.0,0.0,0.0,0.0,0.0,0.6469454483673848,0.0,0.0,0.0,0.0,0.0,0.0,0.0,0.0,0.0,0.0,0.0,0.0,0.0,0.0,0.0,0.0,0.0,0.0,0.0,0.0,0.0,0.0,0.0,0.0,0.0,0.0,0.0,0.24975071365026236,0.0,0.0,0.0,0.0,0.0,0.0,0.0,0.16710271473727067,0.0,0.0,0.0,0.0,0.0,0.0,0.0,0.0,0.0,0.0,0.0,0.0,0.08978198255365807,0.0,0.1498189217684746,0.0,0.0,0.0,0.0,0.08015464042584709,0.0,0.0,0.0,0.0,0.0,0.0,0.0,0.279709341633676,0.16935754252348523,0.0,0.0,0.0,0.0,0.1235540114604992,0.0,0.0,0.16227671802893442,0.19586401130710018,0.0,0.11444012347760645,0.0,0.1859573013962818,0.0,0.0,0.0,0.0,0.1704562238716691,0.15607557558675436,0.17510962691968354,0.0,0.0,0.0,0.0,0.23797523945912777,0.0,0.0,0.0,0.0,0.0,0.0,0.0,0.0,0.0,0.23473825129978504,0.3632214425385167,0.0,0.46090996018488195,0.0,0.15157983163647995,0.0,0.0,0.0,0.0,0.0,0.0,0.16935754252348523,0.0,0.0,0.0,0.1483698930929387,0.15607557558675436,0.0,0.0,0.0
20.0,4.0,0.0,1,0.0,0.0,0.0,0.0,0.0,1.0,0.0,0.0,1.0,0.0,0.0,0.0,0.0,0.0,0.0,0.0,0.0,0.0,0.0,0.0,0.0,0.0,0.0,0.0,0.0,0.0,0.0,0.0,0.0,0.0,0.0,0.0,0.0,0.0,0.0,0.0,0.0,0.0,0.0,0.0,0.0,0.0,0.0,0.0,0.0,0.0,0.0,0.0,0.0,0.0,0.0,0.0,0.0,0.0,0.0,0.0,0.0,0.0,0.0,0.0,0.0,0.0,0.0,0.0,0.0,0.0,0.0,0.0,0.0,0.0,0.0,0.0,0.0,0.0,0.0,0.0,0.0,0.0,0.0,0.0,0.0,0.0,0.0,0.0,0.0,0.0,0.0,0.0,0.0,0.0,0.0,0.0,0.0,0.36427764537940094,0.0,0.0,0.0,0.24756367414026906,0.0,0.0,0.0,0.0,0.0,0.0,0.0,0.0,0.0,0.0,0.0,0.1880751925049057,0.0,0.0,0.0,0.0,0.0,0.0,0.0,0.0,0.0,0.0,0.3807667880512933,0.0,0.0,0.0,0.0,0.0,0.0,0.0,0.0,0.0,0.0,0.21816550527822334,0.0,0.0,0.28889214129779534,0.0,0.0,0.0,0.0,0.0,0.0,0.0,0.0,0.0,0.0,0.0,0.0,0.0,0.0,0.0,0.38997088329247614,0.3400434402005824,0.0,0.1376977102227623,0.0,0.0,0.0,0.0,0.17783378394209096,0.0,0.3110887200034231,0.0,0.0,0.0,0.0,0.0,0.0,0.2820195126989316,0.0,0.0,0.0,0.0,0.0,0.0
20.0,2.0,3.0,0,0.0,0.0,1.0,0.0,0.0,0.0,0.0,1.0,0.0,0.0,0.0,0.0,0.0,0.0,0.0,0.0,0.0,0.0,0.0,0.0,0.0,0.0,0.0,0.0,0.0,0.0,0.0,0.0,0.0,0.0,0.0,0.0,0.0,0.0,0.0,0.0,0.0,0.0,0.0,0.0,0.4794847821644771,0.5086369244892313,0.45033263983972294,0.0,0.0,0.0,0.0,0.0,0.0,0.0,0.3800928606019238,0.0,0.0,0.0,0.0,0.0,0.0,0.0,0.0,0.0,0.0,0.0,0.0,0.0,0.0,0.40510832320905577,0.0,0.0,0.0,0.0,0.0,0.0,0.0,0.0,0.0,0.0,0.0,0.0,0.0,0.0,0.0,0.21796975981471084,0.0,0.0,0.0,0.0,0.0,0.0,0.0,0.0,0.0,0.25295953827956613,0.0,0.0,0.0,0.0,0.0,0.36832701532707385,0.0,0.0,0.0,0.0,0.0,0.0,0.0,0.0,0.0,0.0,0.0,0.0,0.11955253137201557,0.2204668202819961,0.0,0.0,0.0,0.0,0.0,0.0,0.0,0.0,0.0,0.0,0.0,0.0,0.0,0.2370512596158168,0.2832537832249693,0.0,0.0,0.19975507467426631,0.17371037801510758,0.3245882082074824,0.0,0.0,0.0,0.0,0.0,0.0,0.0,0.0,0.0,0.0,0.0,0.0,0.0,0.0,0.0,0.0,0.0,0.0,0.0,0.0,0.0,0.40973528769803086,0.0,0.0,0.0,0.11536747704750776,0.13229119153118837,0.0,0.0,0.0,0.0,0.0,0.2090888162076987,0.0,0.36832701532707385,0.0,0.0,0.0,0.0,0.0,0.0,0.0
20.0,4.0,0.0,1,0.0,0.0,0.0,0.0,0.0,1.0,0.0,0.0,0.0,0.0,0.0,0.0,1.0,0.0,0.0,0.0,0.0,0.0,0.0,0.0,0.0,0.0,0.0,0.0,0.0,0.0,0.0,0.0,0.0,0.0,0.0,0.0,0.0,0.0,0.0,0.0,0.0,0.0,0.0,0.0,0.0,0.0,0.0,0.0,0.0,0.0,0.0,0.0,0.0,0.0,0.0,0.0,0.0,0.0,0.0,0.0,0.0,0.0,0.0,1.0,0.0,0.0,0.0,0.0,0.0,0.0,0.0,0.0,0.0,0.0,0.0,0.0,0.0,0.0,0.0,0.0,0.0,0.09398766305746561,0.0,0.08910001242048536,0.0,0.0,0.11294164483867224,0.0,0.18242966291792778,0.0,0.0,0.0,0.1203573013553466,0.06511425285837337,0.0,0.0,0.0,0.0,0.0,0.0,0.0,0.0,0.0,0.0,0.0,0.0,0.0,0.0,0.0,0.0,0.0,0.09181418548556891,0.0,0.062467082389015285,0.05337794190175877,0.09843426140144872,0.0,0.3136844954495846,0.395957296014677,0.12873744771082393,0.0,0.0,0.0,0.0,0.0,0.0,0.0,0.0,0.27683363467858535,0.0,0.0,0.0,0.13552977503654828,0.08918685910016888,0.0,0.07246124494755177,0.0,0.0,0.0,0.0,0.0,0.0,0.0,0.0,0.0,0.0,0.0,0.18546173759698295,0.0,0.0,0.0,0.0,0.0,0.0,0.0,0.11294164483867224,0.08391433328068017,0.5030823844534229,0.0,0.0,0.0,0.0515093943768707,0.29532756247933073,0.10332465671803184,0.0,0.0,0.0,0.0,0.0,0.0,0.2466765588233144,0.0,0.0,0.11562941692016257,0.0,0.14274799099651822,0.10583889958915287,0.0
20.0,5.0,1.0,1,0.0,0.0,1.0,0.0,0.0,0.0,0.0,1.0,0.0,0.0,0.0,0.0,0.0,0.0,0.0,0.0,0.0,0.0,0.0,0.0,0.0,0.0,0.0,0.0,0.0,0.0,0.7389383451529093,0.0,0.0,0.0,0.0,0.0,0.0,0.6737730493739563,0.0,0.0,0.0,0.0,0.0,0.0,0.0,0.0,0.0,0.0,0.0,0.0,0.0,0.0,0.0,0.0,0.0,0.0,0.0,0.0,0.0,0.0,0.0,0.0,0.0,0.0,0.0,0.0,0.0,0.0,0.0,0.0,0.0,0.0,0.0,0.0,0.0,0.0,0.0,0.0,0.0,0.0,0.0,0.0,0.0,0.16153761831470934,0.0,0.0,0.13650820630406008,0.0,0.0,0.0,0.0,0.0,0.2909424481480526,0.07870108386700261,0.0,0.0,0.0,0.0,0.0,0.0,0.1411217231928641,0.19876562290392374,0.0,0.0,0.0,0.0,0.08457001251967354,0.0,0.0,0.0,0.0,0.11097226175345849,0.0,0.07550155110767966,0.2580634314515117,0.11897369196252187,0.0,0.0,0.0,0.0,0.0,0.0,0.0,0.0,0.0,0.0,0.0,0.0,0.0,0.0,0.0,0.0,0.0,0.2155934275447749,0.0,0.17516221918812486,0.0,0.0,0.23194770644973367,0.0,0.0,0.0,0.0,0.0,0.0,0.13908891329382525,0.0,0.2241604429753233,0.0,0.0,0.09175897195168334,0.0,0.0,0.0,0.0,0.0,0.10142401534623702,0.4422227330389967,0.0,0.0,0.0,0.062257416599863655,0.35695102443203997,0.0,0.0,0.0,0.11597385322486684,0.0,0.0,0.0,0.0,0.2264297632006507,0.0,0.0,0.0,0.08626699315508174,0.2558467846071903,0.12391364184871632
20.0,5.0,0.0,1,1.0,0.0,1.0,0.0,0.0,0.0,0.0,1.0,0.0,0.0,0.0,0.0,0.0,0.0,0.0,0.0,0.0,0.0,0.0,0.0,0.0,0.0,0.0,0.0,0.0,0.0,0.0,0.0,0.0,0.0,0.0,0.0,0.0,0.0,0.0,0.0,0.0,0.0,0.0,0.0,0.0,0.0,0.0,0.0,0.0,0.0,0.0,0.0,0.0,0.0,0.0,0.0,0.0,0.0,0.0,0.0,0.0,0.0,0.0,0.0,0.0,0.0,0.0,0.0,0.0,0.0,0.0,0.0,0.0,0.0,0.0,0.0,0.0,0.0,0.0,0.3683800778261522,0.0,0.0,0.0,0.1334738690492903,0.0,0.0,0.16918918307515848,0.0,0.0,0.0,0.17664939124481252,0.0,0.0,0.09754264924504889,0.0,0.0,0.0,0.0,0.0,0.0,0.0,0.0,0.0,0.0,0.19169600078715265,0.0,0.0,0.20031186745341567,0.0,0.0,0.0,0.0,0.0,0.0,0.07996138534631604,0.2949135776605093,0.0,0.15663553098377328,0.0,0.0,0.0,0.0,0.0,0.0,0.0,0.11587134390441121,0.0,0.14424404321209017,0.0,0.0,0.0,0.228662886592776,0.0,0.13360396737404404,0.11618426072383102,0.21709722493943034,0.0,0.0,0.0,0.0,0.0,0.0,0.0,0.0,0.0,0.0,0.0,0.2778259509196452,0.0,0.0,0.0,0.0,0.0,0.0,0.0,0.0,0.0,0.20553517888920436,0.0,0.0,0.0,0.15432451630693586,0.17696299396676363,0.15478271355633028,0.15478271355633028,0.4060534438567361,0.0,0.0,0.0,0.0,0.0,0.0,0.0,0.17321552750647193,0.0,0.0,0.0,0.0
20.0,5.0,1.0,1,1.0,0.0,0.0,0.0,0.0,1.0,0.0,0.0,0.0,0.0,0.0,0.0,0.0,0.0,0.0,0.0,0.0,0.0,0.0,0.0,0.0,1.0,0.0,0.0,0.33487615114861535,0.0,0.0,0.0,0.0,0.0,0.45294493861309154,0.0,0.34573268386738193,0.0,0.0,0.43613963269072936,0.40962282732253574,0.0,0.0,0.0,0.0,0.0,0.0,0.0,0.0,0.0,0.0,0.0,0.0,0.0,0.0,0.0,0.0,0.0,0.0,0.0,0.0,0.0,0.0,0.0,0.45294493861309154,0.0,0.0,0.0,0.0,0.0,0.0,0.0,0.0,0.0,0.0,0.0,0.0,0.0,0.0,0.0,0.0,0.0,0.13504050864885206,0.265107229836445,0.0,0.23165041800778233,0.0,0.0,0.0,0.0,0.0,0.0,0.0,0.15499220464022606,0.0,0.13441814780024888,0.12753662649956823,0.14399785612112245,0.0,0.0,0.0,0.0,0.0,0.0,0.0,0.0,0.0,0.0,0.0,0.0,0.0,0.10927318060922049,0.0,0.1486911143398165,0.3811683862443768,0.2928802550327683,0.0,0.12444446844568216,0.0,0.0,0.0,0.0,0.0,0.0,0.0,0.0,0.0,0.11459962609533429,0.0,0.12596477471451797,0.0,0.0,0.0,0.2122925060192068,0.18461313951851102,0.0,0.0,0.0,0.0,0.0,0.0,0.0,0.0,0.0,0.0,0.1369593419377406,0.0,0.0,0.0,0.0,0.0,0.1410530451840209,0.15608647805155534,0.15914463156628647,0.30830863137533854,0.0,0.0,0.3265889408758088,0.0,0.0,0.0,0.06130420179679147,0.0,0.0,0.0,0.0,0.0,0.0,0.22221207068558163,0.15708361727956532,0.0,0.0,0.0,0.0,0.0,0.08494617100435775,0.0,0.12201641700124265
20.0,5.0,3.0,1,0.0,0.0,0.0,0.0,0.0,1.0,0.0,0.0,1.0,0.0,0.0,0.0,0.0,0.0,0.0,0.0,0.0,0.0,0.0,0.0,0.0,0.0,0.0,0.0,0.4034669727621777,0.0,0.0,0.42007299219868655,0.0,0.0,0.5457191340241849,0.6024480972459452,0.0,0.0,0.0,0.0,0.0,0.0,0.0,0.0,0.0,0.0,0.0,0.0,0.0,0.0,0.0,0.0,0.0,0.0,0.0,0.0,0.0,0.0,0.0,0.0,0.0,0.0,0.0,0.0,0.0,0.0,0.0,0.0,0.0,0.0,0.0,0.0,0.0,0.0,0.0,0.0,0.0,0.0,0.0,0.13477657290263925,0.13782806105214535,0.10302380973466038,0.0,0.19533250276371927,0.0,0.0,0.0,0.0,0.0,0.0,0.1292588877108007,0.0,0.13192867352632276,0.14274891361846173,0.0,0.0,0.0,0.0,0.0,0.0,0.0,0.0,0.0,0.0,0.0,0.24208819072013701,0.07669702130331593,0.14657332810402313,0.0,0.0,0.0,0.0,0.0,0.06847278250540641,0.17552938603715199,0.3776426927572388,0.15064332671571393,0.0,0.0,0.0,0.0,0.11947204062459439,0.0,0.1286167302820548,0.13862626493304442,0.0,0.0,0.10554706389372272,0.0,0.0,0.0,0.08365924777165389,0.0,0.0,0.08501500177745494,0.15885560444350716,0.0,0.0,0.10517734154699382,0.0,0.0,0.1333288863224915,0.0,0.0,0.0,0.0,0.0,0.0,0.0,0.35238639752825046,0.0,0.12991084944777267,0.0,0.0,0.2839544239672167,0.0,0.09198201151819117,0.15039535897318965,0.0,0.0,0.13124541632126566,0.056461602227365855,0.258976717722357,0.1132584791272993,0.0,0.0,0.0,0.0,0.0,0.0,0.09013083219470208,0.20535042924186772,0.0,0.12674624159161182,0.1333288863224915,0.07823602261202378,0.0,0.0
20.0,5.0,2.0,1,0.0,0.0,0.0,0.0,0.0,0.0,0.0,0.0,0.0,0.0,0.0,0.0,0.0,0.0,0.0,0.0,0.0,0.0,1.0,0.0,0.0,0.0,0.0,0.0,0.0,0.0,0.0,0.0,0.0,0.0,0.0,0.0,0.0,0.0,0.0,0.0,0.0,0.0,0.0,1.0,0.0,0.0,0.0,0.0,0.0,0.0,0.0,0.0,0.0,0.0,0.0,0.0,0.0,0.0,0.0,0.0,0.0,0.0,0.0,0.0,0.0,0.0,0.0,0.0,0.0,0.0,0.0,0.0,0.0,0.0,0.0,0.0,0.0,0.0,0.0,0.0,0.0,0.14622186164546302,0.0,0.1386178703133781,0.0,0.0,0.0,0.0,0.0,0.17570963069391451,0.0,0.0,0.0,0.0,0.1653366838117128,0.0,0.16671419677265745,0.0,0.0,0.0,0.0,0.0,0.0,0.0,0.0,0.0,0.0,0.0,0.0,0.0,0.0,0.14284046108214565,0.0,0.0,0.08304304822332283,0.07656984163451169,0.0,0.0,0.0,0.20028404426070986,0.0,0.0,0.0,0.0,0.0,0.0,0.0,0.0,0.0,0.0,0.0,0.11873770718182626,0.4217024951906336,0.0,0.48264772423804553,0.0,0.0,0.0,0.0,0.0,0.0,0.0,0.0,0.0,0.0,0.0,0.0,0.14426659655774435,0.22365826095938013,0.0,0.0,0.0,0.0,0.0,0.0,0.0,0.0,0.2846085052705897,0.0,0.0,0.1862768340285214,0.0,0.1837830395018611,0.0,0.0,0.0,0.0,0.0,0.29047268925261355,0.0,0.0,0.14572710003044526,0.0,0.0,0.0,0.22208102968682883,0.0,0.0
20.0,5.0,0.0,1,1.0,0.0,0.0,0.0,1.0,0.0,0.0,0.0,0.0,0.0,0.0,0.0,0.0,0.0,0.0,0.0,1.0,0.0,0.0,0.0,0.0,0.0,0.0,0.0,0.0,0.0,0.0,0.0,0.0,0.0,0.0,0.0,0.0,0.0,0.0,0.0,0.0,0.0,0.0,0.0,0.0,0.0,0.0,0.0,0.0,0.0,0.0,0.0,0.0,0.0,0.0,0.0,0.0,0.0,0.0,0.0,0.0,0.0,0.0,0.0,0.0,0.0,0.0,0.0,0.0,0.0,0.0,0.0,0.0,0.0,0.0,0.0,0.0,0.0,0.0,0.0,0.0,0.0,0.18479502508313705,0.21767022804129507,0.0,0.0,0.0,0.0,0.0,0.0,0.0,0.0,0.0,0.0,0.17308433892169778,0.0,0.0,0.0,0.0,0.0,0.0,0.0,0.0,0.0,0.0,0.0,0.0,0.0,0.19016002581594407,0.0,0.20966932805370087,0.14953394617391144,0.18479502508313705,0.30521261892810087,0.0869344344667342,0.4007894713716786,0.0,0.0,0.0,0.0,0.0,0.17751274337769554,0.0,0.0,0.0,0.12597592837596513,0.0,0.0,0.0,0.0,0.0,0.0,0.0,0.0,0.12631613317123688,0.11801461663442954,0.0,0.21225940368899754,0.0,0.0,0.0,0.19810138220511986,0.0,0.16569049641792405,0.0,0.0,0.0,0.0,0.0,0.0,0.24728848373442916,0.1930228291024405,0.0,0.0,0.0,0.0,0.0,0.14897261107024445,0.0,0.0,0.0,0.16778241761807935,0.0961975441984352,0.0,0.0,0.2207317091372873,0.0,0.0,0.0,0.0,0.13391728476514092,0.0,0.0,0.18832082335009148,0.0,0.11624385866529527,0.0,0.1669723186464821
20.0,5.0,1.0,1,0.0,0.0,0.0,0.0,0.0,1.0,0.0,0.0,0.0,0.0,0.0,0.0,0.0,0.0,0.0,0.0,0.0,0.0,0.0,0.0,0.0,0.0,0.0,0.0,0.0,0.0,0.0,0.0,0.0,0.0,0.0,0.0,0.0,0.0,0.0,0.0,0.0,0.0,0.0,0.0,0.0,0.0,0.0,0.0,0.0,0.0,0.0,0.0,0.0,0.0,0.0,0.0,0.0,0.0,0.0,0.0,0.0,0.0,0.0,0.0,0.0,0.0,0.0,0.0,0.0,0.0,0.0,0.0,0.0,0.0,0.0,0.0,0.0,0.0,0.0,0.0,0.3600967840236301,0.0,0.0,0.0,0.0,0.0,0.0,0.0,0.26122444225454916,0.0,0.0,0.0,0.0,0.18647663010157006,0.0,0.0,0.0,0.34649787727902975,0.0,0.0,0.0,0.0,0.0,0.0,0.0,0.0,0.0,0.0,0.0,0.0,0.0,0.0,0.0,0.0,0.0,0.0,0.0,0.0,0.0,0.0,0.0,0.3121388872573658,0.0,0.0,0.0,0.0,0.0,0.0,0.0,0.30310539494281646,0.0,0.0,0.0,0.0,0.0,0.0,0.0,0.0,0.0,0.0,0.0,0.0,0.0,0.0,0.0,0.0,0.0,0.0,0.0,0.0,0.0,0.0,0.0,0.3829451250419193,0.0,0.32344650215756326,0.0,0.0,0.0,0.0,0.0,0.0,0.16915402146144579,0.0,0.0,0.0,0.0,0.0,0.0,0.0,0.0,0.0,0.0,0.0,0.0,0.0,0.30310539494281646,0.2936045759498071
20.0,5.0,0.0,1,0.0,0.0,0.0,0.0,0.0,1.0,0.0,0.0,0.0,0.0,0.0,0.0,1.0,0.0,0.0,0.0,0.0,0.0,0.0,0.0,0.0,0.0,0.0,0.0,0.0,0.0,0.0,0.0,0.0,0.0,0.0,0.0,0.0,0.0,0.0,0.0,0.0,0.0,0.0,0.0,0.0,0.0,0.0,0.0,0.0,0.0,0.0,0.0,0.0,0.0,0.0,0.0,0.0,0.0,0.0,0.0,0.0,0.0,0.0,0.0,0.0,0.0,0.0,0.0,0.0,0.0,0.0,0.0,0.0,0.0,0.0,0.0,0.0,0.0,0.0,0.0,0.15609036288174852,0.0,0.0,0.11060708902903958,0.0,0.0,0.0,0.0,0.0,0.0,0.0,0.0,0.0,0.08083161570143209,0.1319267801819875,0.0,0.0,0.0,0.0,0.0,0.0,0.0,0.0,0.0,0.0,0.0,0.3474376928992556,0.0,0.0,0.0,0.0,0.0,0.0,0.1550909355787613,0.1325247575556415,0.18329167671083166,0.0,0.0,0.0,0.0,0.0,0.0,0.0,0.0,0.0,0.0,0.0,0.1195321139868697,0.5154841449284746,0.0,0.15699432926183143,0.0947441489302465,0.0,0.11071489887295181,0.0,0.17990406854817012,0.0,0.0,0.0,0.14787391068917846,0.0,0.0,0.0,0.12629111238689672,0.0,0.0,0.0,0.11511436623073665,0.0,0.26605187286676285,0.28272898898664567,0.0,0.0,0.0,0.0,0.0,0.0,0.2270971138837924,0.0,0.0,0.0,0.12788559765373406,0.21996846762528863,0.0,0.0,0.16824412798966862,0.0,0.0,0.0,0.0,0.10207322222128908,0.0,0.0,0.14354019560971334,0.0,0.08860234314197654,0.0,0.0
20.0,4.0,1.0,1,1.0,0.0,0.0,0.0,0.0,1.0,0.0,0.0,0.0,0.0,0.0,0.0,0.0,0.0,0.0,0.0,0.0,0.0,0.0,0.0,0.0,0.0,0.0,0.0,0.0,0.0,0.0,0.0,0.0,0.0,0.0,0.0,0.0,0.0,0.0,0.0,0.0,0.0,0.0,0.0,0.0,0.0,0.0,0.0,0.0,0.0,0.0,0.0,0.0,0.0,0.0,0.0,0.0,0.0,0.0,0.0,0.0,0.0,0.0,0.0,0.0,0.0,0.0,0.0,0.0,0.0,0.0,0.0,0.0,0.0,0.0,0.0,0.0,0.0,0.0,0.0,0.0,0.1305023690582741,0.0,0.1855737603064816,0.13094757600881024,0.13512846346738505,0.0,0.0,0.0,0.0,0.0,0.17663108939043512,0.0,0.09041148573171426,0.14756226385616394,0.0,0.0,0.0,0.0,0.18326293577569397,0.0,0.0,0.0,0.0,0.0,0.0,0.1943073742967644,0.0,0.0,0.0,0.0,0.0,0.0,0.2602076264500977,0.07411555567006001,0.06833824723110886,0.0,0.0,0.0,0.0,0.1429062869276663,0.0,0.0,0.16292144549465534,0.17560072796818596,0.0,0.0,0.0,0.0,0.0,0.0,0.0,0.18818381205403936,0.0,0.0,0.0,0.0,0.0,0.2664605837909743,0.16539939045324045,0.0,0.0,0.0,0.282517354293289,0.0,0.15978477908837038,0.0,0.12875730355840437,0.0,0.0,0.0,0.0,0.0,0.0,0.0,0.0,0.0,0.5080236809185597,0.0,0.1820996148293919,0.0,0.07152106751317529,0.0,0.0,0.14346683431836857,0.0,0.0,0.0,0.0,0.0,0.1141705704428555,0.0,0.0,0.0,0.0,0.19820634323001263,0.0,0.0
20.0,1.0,0.0,0,0.0,0.0,1.0,0.0,0.0,0.0,0.0,1.0,0.0,0.0,0.0,0.0,0.0,0.0,0.0,0.0,0.0,0.0,0.0,0.0,0.0,0.0,0.0,0.0,0.0,0.0,0.0,0.0,0.0,0.0,0.0,0.0,0.0,0.0,0.0,0.0,0.0,0.5285748148728799,0.0,0.0,0.0,0.0,0.0,0.0,0.0,0.0,0.0,0.0,0.6747774436722342,0.0,0.5150573430146059,0.0,0.0,0.0,0.0,0.0,0.0,0.0,0.0,0.0,0.0,0.0,0.0,0.0,0.0,0.0,0.0,0.0,0.0,0.0,0.0,0.0,0.0,0.0,0.3232427148488821,0.0,0.0,0.2301826056101088,0.277882960592526,0.10910619730113233,0.0,0.0,0.0,0.32119082683709393,0.0,0.0,0.0,0.0,0.0,0.0,0.0,0.0,0.0,0.0,0.0,0.0,0.0,0.2013762629611263,0.0,0.0,0.0,0.0,0.0,0.0,0.0,0.0,0.0,0.2248596013512581,0.0,0.0,0.2614529045485377,0.24107264755416505,0.0,0.0,0.0,0.0,0.252060876139248,0.0,0.0,0.0,0.0,0.0,0.0,0.23582022684004975,0.0,0.0,0.0,0.18691702126971887,0.0,0.0,0.0,0.3549256918449347,0.0,0.0,0.0,0.2917346476970857,0.0,0.0,0.0,0.0,0.0,0.0,0.0,0.22710462528975958,0.0,0.0,0.0,0.0,0.0,0.0,0.0,0.0,0.0,0.0,0.0,0.0,0.0,0.12615024382314394,0.0,0.0,0.0,0.0,0.0,0.0,0.0,0.0,0.0,0.0,0.0,0.0,0.0,0.0,0.0,0.0
20.0,5.0,6.0,1,0.0,0.0,0.0,0.0,0.0,1.0,0.0,0.0,0.0,0.0,0.0,0.0,0.0,0.0,0.0,0.0,0.0,0.0,0.0,0.0,0.0,0.0,0.0,0.0,0.0,0.0,0.0,0.0,0.0,0.0,0.0,0.0,0.0,0.0,0.0,0.0,0.0,0.0,0.0,0.0,0.0,0.0,0.0,0.0,0.0,0.0,0.0,0.0,0.0,0.0,0.0,0.0,0.0,0.0,0.0,0.0,0.0,0.0,0.0,0.0,0.0,0.0,0.0,0.0,0.0,0.0,0.0,0.0,0.0,0.0,0.0,0.0,0.0,0.0,0.0,0.0,0.0,0.1994776536428841,0.0,0.18910419558281027,0.0,0.0,0.0,0.0,0.0,0.0,0.0,0.0,0.0,0.0,0.0,0.0,0.0,0.0,0.0,0.0,0.0,0.0,0.0,0.0,0.0,0.0,0.0,0.0,0.0,0.2065488084802944,0.0,0.0,0.0,0.0,0.0,0.0,0.0,0.0,0.0,0.27322994497296216,0.0,0.0,0.0,0.0,0.26841214796211577,0.16416514660297366,0.0,0.0,0.0,0.0,0.0,0.0,0.0,0.0,0.0,0.15379038750375418,0.26841214796211577,0.0,0.0,0.0,0.0,0.0,0.0,0.0,0.0,0.0,0.0,0.0,0.0,0.0,0.0,0.0,0.0,0.0,0.0,0.0,0.0,0.38826640694700243,0.0,0.0,0.0,0.32796771820728793,0.0,0.0,0.4385886278067701,0.0,0.0,0.0,0.0,0.0,0.17451390094566627,0.1988026937910146,0.0,0.0,0.0,0.30296565932074393,0.0,0.0
20.0,4.0,0.0,1,0.0,1.0,0.0,1.0,0.0,0.0,0.0,0.0,0.0,0.0,0.0,0.0,0.0,0.0,0.0,0.0,0.0,0.0,0.0,0.0,0.0,0.0,1.0,0.0,0.0,0.0,0.0,0.0,0.0,0.0,0.0,0.0,0.0,0.0,0.0,0.0,0.0,0.0,0.0,0.0,0.0,0.0,0.0,0.0,0.0,0.0,0.0,0.0,0.0,0.0,0.0,0.0,0.0,0.0,0.0,0.0,0.0,0.0,0.0,0.0,0.0,0.0,0.0,0.0,0.0,0.0,0.0,0.0,0.0,0.0,0.0,0.0,0.0,0.0,0.0,0.3683687119875882,0.0,0.0,0.0,0.0,0.2825432915073295,0.0,0.0,0.0,0.0,0.0,0.0,0.0,0.0,0.0,0.0,0.0,0.0,0.36248272065505427,0.0,0.0,0.0,0.0,0.0,0.0,0.0,0.0,0.0,0.0,0.0,0.0,0.0,0.0,0.33993458161283024,0.18714847955025343,0.0,0.0,0.0,0.0,0.3954232270926277,0.0,0.0,0.0,0.0,0.0,0.0,0.0,0.0,0.0,0.0,0.0,0.0,0.0,0.0,0.0,0.0,0.0,0.0,0.0,0.0,0.0,0.0,0.0,0.0,0.0,0.0,0.0,0.0,0.0,0.0,0.32104521971386296,0.22744634823939636,0.0,0.0,0.0,0.0,0.0,0.0,0.13701922493084345,0.0,0.0,0.0,0.0,0.0,0.0,0.0,0.0,0.0,0.0,0.2796848443241774,0.0,0.0,0.0,0.0,0.0,0.0,0.0,0.0,0.3071493145147201
20.0,4.0,0.0,0,0.0,0.0,0.0,0.0,0.0,0.0,0.0,0.0,0.0,0.0,0.0,0.0,0.0,0.0,0.0,0.0,0.0,1.0,0.0,0.0,0.0,0.0,0.0,0.0,0.0,0.0,0.0,0.57863033660873,0.0,0.0,0.0,0.0,0.0,0.0,0.0,0.0,0.0,0.0,0.0,0.0,0.0,0.0,0.0,0.0,0.0,0.0,0.5396392586721597,0.0,0.0,0.0,0.0,0.0,0.0,0.0,0.0,0.0,0.0,0.0,0.0,0.0,0.0,0.0,0.0,0.0,0.0,0.6115361020052944,0.0,0.0,0.0,0.0,0.0,0.0,0.0,0.0,0.12063358294695209,0.0,0.0,0.1718074448161606,0.0,0.08143646181356891,0.17239356343713255,0.0,0.0,0.0,0.0,0.0,0.43111663749511603,0.11626814272511278,0.0,0.1190274663800346,0.0,0.0,0.0,0.0,0.12141617500381327,0.0,0.0,0.0,0.0,0.08561305544517626,0.0,0.0,0.0,0.0,0.0,0.08894886812322349,0.0,0.08391718707011529,0.0,0.0570942475919174,0.0,0.04498393295354308,0.0,0.09556809530184192,0.0,0.0,0.0,0.0,0.12063358294695209,0.0,0.0,0.0,0.0,0.08800767221738541,0.0,0.0,0.0,0.0697570864051163,0.0,0.0,0.0708875465974537,0.1986864169879142,0.0,0.11911818381389273,0.0,0.0,0.0,0.0,0.37419239891656114,0.0,0.1149243415397025,0.0,0.0,0.08475502584903324,0.0,0.0979427420762072,0.27755241509767264,0.0,0.0,0.0,0.0,0.0,0.07669680634356504,0.20900542638267997,0.25872307405798345,0.23973564427688257,0.10943557455342147,0.0,0.10797049792021293,0.09443763510950451,0.0,0.1238727700427107,0.0,0.11626814272511278,0.08532474208674293,0.0,0.22545974593263698,0.0,0.0,0.10568405480243326,0.0,0.13047014250560202,0.0,0.0
20.0,5.0,0.0,1,0.0,1.0,0.0,1.0,0.0,0.0,0.0,0.0,0.0,0.0,0.0,0.0,0.0,0.0,0.0,0.0,0.0,0.0,0.0,0.0,1.0,0.0,0.0,0.0,0.0,0.0,0.0,0.0,0.0,0.0,0.0,0.0,0.0,0.0,0.0,0.0,0.0,0.0,0.0,0.0,0.0,0.0,0.0,0.0,0.0,0.0,0.0,0.0,0.0,0.0,0.0,0.0,0.0,0.0,1.0,0.0,0.0,0.0,0.0,0.0,0.0,0.0,0.0,0.0,0.0,0.0,0.0,0.0,0.0,0.0,0.0,0.0,0.0,0.0,0.0,0.0,0.0,0.0,0.0,0.5043682359887917,0.0,0.0,0.0,0.0,0.0,0.0,0.0,0.0,0.0,0.0,0.0,0.0,0.0,0.0,0.0,0.0,0.0,0.46545381028811744,0.0,0.0,0.0,0.0,0.0,0.0,0.0,0.0,0.0,0.0,0.0,0.0,0.30215639331956473,0.27860329889524077,0.0,0.0,0.0,0.0,0.0,0.0,0.0,0.0,0.0,0.0,0.0,0.0,0.0,0.0,0.0,0.0,0.0,0.0,0.0,0.0,0.0,0.0,0.0,0.0,0.0,0.0,0.0,0.0,0.0,0.0,0.0,0.0,0.0,0.0,0.0,0.0,0.0,0.0,0.0,0.0,0.0,0.0,0.0,0.0,0.0,0.2915791106302939,0.3343520111391659,0.0,0.0,0.0,0.0,0.0,0.0,0.0,0.0,0.0,0.0,0.0,0.0,0.40402661264559236,0.0,0.0
20.0,5.0,1.0,1,0.0,0.0,0.0,0.0,0.0,1.0,0.0,0.0,0.0,0.0,0.0,0.0,0.0,0.0,0.0,0.0,0.0,0.0,0.0,0.0,0.0,0.0,0.0,0.0,0.0,0.0,0.4651324931038477,0.0,0.0,0.0,0.0,0.0,0.0,0.0,0.0,0.0,0.0,0.0,0.0,0.4184423075348704,0.0,0.0,0.0,0.6262663674371243,0.0,0.0,0.0,0.0,0.0,0.0,0.0,0.0,0.0,0.0,0.0,0.0,0.0,0.0,0.0,0.0,0.0,0.0,0.0,0.0,0.0,0.0,0.0,0.0,0.0,0.4651324931038477,0.0,0.0,0.0,0.0,0.0,0.0,0.0,0.0,0.0,0.1266634483581,0.0,0.13834798458987244,0.0,0.0,0.0,0.0,0.0,0.1808394368295201,0.0,0.1851311931446286,0.0,0.1605564108228225,0.0,0.0,0.0,0.0,0.0,0.11689075650636331,0.0,0.0,0.0,0.0,0.0,0.0,0.0,0.0,0.0,0.0,0.0,0.0,0.22764421700509074,0.27986579680483953,0.3907389290358755,0.0,0.0,0.0,0.14631111961423726,0.0,0.0,0.0,0.17978452639459364,0.1099590810497905,0.0,0.0,0.0,0.15045923819991056,0.0,0.0,0.0,0.0,0.22051206296840684,0.0,0.0,0.0,0.0,0.0,0.0,0.0,0.0,0.1446242544879277,0.17874933507090704,0.1635917525277683,0.0,0.0,0.0,0.0,0.0,0.0,0.0,0.0,0.0,0.0,0.0,0.19504787493192105,0.0,0.0,0.0,0.07322510218990415,0.2519003518133549,0.0,0.2937700448022349,0.0,0.13640458787951726,0.0,0.13271114464321704,0.0,0.0,0.26631915448351184,0.0,0.16437731354767912,0.0,0.10146436737001477,0.0,0.14574310311352218
20.0,4.0,0.0,1,1.0,0.0,0.0,0.0,0.0,1.0,0.0,0.0,0.0,0.0,0.0,0.0,1.0,0.0,0.0,0.0,0.0,0.0,0.0,0.0,0.0,0.0,0.0,0.0,0.0,0.0,0.0,0.0,0.0,0.0,0.0,0.0,0.0,0.0,0.0,0.0,0.0,0.0,0.0,0.0,0.0,0.0,0.0,0.0,0.0,0.0,0.0,0.0,0.0,0.0,0.0,0.0,0.0,0.0,0.0,0.0,0.0,0.0,0.0,0.0,0.0,0.0,0.0,0.0,0.0,0.0,0.0,0.0,0.0,0.0,0.0,0.0,0.0,0.0,0.0,0.0,0.0,0.0,0.0,0.06867780207823157,0.0,0.0,0.0,0.0,0.14061578604444033,0.0,0.0,0.0,0.0,0.20075883936694655,0.0,0.0,0.0,0.0,0.0,0.0,0.17999392108462153,0.0,0.0,0.0,0.0,0.0,0.2157299077022791,0.0,0.0,0.0,0.0,0.14153974365332855,0.0,0.0,0.3291474045567693,0.45523554073206796,0.0,0.0,0.0,0.0,0.0,0.33604554465053754,0.0,0.0,0.0,0.11924115603882197,0.0,0.0,0.0,0.0,0.0,0.11765647148698792,0.0,0.13748948604752975,0.0,0.0,0.0,0.20091184881330035,0.0,0.18363479700978574,0.0,0.0,0.0,0.0,0.0,0.0,0.0,0.14295289261757807,0.0,0.16519608306922481,0.0,0.0,0.20217623361924794,0.0,0.0,0.1741096038015121,0.1293614179396524,0.07050420898317776,0.0,0.0,0.0,0.07940631872170126,0.0910547477299288,0.0,0.0,0.0,0.0,0.0,0.0,0.0,0.0,0.0,0.0,0.0,0.0,0.0,0.3263201788955293,0.15804584700078056
20.0,5.0,0.0,1,0.0,0.0,0.0,0.0,0.0,1.0,0.0,0.0,0.0,0.0,0.0,0.0,0.0,0.0,0.0,0.0,0.0,0.0,0.0,0.0,0.0,0.0,0.0,0.0,0.0,0.0,0.0,0.0,0.0,0.0,0.0,0.0,0.0,0.0,0.0,0.0,0.0,0.0,0.0,0.0,0.0,0.0,0.0,0.0,0.0,0.0,0.0,0.0,0.0,0.0,0.0,0.0,0.0,0.0,0.0,1.0,0.0,0.0,0.0,0.0,0.0,0.0,0.0,0.0,0.0,0.0,0.0,0.0,0.0,0.0,0.0,0.0,0.0,0.0,0.0,0.0,0.0,0.0,0.0,0.183450741596975,0.0,0.0,0.0,0.0,0.0,0.0,0.0,0.0,0.0,0.0,0.0,0.0,0.0,0.0,0.0,0.0,0.0,0.0,0.0,0.0,0.0,0.0,0.0,0.0,0.0,0.0,0.0,0.0,0.0,0.0,0.21980295537077885,0.20266931240622932,0.5659197442642118,0.0,0.0,0.0,0.0,0.0,0.0,0.0,0.0,0.0,0.0,0.0,0.0,0.0,0.0,0.0,0.0,0.0,0.3193747052288124,0.0,0.0,0.0,0.0,0.0,0.0,0.0,0.0,0.0,0.0,0.0,0.5035710273141422,0.0,0.0,0.0,0.0,0.0,0.0,0.0,0.0,0.0,0.0,0.0,0.0,0.0,0.0,0.21210853603597085,0.0,0.0,0.0,0.0,0.39511829384245495,0.0,0.0,0.0,0.0,0.0,0.0,0.0,0.0,0.0,0.0,0.0
20.0,4.0,3.0,1,0.0,0.0,0.0,0.0,0.0,1.0,0.0,0.0,0.0,0.0,0.0,0.0,0.0,0.0,0.0,0.0,0.0,0.0,0.0,0.0,0.0,1.0,0.0,0.0,0.0,0.0,0.0,0.0,0.0,0.0,0.0,0.0,0.0,0.0,0.0,0.0,0.0,0.0,0.0,0.0,0.0,0.0,0.0,0.0,0.0,0.0,0.0,0.0,0.0,0.0,0.0,1.0,0.0,0.0,0.0,0.0,0.0,0.0,0.0,0.0,0.0,0.0,0.0,0.0,0.0,0.0,0.0,0.0,0.0,0.0,0.0,0.0,0.0,0.0,0.0,0.0,0.0,0.0,0.0,0.17059381738814489,0.12037718496501772,0.0,0.0,0.0,0.0,0.0,0.3010356429703445,0.0,0.0,0.0,0.0,0.28832238906542695,0.0,0.0,0.0,0.0,0.0,0.0,0.1415774507651157,0.23912397667915436,0.0,0.1409519597445722,0.08931121693392334,0.0,0.0,0.0,0.0,0.11719364166826442,0.0,0.0,0.27253110674090264,0.3769309556323895,0.0,0.0,0.1684695279553599,0.0,0.0,0.0,0.0,0.0,0.0,0.0,0.0,0.0,0.0,0.0,0.0,0.0,0.0,0.11384006460032273,0.1979944758573274,0.09249112356994622,0.0,0.0,0.0,0.0,0.0,0.0,0.0,0.0,0.0,0.0,0.0,0.0,0.0,0.0,0.09690320724150478,0.15127700997950824,0.0,0.0,0.1653279014447651,0.0,0.21422019382556223,0.3502611262565185,0.0,0.0,0.0,0.06574772160998052,0.22617754989987665,0.0,0.0,0.0,0.0,0.0,0.11915934743136633,0.0,0.10495445807134701,0.0,0.0,0.0,0.15525720409420415,0.09110333450782522,0.0,0.13086054759243054
20.0,4.0,0.0,1,0.0,0.0,0.0,0.0,0.0,0.0,0.0,0.0,0.0,0.0,0.0,0.0,0.0,0.0,0.0,0.0,0.0,1.0,0.0,0.0,0.0,0.0,0.0,0.0,0.0,0.0,0.0,0.0,0.0,0.0,0.0,0.0,0.0,0.0,0.0,0.0,0.0,0.0,0.0,1.0,0.0,0.0,0.0,0.0,0.0,0.0,0.0,0.0,0.0,0.0,0.0,0.0,0.0,0.0,0.0,0.0,0.0,0.0,0.0,0.0,0.0,0.0,0.0,0.0,0.0,0.0,0.0,0.0,0.0,0.0,0.0,0.0,0.0,0.0,0.0,0.0,0.0,0.0,0.0,0.30692493334349835,0.0,0.0,0.0,0.0,0.0,0.0,0.0,0.0,0.27639844030219923,0.0,0.0,0.0,0.24609017397340305,0.0,0.0,0.0,0.0,0.0,0.0,0.21511069898885454,0.0,0.2535945998019778,0.16068483444451068,0.0,0.0,0.22349223604695112,0.0,0.0,0.0,0.143454563604552,0.0,0.0,0.0,0.0,0.0,0.0,0.0,0.0,0.0,0.0,0.0,0.0,0.0,0.0,0.0,0.0,0.0,0.0,0.0,0.0,0.17811149968766155,0.16640598335390658,0.0,0.0,0.0,0.0,0.0,0.0,0.0,0.0,0.0,0.0,0.0,0.0,0.0,0.0,0.0,0.0,0.0,0.0,0.0,0.0,0.0,0.10502908260395472,0.32503279444802097,0.30117896005923483,0.2749669757027666,0.0,0.0,0.0,0.0,0.0,0.0,0.0,0.428772570161953,0.0,0.18882946956018917,0.0,0.0,0.0,0.0,0.0,0.0,0.0
20.0,1.0,0.0,0,0.0,0.0,0.0,0.0,1.0,0.0,0.0,0.0,0.0,0.0,0.0,0.0,0.0,0.0,0.0,0.0,1.0,0.0,0.0,0.0,0.0,0.0,0.0,0.0,0.0,0.0,0.0,0.0,0.0,0.0,0.0,0.0,0.0,0.0,0.0,0.0,0.0,0.0,0.0,0.0,0.0,0.0,0.0,0.0,0.0,1.0,0.0,0.0,0.0,0.0,0.0,0.0,0.0,0.0,0.0,0.0,0.0,0.0,0.0,0.0,0.0,0.0,0.0,0.0,0.0,0.0,0.0,0.0,0.0,0.0,0.0,0.0,0.0,0.0,0.0,0.0,0.0,0.11612441410350091,0.0,0.11008558360066235,0.11652057086800173,0.12024083364992011,0.0,0.0,0.0,0.0,0.0,0.0,0.0,0.08045049974636223,0.0,0.0,0.0,0.0,0.0,0.0,0.0,0.0,0.0,0.11573149130783754,0.0,0.13643617616721973,0.17289977307711435,0.0,0.0,0.0,0.0,0.1134390211339014,0.0,0.2315395374415576,0.19784986755982834,0.12161831203277408,0.0,0.0,0.16307214342091444,0.0,0.25432348793257237,0.0,0.0,0.14497175445538626,0.0,0.0,0.1562541109299577,0.0,0.0,0.0,0.0,0.09429743626103294,0.0,0.11019288512798,0.0,0.1790558322447051,0.0,0.0,0.0,0.0,0.0,0.0,0.0,0.0,0.0,0.1421806668199938,0.0,0.22914321855091788,0.0,0.26479745511517083,0.0,0.0,0.0,0.0,0.0,0.0,0.1036785304593321,0.2825329566959272,0.0,0.0,0.0,0.0636413125750673,0.0,0.0,0.0,0.1674508675683934,0.0,0.15717095341593668,0.0,0.0,0.20318390687021007,0.23146298261567508,0.0,0.14286341266697503,0.30056622536378086,0.0881845886985579,0.0,0.2533361402993508
20.0,5.0,0.0,1,0.0,0.0,0.0,0.0,0.0,1.0,0.0,0.0,0.0,0.0,0.0,0.0,1.0,0.0,0.0,0.0,0.0,0.0,0.0,0.0,0.0,0.0,0.0,0.0,0.0,0.0,0.0,0.0,0.0,0.0,0.0,0.0,0.0,0.0,0.0,0.0,0.0,0.0,0.0,0.0,0.0,0.0,0.0,0.0,0.0,0.0,0.0,0.0,0.0,0.0,0.0,0.0,0.0,0.0,0.0,0.749997535431793,0.0,0.0,0.0,0.0,0.0,0.0,0.0,0.0,0.0,0.0,0.0,0.0,0.0,0.6614406223133233,0.0,0.0,0.0,0.0,0.0,0.18407806431110751,0.0,0.0,0.16986920370643308,0.20008908947271536,0.1411901187376376,0.1456980295726206,0.0,0.0,0.0,0.0,0.0,0.0,0.3603767973444588,0.0,0.0,0.16908632793953865,0.0,0.18113676702991685,0.39775879849968293,0.0,0.0,0.0,0.0,0.0,0.0,0.0,0.0,0.20019009191245787,0.0,0.0,0.0,0.13745614824974461,0.0,0.2805607159345686,0.07991277444232882,0.22105071819503833,0.2057489026913174,0.0,0.0,0.0,0.0,0.0,0.0,0.0,0.0,0.0,0.0,0.0,0.0,0.0,0.0,0.0,0.0,0.13352274554925694,0.0,0.0,0.18933597999993274,0.0,0.0,0.0,0.0,0.0,0.0,0.15230774029535665,0.0,0.0,0.0,0.0,0.0,0.0,0.0,0.0,0.0,0.0,0.0,0.16908632793953865,0.0,0.3423503799031627,0.0,0.0,0.0,0.0771153489221397,0.1768554129003307,0.0,0.0,0.0,0.0,0.0,0.0,0.0,0.0,0.0,0.0,0.0,0.0,0.10685488799470254,0.0,0.0
20.0,4.0,0.0,1,1.0,0.0,0.0,0.0,0.0,1.0,0.0,0.0,0.0,0.0,0.0,0.0,1.0,0.0,0.0,0.0,0.0,0.0,0.0,0.0,0.0,0.0,0.0,0.0,0.0,0.0,0.0,0.0,0.0,0.0,0.0,0.0,0.0,0.0,0.0,0.0,0.0,0.0,0.0,0.0,0.0,0.0,0.0,0.0,0.0,0.0,0.0,0.0,0.0,0.0,0.0,0.0,0.0,0.0,0.0,0.0,0.0,0.0,0.0,0.0,0.0,0.0,0.0,0.0,0.0,0.0,0.0,0.0,0.0,0.0,0.0,0.0,0.0,0.0,0.0,0.0,0.0,0.0,0.0,0.07789102942298337,0.16488820637560272,0.0,0.0,0.0,0.0,0.1974666611648321,0.0,0.0,0.0,0.11384546528034055,0.0,0.0,0.0,0.0,0.0,0.0,0.0,0.0,0.0,0.0,0.0,0.0,0.0,0.23379104348619623,0.0,0.17015274853143667,0.0,0.3210550135213884,0.0,0.0,0.09332575227009246,0.34420403511805087,0.0,0.0,0.0,0.0,0.0,0.0,0.0,0.0,0.22111512068750505,0.0,0.0,0.0,0.0,0.0,0.0,0.13344025878926846,0.0,0.0,0.2712054946780794,0.12669091302928046,0.0,0.0,0.1677625851131971,0.0,0.0,0.0,0.0,0.0,0.0,0.0,0.0,0.0,0.0,0.0,0.13273442171569633,0.0,0.22929847031980463,0.0,0.0,0.0,0.0,0.23988735443647186,0.0,0.0,0.0,0.09005879222630606,0.10326987498020464,0.0,0.36130472523676144,0.0,0.0,0.0,0.0,0.0,0.0,0.3275431605040891,0.0,0.0,0.0,0.0,0.0,0.1792479279534205
20.0,2.0,5.0,0,1.0,0.0,0.0,0.0,0.0,1.0,0.0,0.0,0.0,0.0,0.0,0.0,1.0,0.0,0.0,0.0,0.0,0.0,0.0,0.0,0.0,0.0,0.0,0.0,0.0,0.0,0.0,0.0,0.0,0.0,0.0,0.0,0.0,0.0,0.6194705689116627,0.0,0.0,0.0,0.0,0.0,0.0,0.0,0.0,0.0,0.0,0.0,0.0,0.0,0.0,0.6340068466903065,0.46291633434355606,0.0,0.0,0.0,0.0,0.0,0.0,0.0,0.0,0.0,0.0,0.0,0.0,0.0,0.0,0.0,0.0,0.0,0.0,0.0,0.0,0.0,0.0,0.0,0.0,0.0,0.18646638468415003,0.0,0.0,0.06606591089581779,0.0,0.0,0.16748802703024748,0.0,0.1352680154320481,0.0,0.17487322462302282,0.0,0.0,0.0,0.0,0.0,0.0,0.0,0.0,0.1957297103663868,0.0,0.0,0.0,0.0,0.0,0.163759503520957,0.0,0.0,0.0,0.14432080826806237,0.19091258280145515,0.0,0.1682635026065686,0.0,0.2374721792523308,0.43792244015547954,0.0,0.0,0.0,0.0,0.0,0.0,0.0,0.0,0.18754626777019154,0.22941257150313185,0.0,0.14279370447534218,0.0,0.31390986912862606,0.0,0.0,0.0,0.0,0.11501605626854938,0.10745718259864873,0.0,0.0,0.0,0.0,0.0,0.18037949033552073,0.0,0.0,0.18646638468415003,0.0,0.18135047223379624,0.0,0.0,0.0,0.11258318888374526,0.0,0.19448725252340243,0.0,0.0,0.0,0.0,0.1356457151368021,0.0,0.0,0.0,0.0763864104337089,0.0,0.0,0.15322641105502255,0.0,0.0,0.0,0.0,0.0,0.0,0.1389084045794658,0.0,0.0,0.0,0.10584483433320716,0.15695493456431303,0.0
20.0,5.0,0.0,1,1.0,0.0,0.0,0.0,0.0,1.0,0.0,0.0,1.0,0.0,0.0,0.0,0.0,0.0,0.0,0.0,0.0,0.0,0.0,0.0,0.0,0.0,0.0,0.0,0.0,0.0,0.0,0.0,0.0,0.0,0.0,0.0,0.0,0.0,0.0,0.0,0.0,0.0,0.0,0.5871844532141657,0.0,0.0,0.0,0.0,0.0,0.0,0.0,0.0,0.0,0.0,0.0,0.0,0.0,0.0,0.0,0.0,0.0,0.0,0.0,0.0,0.0,0.0,0.0,0.0,0.8094531597959088,0.0,0.0,0.0,0.0,0.0,0.0,0.0,0.0,0.0,0.0,0.0,0.0,0.0,0.3832731994607908,0.0,0.0,0.0,0.0,0.0,0.0,0.0,0.0,0.0,0.0,0.0,0.0,0.3815068092416638,0.0,0.0,0.0,0.0,0.0,0.0,0.0,0.0,0.0,0.0,0.0,0.0,0.0,0.3287361612993564,0.0,0.0,0.0,0.0,0.0,0.0,0.0,0.0,0.0,0.0,0.0,0.0,0.0,0.0,0.0,0.0,0.0,0.0,0.0,0.0,0.0,0.0,0.45780749966313217,0.0,0.0,0.0,0.0,0.0,0.0,0.0,0.0,0.0,0.0,0.0,0.0,0.0,0.0,0.0,0.0,0.0,0.0,0.0,0.0,0.0,0.43752218038467844,0.0,0.0,0.0,0.0,0.0,0.0,0.0,0.1995180364223428,0.0,0.0,0.0,0.0,0.0,0.0,0.0,0.0,0.0,0.39832892613680226,0.0,0.0,0.0,0.0,0.0
20.0,5.0,6.0,1,0.0,0.0,0.0,0.0,0.0,0.0,0.0,0.0,0.0,0.0,0.0,0.0,0.0,0.0,0.0,0.0,0.0,0.0,1.0,0.0,0.0,0.0,0.0,0.0,0.0,0.0,0.0,0.0,0.0,0.0,0.0,0.0,0.0,0.0,0.0,0.0,0.0,0.0,0.0,0.0,0.0,0.0,0.0,0.0,0.0,0.0,0.0,0.0,0.0,1.0,0.0,0.0,0.0,0.0,0.0,0.0,0.0,0.0,0.0,0.0,0.0,0.0,0.0,0.0,0.0,0.0,0.0,0.0,0.0,0.0,0.0,0.0,0.0,0.0,0.1702703459450976,0.0,0.0,0.0,0.14637678022985753,0.34483468500571757,0.0,0.0,0.0,0.0,0.0,0.0,0.0,0.0,0.0,0.08400168254311569,0.0,0.0,0.0,0.0,0.0,0.0,0.15062641591591464,0.2121526913641469,0.0,0.12084001993439336,0.0,0.1424586347372395,0.1805317791137429,0.0,0.0,0.0,0.0,0.0,0.0,0.1611733159451259,0.2754442681044946,0.25397338415585474,0.0,0.0,0.0,0.0,0.0,0.1406084596363255,0.0,0.0,0.0,0.09978596974591178,0.16315135721687787,0.0,0.0,0.13653916391144497,0.0,0.0,0.0,0.0,0.0,0.09347978710594156,0.0,0.0,0.12378481112611123,0.0,0.0,0.0,0.0,0.0,0.0,0.0,0.0,0.0,0.0,0.0,0.0,0.0,0.0,0.17250437659498546,0.0,0.0,0.0,0.23600344371918994,0.0,0.0,0.0,0.1329010348577662,0.304793633474742,0.0,0.13329562471342066,0.0,0.12378481112611123,0.0,0.0,0.0,0.2121526913641469,0.3625200598031801,0.0,0.0,0.0,0.0,0.0,0.13225935265297428
20.0,5.0,1.0,1,1.0,0.0,1.0,0.0,0.0,0.0,0.0,1.0,0.0,0.0,0.0,0.0,0.0,0.0,0.0,0.0,0.0,0.0,0.0,0.0,0.0,0.0,0.0,0.0,1.0,0.0,0.0,0.0,0.0,0.0,0.0,0.0,0.0,0.0,0.0,0.0,0.0,0.0,0.0,0.0,0.0,0.0,0.0,0.0,0.0,0.0,0.0,0.0,0.0,0.0,0.0,0.0,0.0,0.0,0.0,0.0,0.0,0.0,0.0,0.0,0.0,0.0,0.0,0.0,0.0,0.0,0.0,0.0,0.0,0.0,0.0,0.0,0.0,0.0,0.0,0.0,0.0,0.0,0.0,0.12016788762437652,0.0,0.0,0.0,0.0,0.24604022645269816,0.0,0.0,0.0,0.0,0.0,0.28666087562240505,0.0,0.28904920870410217,0.0,0.0,0.0,0.3149414894980088,0.22179271880350263,0.0,0.0,0.3451717350326624,0.0,0.0,0.0,0.0,0.2625064338727458,0.0,0.0,0.0,0.0,0.14398010392636723,0.265513706253047,0.0,0.0,0.0,0.0,0.0,0.0,0.0,0.0,0.0,0.20864030888396293,0.0,0.0,0.0,0.0,0.0,0.0,0.0,0.0,0.0,0.0,0.0,0.0,0.25881896316944863,0.0,0.0,0.0,0.0,0.0,0.0,0.0,0.0,0.0,0.0,0.0,0.20477858863567538,0.0,0.0,0.0,0.0,0.0,0.0,0.12336361394450471,0.0,0.0,0.0,0.13893993832163312,0.0,0.27870491597069735,0.0,0.0,0.25881896316944863,0.0,0.0,0.0,0.0,0.0,0.0,0.0,0.0,0.0,0.0,0.0
20.0,5.0,2.0,1,0.0,0.0,0.0,0.0,0.0,0.0,0.0,0.0,0.0,0.0,0.0,0.0,0.0,0.0,0.0,0.0,0.0,1.0,0.0,0.0,0.0,0.0,0.0,0.0,0.0,0.0,0.0,0.0,0.0,0.0,0.0,0.0,0.0,0.0,0.0,0.0,0.0,0.0,0.0,1.0,0.0,0.0,0.0,0.0,0.0,0.0,0.0,0.0,0.0,0.0,0.0,0.0,0.0,0.0,0.0,0.0,0.0,0.0,0.0,0.0,0.0,0.0,0.0,0.0,0.0,0.0,0.0,0.0,0.0,0.0,0.0,0.0,0.0,0.0,0.0,0.0,0.0,0.1489417842642295,0.0,0.1411963485011662,0.0,0.0,0.17897806534165728,0.0,0.0,0.0,0.1868699033479769,0.0,0.0,0.0,0.0,0.17897806534165728,0.0,0.0,0.0,0.0,0.0,0.0,0.0,0.2968756388400124,0.0,0.0,0.0,0.0,0.0,0.0,0.0,0.0,0.0,0.09899127615410512,0.2537632806873635,0.0779941433212324,0.0,0.1656980889066965,0.0,0.20400959593973014,0.0,0.0,0.0,0.0,0.0,0.0,0.0,0.0,0.0,0.0,0.0,0.24189277537697867,0.0,0.0,0.0,0.0,0.2004123444686307,0.0,0.0,0.0,0.0,0.19275391071228837,0.0,0.0,0.0,0.0,0.0,0.14695014862509037,0.0,0.16981530429220806,0.12030663739783695,0.0,0.0,0.0,0.0,0.0,0.0,0.5073295586639213,0.0,0.0,0.0,0.1632533644372084,0.1872016503748288,0.16373807188570438,0.0,0.0,0.1520551506930659,0.0,0.14793793530755434,0.0,0.13030237378013074,0.0,0.0,0.0,0.0,0.1131060172554571,0.0,0.0
20.0,4.0,0.0,1,1.0,0.0,1.0,0.0,0.0,0.0,0.0,1.0,0.0,0.0,0.0,0.0,0.0,0.0,0.0,0.0,0.0,0.0,0.0,0.0,0.0,0.0,0.0,0.0,0.0,0.0,0.0,0.0,0.0,0.0,0.0,0.0,0.0,0.0,0.0,0.0,0.0,0.0,0.0,0.0,0.0,0.0,0.0,0.0,0.0,0.0,0.0,0.0,0.0,0.0,0.0,0.0,0.0,0.0,0.0,0.0,1.0,0.0,0.0,0.0,0.0,0.0,0.0,0.0,0.0,0.0,0.0,0.0,0.0,0.0,0.0,0.0,0.0,0.0,0.0,0.0,0.0,0.13799091358681362,0.0,0.26162991427889537,0.13846166759904346,0.0,0.0,0.0,0.0,0.0,0.0,0.18676661250445675,0.0,0.09559951750216457,0.0,0.0,0.0,0.17763636046702977,0.0,0.0,0.0,0.3621658694893652,0.0,0.0,0.0,0.0,0.10272860289567859,0.0,0.0,0.0,0.0,0.0,0.16658653898167183,0.0,0.07836848719075032,0.1445193253791643,0.0,0.0,0.19377901042545262,0.0,0.15110659854490757,0.0,0.0,0.0,0.1856771264284049,0.0,0.0,0.0,0.0,0.0,0.0,0.3361615938993652,0.0,0.0,0.0,0.0,0.0,0.0,0.0,0.17489041126259686,0.0,0.0,0.0,0.0,0.0,0.16895361979080858,0.0,0.1361457119683792,0.0,0.0,0.11146115166469146,0.0,0.0,0.0,0.0,0.0,0.0,0.268587659977209,0.0,0.0,0.0,0.15125024193913672,0.08671887102666412,0.0,0.0,0.0,0.0,0.0,0.2741217442517115,0.0,0.0,0.0,0.0,0.0,0.0,0.31436986062066713,0.1553906754591889,0.15051996479098143
20.0,5.0,0.0,1,1.0,0.0,0.0,0.0,0.0,1.0,0.0,0.0,1.0,0.0,0.0,0.0,0.0,0.0,0.0,0.0,0.0,0.0,0.0,0.0,0.0,0.0,0.0,0.0,0.5944952564855494,0.0,0.0,0.0,0.0,0.0,0.0,0.0,0.0,0.0,0.0,0.0,0.0,0.0,0.0,0.0,0.0,0.0,0.0,0.0,0.0,0.0,0.0,0.0,0.0,0.0,0.0,0.0,0.0,0.0,0.0,0.0,0.0,0.0,0.0,0.0,0.8040991170348223,0.0,0.0,0.0,0.0,0.0,0.0,0.0,0.0,0.0,0.0,0.0,0.0,0.0,0.0,0.0,0.0,0.0,0.0,0.09799073882217499,0.0,0.0,0.0,0.0,0.0,0.0,0.0,0.0,0.0,0.0,0.23375721708161984,0.0,0.0,0.0,0.0,0.0,0.0,0.3617211354978561,0.0,0.0,0.0,0.0,0.0,0.0,0.0,0.21406051075118285,0.0,0.0,0.0,0.13740055447978666,0.11740837788161515,0.0,0.3022876515611799,0.0,0.0,0.0,0.0,0.0,0.0,0.0,0.0,0.0,0.0,0.0,0.0,0.0,0.0,0.16787439637463986,0.0,0.0,0.0,0.0,0.0,0.0,0.21105356783369816,0.0,0.0,0.0,0.0,0.0,0.0,0.0,0.0,0.0,0.3162137491442516,0.0,0.0,0.2606849333989703,0.0,0.0,0.2848978373049426,0.0,0.0,0.0,0.0,0.0,0.0,0.22659676353139843,0.1299185724254651,0.0,0.0,0.0,0.4221071356673963,0.0,0.2053388452959128,0.0,0.0,0.0,0.0,0.0,0.0,0.15699190968815138,0.0,0.0
20.0,3.0,1.0,1,1.0,0.0,0.0,0.0,0.0,1.0,0.0,0.0,1.0,0.0,0.0,0.0,0.0,0.0,0.0,0.0,0.0,0.0,0.0,0.0,0.0,0.0,0.0,0.0,0.0,0.0,0.0,0.0,0.0,0.0,0.0,0.0,0.0,0.0,0.0,0.0,0.0,0.0,0.0,0.0,0.0,0.0,0.0,0.0,0.0,0.0,0.0,0.0,0.0,0.0,0.0,0.0,0.0,0.0,0.0,0.0,0.0,0.0,0.0,0.0,0.0,0.0,0.0,0.0,1.0,0.0,0.0,0.0,0.0,0.0,0.0,0.0,0.0,0.0,0.0,0.0,0.0,0.14303201798505344,0.0,0.20339086265827291,0.0,0.44430680354153107,0.17187650857910464,0.0,0.0,0.0,0.0,0.0,0.0,0.19818394633831454,0.0,0.0,0.0,0.0,0.0,0.0,0.0,0.0,0.0,0.0,0.0,0.0,0.10648149936126099,0.0,0.0,0.0,0.0,0.0,0.0,0.0,0.16246291263629956,0.14979892667944278,0.0,0.0,0.4017163476037424,0.0,0.0,0.0,0.0,0.0,0.0,0.0,0.0,0.0,0.0,0.0,0.0,0.0,0.0,0.2714521463747045,0.0,0.11027275020361658,0.0,0.0,0.0,0.1812795335497769,0.0,0.0,0.0,0.0,0.0,0.0,0.0,0.0,0.0,0.0,0.11553306688928526,0.3607207111156953,0.0,0.0,0.19711256252519674,0.0,0.12770225406782937,0.13919987198379802,0.0,0.0,0.0,0.07838786903773928,0.0,0.15724121312556777,0.0,0.0,0.0,0.0,0.14206800011233403,0.0,0.25026437761684395,0.0,0.0,0.0,0.0,0.0,0.0,0.0
20.0,5.0,0.0,1,0.0,0.0,0.0,0.0,0.0,1.0,0.0,0.0,0.0,0.0,0.0,0.0,1.0,0.0,0.0,0.0,0.0,0.0,0.0,0.0,0.0,0.0,0.0,0.0,0.0,1.0,0.0,0.0,0.0,0.0,0.0,0.0,0.0,0.0,0.0,0.0,0.0,0.0,0.0,0.0,0.0,0.0,0.0,0.0,0.0,0.0,0.0,0.0,0.0,0.0,0.0,0.0,0.0,0.0,0.0,0.0,0.0,0.0,0.0,0.0,0.0,0.0,0.0,0.0,0.0,0.0,0.0,0.0,0.0,0.0,0.0,0.0,0.0,0.0,0.0,0.0,0.0,0.0,0.0,0.1085607518728463,0.0,0.0,0.0,0.0,0.0,0.0,0.0,0.0,0.0,0.15867230667901489,0.0,0.2752194875928714,0.0,0.0,0.0,0.3216267547531007,0.0,0.0,0.0,0.0,0.0,0.0,0.0,0.0,0.28452097787331276,0.0,0.0,0.0,0.0,0.0,0.0,0.35980121003886684,0.0,0.0,0.0,0.0,0.0,0.0,0.0,0.0,0.0,0.18848753399266077,0.0,0.0,0.0,0.2579113112256181,0.0,0.0,0.0,0.0,0.0,0.0,0.3081795674048146,0.0,0.0,0.0,0.0,0.0,0.0,0.0,0.0,0.0,0.0,0.0,0.0,0.0,0.18499882114295893,0.0,0.0,0.0,0.0,0.2752194875928714,0.0,0.3343433994303716,0.0,0.0,0.0,0.0,0.0,0.0,0.0,0.0,0.0,0.0,0.0,0.0,0.20036953956030687,0.22825691250037622,0.0,0.0,0.0,0.0,0.0,0.2498270978625845
20.0,5.0,0.0,1,0.0,0.0,1.0,0.0,0.0,0.0,0.0,1.0,0.0,0.0,0.0,0.0,0.0,0.0,0.0,0.0,0.0,0.0,0.0,0.0,0.0,0.0,0.0,0.0,0.0,0.0,0.0,0.0,0.0,0.0,0.0,0.0,0.0,0.0,0.0,0.0,0.0,0.0,0.0,0.0,0.0,0.0,0.0,0.0,0.0,0.0,0.0,0.0,0.0,0.0,0.0,0.0,0.0,0.0,0.0,0.0,0.0,0.0,0.0,0.0,0.0,0.0,0.0,0.0,0.0,0.0,0.0,0.0,0.0,0.0,0.0,0.0,0.0,0.0,0.0,0.0,0.0,0.0,0.0,0.0,0.0,0.0,0.0,0.0,0.0,0.0,0.0,0.0,0.0,0.0,0.0,0.0,0.0,0.0,0.0,0.0,0.0,0.0,0.0,0.0,0.0,0.0,0.0,0.0,0.0,0.0,0.0,0.0,0.0,0.0,0.0,0.0,0.0,0.0,0.0,0.0,0.0,0.0,0.0,0.0,0.0,0.0,0.0,0.0,0.0,0.0,0.0,0.0,0.0,0.0,0.0,0.0,0.0,0.0,0.0,0.0,0.0,0.0,0.0,0.0,0.0,0.0,0.0,0.0,0.0,0.0,0.0,0.0,0.0,0.0,0.0,0.0,0.0,0.0,0.0,0.0,0.0,0.0,0.0,0.0,0.0,0.0,0.0,0.0,0.0,0.0,0.0,0.0,0.0,0.0,0.0,0.0,0.0,0.0
20.0,5.0,0.0,1,0.0,1.0,0.0,1.0,0.0,0.0,0.0,0.0,0.0,0.0,0.0,0.0,0.0,1.0,0.0,0.0,0.0,0.0,0.0,0.0,0.0,0.0,0.0,0.0,0.0,0.0,0.0,0.0,0.0,0.0,0.0,0.0,0.0,0.0,1.0,0.0,0.0,0.0,0.0,0.0,0.0,0.0,0.0,0.0,0.0,0.0,0.0,0.0,0.0,0.0,0.0,0.0,0.0,0.0,0.0,0.0,0.0,0.0,0.0,0.0,0.0,0.0,0.0,0.0,0.0,0.0,0.0,0.0,0.0,0.0,0.0,0.0,0.0,0.0,0.0,0.21427573286932536,0.0,0.0,0.0,0.23291333731900293,0.1643520985492502,0.16959952388203206,0.19682462966469544,0.0,0.0,0.0,0.0,0.0,0.0,0.22695062964683033,0.0,0.0,0.18674821584928594,0.0,0.0,0.0,0.0,0.0,0.0,0.0,0.0,0.19244303133838833,0.12193744131284748,0.0,0.0,0.0,0.2243521466847348,0.0,0.19773593476410925,0.21772412425929202,0.0,0.3430849103416641,0.0,0.0,0.0,0.0,0.0,0.18994368613840504,0.0,0.0,0.0,0.0,0.0,0.0,0.0,0.18444659846693623,0.0,0.0,0.0,0.0,0.0,0.1262789976382668,0.0,0.0,0.0,0.0,0.0,0.0,0.0,0.17729354551610815,0.0,0.0,0.0,0.0,0.0,0.0,0.0,0.0,0.0,0.0,0.0,0.0,0.0,0.15940493252441412,0.2466546854578431,0.0,0.0,0.08976598036058414,0.2058682187524438,0.0,0.0,0.0,0.0,0.0,0.3253787471071949,0.0,0.1432953050126398,0.0,0.0,0.0,0.0,0.0,0.0,0.17866513177202228
20.0,3.0,0.0,0,0.0,0.0,0.0,0.0,0.0,1.0,0.0,0.0,0.0,0.0,0.0,0.0,0.0,0.0,0.0,0.0,0.0,0.0,0.0,0.0,0.0,0.0,0.0,0.0,0.0,0.0,0.5069408248669455,0.502584148806394,0.0,0.0,0.0,0.0,0.0,0.0,0.0,0.0,0.0,0.0,0.0,0.0,0.0,0.0,0.0,0.0,0.0,0.0,0.0,0.0,0.0,0.0,0.0,0.0,0.0,0.0,0.0,0.0,0.0,0.0,0.0,0.0,0.0,0.0,0.0,0.0,0.0,0.0,0.0,0.0,0.0,0.0,0.0,0.7003000595828716,0.0,0.0,0.0,0.0,0.0,0.6039892934489566,0.0,0.0,0.0,0.0,0.0,0.0,0.0,0.2419308451343042,0.0,0.0,0.0,0.0,0.0,0.0,0.0,0.0,0.0,0.0,0.0,0.0,0.0,0.20064853776144187,0.2741143058696611,0.0,0.14988179213438815,0.0,0.2501072915925018,0.0,0.0,0.0,0.0,0.0,0.0,0.210854765618477,0.0,0.0,0.0,0.0,0.0,0.0,0.0,0.0,0.0,0.0,0.0,0.0,0.0,0.0,0.0,0.0,0.0,0.19104602405781315,0.16613684088618236,0.15521830104994533,0.0,0.0,0.0,0.0,0.0,0.0,0.0,0.0,0.0,0.0,0.0,0.19863760166148708,0.0,0.0,0.0,0.0,0.0,0.0,0.0,0.0,0.0,0.0,0.0,0.0,0.0,0.11033761135454531,0.12652347481593218,0.0,0.22133041854235472,0.0,0.20553820963464878,0.0,0.0,0.0,0.0,0.0,0.0,0.24768828714900284,0.0,0.1528893179851519,0.0,0.0
20.0,5.0,0.0,1,0.0,1.0,0.0,1.0,0.0,0.0,0.0,0.0,0.0,0.0,0.0,0.0,0.0,0.0,0.0,1.0,0.0,0.0,0.0,0.0,0.0,0.0,0.0,0.0,0.0,0.0,0.0,0.0,0.801045640724048,0.0,0.0,0.0,0.5986032755314652,0.0,0.0,0.0,0.0,0.0,0.0,0.0,0.0,0.0,0.0,0.0,0.0,0.0,0.0,0.0,0.0,0.0,0.0,0.0,0.0,0.0,0.0,0.0,0.0,0.0,0.0,0.0,0.0,0.0,0.0,0.0,0.0,0.0,0.0,0.0,0.0,0.0,0.0,0.0,0.0,0.0,0.0,0.0,0.0,0.2149980767948162,0.0,0.20381750848604555,0.0,0.0,0.0,0.0,0.0,0.0,0.0,0.0,0.0,0.0,0.0,0.51671114357873,0.2451290886134471,0.0,0.0,0.0,0.0,0.18809201127084618,0.0,0.0,0.0,0.0,0.0,0.0,0.0,0.22261940511404374,0.0,0.0,0.0,0.0,0.12210277901182476,0.1125848659471944,0.0,0.0,0.0,0.0,0.0,0.0,0.0,0.0,0.0,0.0,0.2892960416685708,0.0,0.0,0.0,0.0,0.3491732139071802,0.0,0.0,0.0,0.0,0.0,0.0,0.0,0.0,0.0,0.0,0.0,0.0,0.0,0.0,0.0,0.2121231425766838,0.0,0.0,0.0,0.0,0.0,0.0,0.0,0.0,0.0,0.10461889997849494,0.0,0.0,0.0,0.23565690150465465,0.27022635053170846,0.23635657869564278,0.0,0.0,0.0,0.0,0.0,0.0,0.0,0.0,0.0,0.0,0.0,0.1632690000591378,0.0,0.0
20.0,5.0,0.0,1,0.0,0.0,0.0,0.0,0.0,0.0,0.0,0.0,0.0,0.0,0.0,0.0,0.0,0.0,0.0,0.0,0.0,0.0,1.0,0.0,0.0,0.0,0.0,0.0,0.0,0.0,0.0,0.0,0.0,0.0,0.0,0.0,0.0,0.0,0.0,0.0,0.0,0.0,0.0,0.0,0.0,0.0,0.0,0.0,0.0,0.0,0.0,0.0,0.0,0.0,0.0,0.0,0.0,0.0,0.0,0.0,0.0,0.0,0.0,0.0,0.0,0.0,0.0,0.0,0.0,0.0,0.0,0.0,0.0,0.0,0.0,0.0,0.0,0.0,0.0,0.0,0.0,0.0,0.0,0.0,0.0,0.0,0.0,0.0,0.0,0.0,0.0,0.0,0.0,0.0,0.0,0.0,0.0,0.0,0.0,0.0,0.0,0.0,0.0,0.0,0.0,0.0,0.0,0.0,0.0,0.0,0.0,0.0,0.0,0.0,0.0,0.0,0.0,0.0,0.0,0.0,0.0,0.0,0.0,0.0,0.0,0.0,0.0,0.0,0.0,0.0,0.0,0.0,0.0,0.0,0.0,0.0,0.0,0.0,0.0,0.0,0.0,0.0,0.0,0.0,0.0,0.0,0.0,0.0,0.0,0.0,0.0,0.0,0.0,0.0,0.0,0.0,0.0,0.0,0.0,0.0,0.0,0.0,0.0,0.0,0.0,0.0,0.0,0.0,0.0,0.0,0.0,0.0,0.0,0.0,0.0,0.0,0.0,0.0
20.0,5.0,0.0,1,0.0,0.0,0.0,0.0,0.0,1.0,0.0,0.0,0.0,0.0,0.0,0.0,1.0,0.0,0.0,0.0,0.0,0.0,0.0,0.0,0.0,0.0,0.0,0.0,0.0,0.0,0.0,0.0,1.0,0.0,0.0,0.0,0.0,0.0,0.0,0.0,0.0,0.0,0.0,0.0,0.0,0.0,0.0,0.0,0.0,0.0,0.0,0.0,0.0,0.0,0.0,0.0,0.0,0.0,0.0,0.0,0.0,0.0,0.0,0.0,0.0,0.0,0.0,0.0,0.0,0.0,0.0,0.0,0.0,0.0,0.0,0.0,0.0,0.0,0.0,0.12538469382198186,0.0,0.0,0.0,0.13629059667997445,0.0,0.0,0.11517307908209563,0.0,0.18603400033866158,0.0,0.12025150744184943,0.0,0.0,0.06640074176838216,0.0,0.0,0.0,0.2467624609042494,0.0,0.0,0.0,0.08385008280939786,0.0,0.0,0.0,0.0,0.0,0.40907818334424967,0.0,0.09924214977377269,0.0,0.09362819587843309,0.0,0.0637012700699961,0.10886510343766023,0.25094766835055965,0.14014577600381092,0.10662736274958082,0.26918692410977446,0.0,0.0,0.1111466548776505,0.0,0.1196540986277302,0.12896612081738387,0.0,0.0,0.0,0.0,0.0,0.12896612081738387,0.0,0.0,0.0,0.0,0.07389289138344371,0.0,0.0,0.0978480791050118,0.0,0.0,0.0,0.0,0.0,0.0,0.2347008849350916,0.0,0.09456299047827513,0.0,0.0,0.07741778768628285,0.12085803735289656,0.0,0.0,0.0,0.11517307908209563,0.08557226306436647,0.0466383626149496,0.0,0.0,0.0,0.052527086536700074,0.12046498794006538,0.10536608419608852,0.31609825258826557,0.0,0.1956961582100236,0.0,0.1903972700776891,0.0,0.0,0.0,0.12025150744184943,0.0,0.12403788899757712,0.21835248210706262,0.0,0.0
20.0,5.0,12.0,1,1.0,0.0,0.0,0.0,0.0,0.0,0.0,0.0,0.0,0.0,0.0,1.0,0.0,0.0,0.0,0.0,0.0,0.0,0.0,0.0,0.0,0.0,0.0,0.0,0.0,0.0,0.0,0.0,0.0,0.0,0.0,0.0,0.0,0.0,0.0,0.0,0.0,0.0,0.0,0.5555560050618273,0.0,0.0,0.0,0.8314791189439114,0.0,0.0,0.0,0.0,0.0,0.0,0.0,0.0,0.0,0.0,0.0,0.0,0.0,0.0,0.0,0.0,0.0,0.0,0.0,0.0,0.0,0.0,0.0,0.0,0.0,0.0,0.0,0.0,0.0,0.0,0.0,0.0,0.0,0.13000242654744912,0.0,0.12324189625811614,0.1304459279513175,0.0,0.0,0.0,0.0,0.0,0.0,0.0,0.0,0.09006512768848253,0.0,0.0,0.0,0.0,0.0,0.0,0.0,0.0,0.0,0.0,0.0,0.0,0.0,0.0,0.16149899587740033,0.13461079881656451,0.0,0.0,0.0,0.1728071967263656,0.0,0.0,0.7603678437697814,0.0,0.0,0.0,0.0,0.0,0.0,0.0,0.0,0.0,0.0,0.0,0.0,0.0,0.0,0.0,0.0,0.0,0.0,0.2004547696450584,0.0,0.0,0.0,0.0,0.0,0.0,0.0,0.0,0.0,0.0,0.0,0.0,0.0,0.0,0.10500850965862307,0.0,0.0,0.0,0.0,0.0,0.0,0.12651937229102825,0.0,0.36280401608044005,0.16561436272778857,0.0,0.0,0.0,0.0,0.0,0.0,0.1759544320166508,0.0,0.1825608724115267,0.0,0.0,0.0,0.0,0.0,0.0,0.0,0.0
20.0,4.0,2.0,1,0.0,0.0,0.0,0.0,1.0,0.0,0.0,0.0,0.0,0.0,0.0,0.0,0.0,0.0,0.0,0.0,1.0,0.0,0.0,0.0,0.0,0.0,0.0,0.0,0.0,0.0,0.0,0.0,0.0,0.0,0.0,0.0,0.0,0.0,0.0,0.0,0.0,0.0,0.0,0.0,0.0,0.0,0.0,0.0,0.0,0.0,0.0,0.0,0.0,0.0,0.0,0.0,0.0,0.0,0.0,0.0,0.0,0.0,0.0,0.0,0.0,0.0,0.0,0.0,0.0,0.0,1.0,0.0,0.0,0.0,0.0,0.0,0.0,0.0,0.0,0.0,0.0,0.0,0.0,0.24085096615439094,0.0,0.0,0.2442388371403292,0.0,0.0,0.0,0.1275041380157679,0.0,0.0,0.0,0.1149101481556116,0.0,0.11586752926898077,0.0,0.0,0.0,0.0,0.0,0.0,0.30384405206510756,0.0,0.11940086530308532,0.07565582346287782,0.1445835268041239,0.0,0.0,0.0,0.09927511649052707,0.0,0.0,0.11543099516260666,0.15964972159161223,0.0,0.22611658291026923,0.0,0.0,0.11128443122310176,0.0,0.0,0.0,0.0,0.08363502257862669,0.0,0.0,0.0,0.0,0.0,0.0,0.0,0.09643429040695613,0.2515826504161758,0.07834953275654215,0.0,0.0,0.10374951007426075,0.0,0.2872738073850507,0.13151888449780533,0.0,0.0,0.0,0.0,0.0,0.0,0.0,0.11586752926898077,0.0,0.0,0.0,0.0,0.4201494153118717,0.0,0.09073331280571909,0.34615856758328845,0.0,0.0,0.0,0.11139021927987544,0.1915957409823596,0.0,0.0,0.0,0.0,0.0,0.0,0.14271108717838812,0.0,0.10128135068836919,0.0,0.0,0.0,0.0,0.0,0.0
20.0,5.0,2.0,1,0.0,0.0,1.0,0.0,0.0,0.0,0.0,1.0,0.0,0.0,0.0,0.0,0.0,0.0,0.0,0.0,0.0,0.0,0.0,0.0,0.0,0.0,0.0,0.0,0.0,0.0,0.0,0.0,0.0,0.0,0.0,0.0,0.0,0.0,0.0,0.0,0.0,0.0,0.0,0.0,0.0,0.0,0.7832263602269648,0.0,0.0,0.0,0.6217366553820203,0.0,0.0,0.0,0.0,0.0,0.0,0.0,0.0,0.0,0.0,0.0,0.0,0.0,0.0,0.0,0.0,0.0,0.0,0.0,0.0,0.0,0.0,0.0,0.0,0.0,0.0,0.0,0.2639881828743552,0.0,0.0,0.18798718422070304,0.22694345285666284,0.2673168994325727,0.0,0.1946510208099038,0.0,0.0,0.0,0.2258975391429336,0.0,0.0,0.0,0.0,0.0,0.0,0.0,0.0,0.2657007661366258,0.2639881828743552,0.23353211394390797,0.16446141333143147,0.0,0.0,0.2559481289186376,0.0,0.0,0.0,0.0,0.0,0.0,0.0,0.0,0.0,0.21352523663606213,0.1968809419209529,0.0,0.0,0.0,0.0,0.0,0.0,0.0,0.0,0.0,0.15470877611344325,0.0,0.0,0.0,0.0,0.25295085932964523,0.0,0.0,0.0,0.0,0.0,0.0,0.0,0.0,0.0,0.0,0.0,0.0,0.0,0.0,0.0,0.0,0.18547343713727105,0.0,0.21433274113892062,0.0,0.0,0.0,0.0,0.0,0.0,0.0,0.0,0.0,0.0,0.0,0.2060505750398587,0.23627695417560762,0.0,0.0,0.0,0.0,0.0,0.0,0.0,0.0,0.0,0.0,0.0,0.0,0.0,0.21169115251453383,0.0
20.0,5.0,0.0,1,1.0,0.0,0.0,0.0,0.0,1.0,0.0,0.0,1.0,0.0,0.0,0.0,0.0,0.0,0.0,0.0,0.0,0.0,0.0,0.0,0.0,0.0,0.0,0.0,0.0,0.0,0.0,0.0,0.0,0.0,0.0,0.0,0.0,0.0,0.0,0.0,0.0,0.0,0.0,0.0,0.0,0.0,0.0,0.0,0.0,0.0,0.0,1.0,0.0,0.0,0.0,0.0,0.0,0.0,0.0,0.0,0.0,0.0,0.0,0.0,0.0,0.0,0.0,0.0,0.0,0.0,0.0,0.0,0.0,0.0,0.0,0.0,0.0,0.0,0.0,0.0,0.0,0.0,0.0,0.27021587858762675,0.0,0.0,0.0,0.0,0.0,0.342521004881441,0.0,0.0,0.0,0.197473654231017,0.0,0.0,0.0,0.0,0.0,0.0,0.0,0.0,0.0,0.0,0.3880857252688613,0.0,0.2121997384285686,0.0,0.0,0.29514293737755454,0.0,0.0,0.0,0.0,0.16188064486584583,0.5970481867542637,0.0,0.0,0.0,0.0,0.0,0.0,0.0,0.0,0.0,0.0,0.0,0.0,0.0,0.0,0.0,0.0,0.0,0.27047926072659156,0.0,0.0,0.0,0.0,0.0,0.0,0.0,0.0,0.0,0.0,0.0,0.0,0.0,0.0,0.0,0.0,0.0,0.0,0.0,0.0,0.0,0.0,0.0,0.0,0.0,0.0,0.0,0.0,0.1791294851674946,0.0,0.0,0.0,0.0,0.0,0.0,0.0,0.0,0.0,0.0,0.0,0.0,0.0,0.0,0.0
20.0,5.0,0.0,1,1.0,0.0,1.0,0.0,0.0,0.0,0.0,1.0,0.0,0.0,0.0,0.0,0.0,0.0,0.0,0.0,0.0,0.0,0.0,0.0,0.0,0.0,0.0,0.0,0.0,0.0,0.0,0.0,0.0,0.0,0.0,0.0,0.0,0.0,0.0,0.0,0.0,0.0,0.0,0.0,0.0,0.0,0.0,0.0,0.0,0.0,0.0,0.0,0.0,0.0,0.0,0.0,0.0,0.0,0.0,0.0,0.0,0.0,0.0,0.0,0.0,0.0,0.0,0.0,0.0,0.0,0.0,0.0,0.0,0.0,0.0,0.0,0.0,0.0,0.18319505193088925,0.0,0.0,0.0,0.0,0.18550502049124754,0.0,0.13507840948563532,0.0,0.0,0.37981609023907276,0.0,0.0,0.0,0.0,0.18075599142472076,0.0,0.0,0.0,0.0,0.18438350202078196,0.0,0.0,0.22825655927347824,0.0,0.1300126196627855,0.0,0.0,0.09711769969793199,0.0,0.0,0.0,0.0,0.12743726139647366,0.0,0.08670374697529964,0.14817620390499217,0.06831293353115296,0.0,0.0,0.0,0.0,0.0,0.0,0.0,0.0,0.0,0.10736042032516219,0.17553568234117722,0.0,0.0,0.0,0.0,0.21186725544166862,0.1881141054293028,0.0,0.0,0.0,0.0,0.0,0.0,0.0,0.0,0.0,0.0,0.14120635242492074,0.17452495567297574,0.0,0.0,0.12870960956738955,0.0,0.0,0.0,0.1644997765203506,0.0,0.0,0.0,0.0,0.11647233778359521,0.3173971874552542,0.0,0.0,0.0,0.2859782993603343,0.08198239864182501,0.14341369165602788,0.0,0.0,0.0,0.0,0.12957478486272164,0.0,0.3423848389102173,0.0,0.0,0.0,0.0,0.0,0.0,0.0
20.0,5.0,2.0,1,1.0,0.0,0.0,1.0,0.0,0.0,0.0,0.0,0.0,0.0,0.0,0.0,0.0,0.0,0.0,1.0,0.0,0.0,0.0,0.0,0.0,0.0,0.0,0.0,0.0,0.0,0.0,0.0,0.0,0.0,0.0,0.0,0.6067444928467388,0.0,0.0,0.0,0.0,0.0,0.0,0.0,0.0,0.0,0.0,0.0,0.0,0.0,0.0,0.0,0.0,0.0,0.0,0.0,0.0,0.0,0.0,0.0,0.0,0.0,0.0,0.0,0.0,0.0,0.0,0.7948969243871521,0.0,0.0,0.0,0.0,0.0,0.0,0.0,0.0,0.0,0.0,0.30679961847147,0.0,0.2922796726759784,0.0,0.0,0.10355605298176482,0.0,0.0,0.0,0.3048521083490622,0.0,0.26253174694445225,0.0,0.0,0.0,0.15135744284855876,0.0,0.26253174694445225,0.0,0.28124185121128537,0.0,0.0,0.0,0.0,0.0,0.21773416742754986,0.0,0.0,0.0,0.0,0.0,0.0,0.0,0.0,0.0,0.0,0.12407650300989675,0.3432142144089877,0.0,0.0,0.0,0.0,0.0,0.0,0.0,0.0,0.0,0.17979817493718336,0.0,0.0,0.0,0.0,0.0,0.0,0.0,0.0,0.0,0.0,0.0,0.0,0.0,0.2768943413008343,0.0,0.0,0.0,0.0,0.0,0.0,0.2842606550982999,0.0,0.0,0.2490914649716054,0.0,0.0,0.0,0.0,0.0,0.0,0.0,0.10631000672651951,0.0,0.0,0.0,0.1197330825943511,0.13729720513508514,0.0,0.0,0.0,0.0,0.0,0.0,0.0,0.0,0.0,0.0,0.0,0.0,0.0,0.0,0.0
20.0,3.0,3.0,0,0.0,0.0,1.0,0.0,0.0,0.0,0.0,1.0,0.0,0.0,0.0,0.0,0.0,0.0,0.0,0.0,0.0,0.0,0.0,0.0,0.0,0.0,0.0,0.0,0.0,0.0,0.0,0.0,0.0,0.0,0.0,0.0,0.0,0.0,0.0,0.0,0.0,0.5285748148728799,0.0,0.0,0.0,0.0,0.0,0.0,0.0,0.0,0.0,0.0,0.6747774436722342,0.0,0.5150573430146059,0.0,0.0,0.0,0.0,0.0,0.0,0.0,0.0,0.0,0.0,0.0,0.0,0.0,0.0,0.0,0.0,0.0,0.0,0.0,0.0,0.0,0.0,0.0,0.0,0.0,0.0,0.0,0.0,0.13052546758755143,0.0,0.14256627000502525,0.0,0.1921228303009918,0.0,0.0,0.0,0.186353303627969,0.0,0.09538795865531423,0.0,0.0,0.0,0.0,0.0,0.0,0.0,0.2409096049007102,0.16248651249996413,0.2744393320810673,0.0,0.16176864497248072,0.10250126759802225,0.0,0.0,0.0,0.1885916185867992,0.0,0.0,0.09151003368189996,0.15639012018782533,0.21629926271096758,0.0,0.0,0.0,0.0,0.15077220420302279,0.0,0.0,0.0,0.0,0.0,0.0,0.0,0.0,0.0,0.0,0.0,0.0,0.26130538415139754,0.11361778200714161,0.10615080314602467,0.37053245710344124,0.0,0.0,0.0,0.0,0.0,0.0,0.0,0.0,0.0,0.0,0.0,0.21060126681750244,0.0,0.0,0.0,0.0,0.0,0.0,0.0,0.0,0.20099496269413847,0.0,0.0,0.0,0.2263732945781339,0.17305392956485727,0.0,0.15136360551554318,0.0,0.0,0.0,0.27351512110521725,0.0,0.1204548024503551,0.0,0.0,0.1693892436193438,0.0,0.10455805653580529,0.0,0.0
20.0,3.0,1.0,1,1.0,0.0,0.0,0.0,0.0,1.0,0.0,0.0,0.0,0.0,0.0,0.0,0.0,0.0,0.0,0.0,0.0,0.0,0.0,0.0,0.0,1.0,0.0,0.0,0.0,0.0,0.0,0.0,0.0,0.0,0.0,0.0,0.0,0.0,0.0,0.0,0.0,0.6241354580999288,0.0,0.0,0.0,0.0,0.0,0.0,0.0,0.0,0.0,0.7813161523624044,0.0,0.0,0.0,0.0,0.0,0.0,0.0,0.0,0.0,0.0,0.0,0.0,0.0,0.0,0.0,0.0,0.0,0.0,0.0,0.0,0.0,0.0,0.0,0.0,0.0,0.0,0.0,0.0,0.0,0.15267213461381637,0.0,0.144732709036886,0.0,0.1580841107600014,0.0,0.0,0.14816798901324893,0.36692139039084154,0.0,0.0,0.1955065751878971,0.10577060493134598,0.0,0.0,0.0,0.0,0.0,0.0,0.0,0.0,0.0,0.0,0.0,0.17937659720229454,0.11365817271809896,0.0,0.18966104782352955,0.0,0.0,0.0,0.0,0.20294116272679383,0.17341263877262597,0.3997378038356241,0.0,0.0,0.0,0.0,0.0,0.0,0.2143956757442175,0.0,0.0,0.12564536880875918,0.0,0.0,0.0,0.0,0.0,0.0,0.0,0.14487378146639518,0.0,0.11770494746904557,0.20543181071810032,0.0,0.0,0.0,0.0,0.0,0.0,0.0,0.0,0.0,0.0,0.0,0.0,0.0,0.0,0.1925163391430369,0.0,0.0,0.21039761658865677,0.0,0.0,0.14858170843927548,0.0,0.0,0.0,0.16734215824418466,0.2878353684341332,0.0,0.0,0.0,0.0,0.0,0.15164314356336972,0.0,0.0,0.15215554762032774,0.0,0.0,0.0,0.1159388359509869,0.0,0.0
20.0,5.0,0.0,1,1.0,0.0,1.0,0.0,0.0,0.0,0.0,1.0,0.0,0.0,0.0,0.0,0.0,0.0,0.0,0.0,0.0,0.0,0.0,0.0,0.0,0.0,0.0,0.0,0.0,0.0,0.0,0.0,0.0,0.0,0.0,0.0,0.0,1.0,0.0,0.0,0.0,0.0,0.0,0.0,0.0,0.0,0.0,0.0,0.0,0.0,0.0,0.0,0.0,0.0,0.0,0.0,0.0,0.0,0.0,0.0,0.0,0.0,0.0,0.0,0.0,0.0,0.0,0.0,0.0,0.0,0.0,0.0,0.0,0.0,0.0,0.0,0.0,0.0,0.0,0.0,0.0,0.0,0.0,0.17028629668356543,0.0,0.0,0.0,0.0,0.17432809973650876,0.0,0.0,0.0,0.0,0.1244451563961888,0.0,0.0,0.0,0.0,0.0,0.0,0.0,0.0,0.0,0.1790196901346065,0.2445662382877305,0.0,0.13372533029181072,0.25555838257610425,0.0,0.0,0.0,0.0,0.0,0.11938593312930804,0.0,0.0,0.0,0.0,0.0,0.0,0.0,0.0,0.0,0.0,0.0,0.1478289509832331,0.0,0.0,0.0,0.0,0.0,0.0,0.0,0.17045227645237598,0.2964563420915414,0.0,0.0,0.0,0.18338228132698356,0.0,0.0,0.23246599487095884,0.0,0.0,0.0,0.0,0.0,0.0,0.0,0.20480146685857137,0.0,0.0,0.0,0.0,0.0,0.0,0.0,0.26222229639804423,0.0,0.0,0.0,0.0984438023583701,0.0,0.19747217391598287,0.0,0.0,0.0,0.0,0.0,0.0,0.0,0.358039380269213,0.45073947223897176,0.0,0.0,0.13640866081533376,0.0,0.0
20.0,5.0,1.0,1,0.0,0.0,0.0,0.0,0.0,1.0,0.0,0.0,0.0,0.0,0.0,0.0,1.0,0.0,0.0,0.0,0.0,0.0,0.0,0.0,0.0,0.0,0.0,0.0,0.0,0.0,0.0,0.0,0.0,0.0,0.0,0.0,0.0,0.0,0.0,0.0,0.0,0.0,0.0,0.0,0.0,0.0,1.0,0.0,0.0,0.0,0.0,0.0,0.0,0.0,0.0,0.0,0.0,0.0,0.0,0.0,0.0,0.0,0.0,0.0,0.0,0.0,0.0,0.0,0.0,0.0,0.0,0.0,0.0,0.0,0.0,0.0,0.0,0.0,0.36550290214856374,0.0,0.3482046983446188,0.0,0.0,0.12337055074729573,0.2611642057241759,0.0,0.0,0.0,0.0,0.0,0.0,0.0,0.3333006618359003,0.0,0.0,0.0,0.0,0.0,0.0,0.0,0.0,0.0,0.0,0.0,0.0,0.3058021885347699,0.0,0.0,0.0,0.0,0.0,0.0,0.0,0.1729875933471286,0.14781740004927513,0.0,0.0,0.0,0.0,0.0,0.0,0.0,0.0,0.0,0.0,0.0,0.0,0.0,0.0,0.0,0.0,0.0,0.0,0.0,0.0,0.0,0.0,0.0,0.0,0.0,0.0,0.0,0.0,0.0,0.0,0.0,0.0,0.0,0.0,0.0,0.0,0.0,0.0,0.0,0.0,0.0,0.0,0.5066057927916174,0.0,0.0,0.0,0.0,0.0,0.0,0.28613284013747436,0.0,0.0,0.0,0.25852204747575386,0.0,0.0,0.0,0.0,0.0,0.0,0.0,0.0,0.0
20.0,5.0,1.0,1,1.0,0.0,0.0,0.0,0.0,1.0,0.0,0.0,0.0,0.0,0.0,0.0,1.0,0.0,0.0,0.0,0.0,0.0,0.0,0.0,0.0,0.0,0.0,0.0,0.0,0.0,0.0,0.0,0.0,0.0,0.0,0.0,0.0,0.0,0.5069704792554373,0.0,0.0,0.0,0.0,0.0,0.0,0.0,0.0,0.0,0.0,0.0,0.0,0.0,0.0,0.5188668696279072,0.0,0.4867022214691692,0.0,0.0,0.0,0.0,0.0,0.0,0.0,0.0,0.0,0.0,0.0,0.0,0.0,0.0,0.0,0.4867022214691692,0.0,0.0,0.0,0.0,0.0,0.0,0.2830279089900161,0.0,0.0,0.0,0.0,0.19106446927614903,0.0,0.0,0.24219003840806286,0.0,0.0,0.0,0.0,0.0,0.0,0.0,0.0,0.0,0.2297911478163368,0.0,0.0,0.0,0.0,0.0,0.0,0.0,0.27440797898225244,0.0,0.0,0.0,0.0,0.20868991483918045,0.0,0.0,0.0,0.1339532915838584,0.11446270167037426,0.21108066544930645,0.2947035118241205,0.22421980280013146,0.0,0.0,0.0,0.0,0.0,0.0,0.0,0.16586689952948652,0.27119453611062344,0.0,0.0,0.0,0.0,0.0,0.0,0.0,0.16631483204583505,0.0,0.0,0.0,0.0,0.0,0.0,0.26083127532750194,0.0,0.0,0.0,0.0,0.2622353287837792,0.0,0.0,0.0,0.0,0.0,0.0,0.0,0.0,0.0,0.0,0.29421841257588827,0.0,0.0,0.0,0.22091164371352948,0.12665902608731577,0.0,0.0,0.0,0.0,0.0,0.0,0.0,0.0,0.0,0.0,0.0,0.0,0.15305311637485,0.0,0.0
20.0,5.0,1.0,1,1.0,0.0,0.0,0.0,0.0,1.0,0.0,0.0,0.0,0.0,0.0,0.0,0.0,0.0,0.0,0.0,0.0,0.0,0.0,0.0,0.0,1.0,0.0,0.0,0.0,0.0,0.0,0.0,0.0,0.0,0.0,0.0,0.0,0.0,0.0,0.0,0.0,0.0,0.0,0.0,0.0,0.0,0.0,0.0,0.0,0.0,0.4880820709837685,0.0,0.0,0.0,0.0,0.0,0.0,0.0,0.0,0.0,0.0,0.0,0.0,0.0,0.0,0.0,0.0,0.0,0.6546589060251433,0.0,0.5772327162818807,0.0,0.0,0.0,0.0,0.0,0.0,0.0,0.1566105392045093,0.14589538160066862,0.0,0.11152307638843825,0.0,0.1057235297499111,0.0,0.11547638607844882,0.13401332978220715,0.0,0.0,0.2680266595644143,0.0,0.0,0.0,0.0,0.0,0.13401332978220715,0.0,0.0,0.0,0.0,0.0,0.0,0.1316114621594938,0.0,0.0,0.0,0.0,0.15866534647430333,0.0,0.0,0.0,0.0,0.0,0.07412165569829703,0.3166837060587291,0.23359856594798664,0.0,0.0,0.0,0.0,0.0,0.0,0.0,0.0,0.0,0.0917807175419205,0.0,0.0,0.0,0.1255854151467996,0.0,0.0,0.0,0.0,0.0,0.0,0.0,0.15464319752783176,0.0,0.14134493487916003,0.0,0.14432826365501947,0.0,0.0,0.0,0.13654687077768618,0.0,0.0,0.0,0.12715253309244878,0.09008194966130395,0.14062824529557877,0.15561640299307558,0.0,0.3073801191830414,0.0,0.19914070200520445,0.37987293763458296,0.0,0.0,0.0,0.12223915218110422,0.07008545002306558,0.0,0.1226020863709402,0.0,0.0,0.0,0.11077142483255835,0.0,0.09756645293637962,0.11114572284660278,0.0,0.0,0.28865652731003894,0.0,0.0,0.0
20.0,3.0,2.0,0,0.0,0.0,0.0,0.0,0.0,1.0,0.0,0.0,0.0,0.0,0.0,0.0,0.0,0.0,0.0,0.0,0.0,0.0,0.0,0.0,0.0,1.0,0.0,0.0,0.0,0.0,0.0,0.0,0.0,0.0,0.0,0.0,0.0,0.0,0.0,0.0,0.4799195246603593,0.0,0.0,0.0,0.0,0.0,0.0,0.0,0.0,0.0,0.0,0.0,0.5306762834907842,0.0,0.40506498718768,0.0,0.5691944203388049,0.0,0.0,0.0,0.0,0.0,0.0,0.0,0.0,0.0,0.0,0.0,0.0,0.0,0.0,0.0,0.0,0.0,0.0,0.0,0.0,0.0,0.0,0.0,0.0,0.133047066099171,0.0,0.37838461526691763,0.0,0.0,0.0,0.0,0.12912190084910868,0.0,0.0,0.0,0.0,0.0,0.0,0.0,0.15169301298777563,0.0,0.0,0.0,0.16528128089676672,0.0,0.0,0.26519376640411885,0.0,0.0,0.0990481102303748,0.0,0.0,0.0,0.0,0.25994066897208,0.16061818627777089,0.08842715915334712,0.07556075269260458,0.13934158225738916,0.0,0.0,0.0,0.0,0.14569285094251577,0.0,0.0,0.1660982898940376,0.0,0.0,0.17902480874207938,0.0,0.0,0.0,0.0,0.0,0.0,0.0,0.10979012123544891,0.0,0.0,0.0,0.0,0.3372491057931436,0.0,0.0,0.0,0.0,0.0,0.0,0.0,0.1312679731479551,0.0,0.0,0.0,0.0,0.18565041895922266,0.0,0.0,0.0,0.11878746085894618,0.2589648783499626,0.0,0.0,0.0,0.14583134797590697,0.0836119644810628,0.0,0.0,0.0,0.0,0.0,0.0,0.0,0.2327936196393145,0.0,0.0,0.16368270234125668,0.0,0.1010356081628792,0.14982344077319856,0.29025446943202643
20.0,4.0,1.0,1,0.0,0.0,0.0,0.0,0.0,1.0,0.0,0.0,0.0,0.0,0.0,0.0,1.0,0.0,0.0,0.0,0.0,0.0,0.0,0.0,0.0,0.0,0.0,0.0,0.0,0.0,0.0,0.0,0.0,0.0,0.0,0.0,0.0,0.0,0.0,0.0,0.0,0.0,0.0,0.0,0.0,0.0,0.0,0.0,0.0,0.0,0.0,0.0,0.0,0.0,0.0,0.0,0.0,0.0,0.0,0.0,0.0,0.0,0.0,0.0,0.0,0.0,0.0,0.0,0.0,0.0,0.0,0.0,0.0,0.0,0.0,0.0,0.0,0.0,0.0,0.0,0.0,0.0,0.3141837811479727,0.12335912047882677,0.0,0.0,0.0,0.18157455252122445,0.12628709107581637,0.0,0.0,0.17612179491676824,0.0,0.0,0.0,0.0,0.0,0.0,0.0,0.0,0.0,0.0,0.0,0.1296857818479324,0.0,0.0,0.09687355619220801,0.0,0.0,0.0,0.0,0.1271168977567461,0.0,0.1729715660649143,0.07390185239140291,0.13628240425108903,0.0,0.14476557453172167,0.0,0.17823721782832141,0.0,0.30180263181469924,0.0,0.0,0.0,0.0,0.0,0.0,0.0,0.0,0.0,0.0,0.0,0.0,0.0,0.0,0.0,0.0,0.13284613839441572,0.32984496246153544,0.0,0.0,0.0,0.0,0.0,0.0,0.16930996976988005,0.0,0.0,0.4450879956252856,0.1051083907955291,0.16408624168318492,0.0,0.0,0.0,0.0,0.0,0.3165992848865846,0.0,0.0,0.0,0.0,0.16355260732704416,0.0,0.0,0.0,0.0,0.17612179491676824,0.0,0.0,0.0,0.1296857818479324,0.0,0.0,0.0,0.0,0.0,0.0
20.0,5.0,0.0,1,0.0,0.0,0.0,0.0,0.0,1.0,0.0,0.0,0.0,0.0,0.0,0.0,1.0,0.0,0.0,0.0,0.0,0.0,0.0,0.0,0.0,0.0,0.0,0.0,0.0,0.0,0.0,0.0,0.0,0.0,0.0,0.0,0.0,0.0,0.0,0.0,0.0,0.0,0.0,0.0,0.0,0.0,0.0,0.0,0.0,0.0,0.0,0.0,0.0,0.0,0.0,0.0,0.0,0.0,0.0,0.0,0.0,0.0,0.0,0.6760534738477343,0.7368525636098521,0.0,0.0,0.0,0.0,0.0,0.0,0.0,0.0,0.0,0.0,0.0,0.0,0.0,0.0,0.0,0.0,0.0,0.0,0.10629592232759971,0.0,0.0,0.0,0.0,0.0,0.0,0.0,0.0,0.0,0.15536203365695647,0.2535692585756975,0.0,0.25568188677249215,0.0,0.0,0.0,0.0,0.0,0.0,0.2234949429080587,0.0,0.0,0.0,0.31904873749125706,0.0,0.23220316223460244,0.0,0.0,0.0,0.0,0.25471859822511,0.4697265609762097,0.0,0.0,0.0,0.0,0.0,0.26005688906599084,0.0,0.0,0.0,0.18455524604759152,0.0,0.0,0.0,0.0,0.0,0.0,0.0,0.0,0.0,0.0,0.0,0.0,0.0,0.0,0.0,0.0,0.0,0.0,0.0,0.0,0.2917815776586443,0.0,0.0,0.0,0.1811393158546102,0.2827792275639198,0.0,0.0,0.0,0.0,0.0,0.0,0.0,0.0,0.0,0.12290096118026386,0.0,0.0,0.0,0.0,0.0,0.0,0.0,0.0,0.0,0.0,0.0,0.0,0.0,0.17029772444676106,0.0,0.0
20.0,5.0,2.0,1,1.0,0.0,0.0,0.0,0.0,1.0,0.0,0.0,0.0,0.0,0.0,0.0,0.0,0.0,0.0,0.0,0.0,0.0,0.0,0.0,0.0,0.0,0.0,0.0,0.0,0.0,0.0,0.0,0.5212128340416667,0.0,0.0,0.0,0.0,0.0,0.0,0.0,0.0,0.3997125753466352,0.0,0.35642230143268533,0.0,0.0,0.0,0.533443430485877,0.0,0.0,0.0,0.0,0.0,0.0,0.0,0.0,0.0,0.0,0.0,0.0,0.0,0.0,0.0,0.0,0.0,0.0,0.0,0.0,0.0,0.0,0.0,0.0,0.0,0.39619223648741747,0.0,0.0,0.0,0.0,0.0,0.0,0.0,0.0,0.0,0.2343439367804908,0.0,0.0,0.0,0.0,0.0,0.0,0.0,0.0,0.0,0.08562922687002482,0.0,0.14852517389701997,0.14092144505098278,0.1591102613091368,0.0,0.0,0.0,0.0,0.14586321626250046,0.12318131219132956,0.0,0.14521879067419718,0.0,0.17584667297518072,0.0,0.0,0.0,0.0,0.0,0.0,0.35097629906790334,0.19417061544868985,0.1807295239286059,0.0,0.0,0.0,0.0,0.0,0.0,0.0,0.1663124375408293,0.10171933684104975,0.1663124375408293,0.0,0.0,0.0,0.0,0.0,0.0,0.23457235417640881,0.10199403540141211,0.0,0.0,0.0,0.0,0.0,0.0,0.0,0.0,0.0,0.3307096358136744,0.15133306336249544,0.0,0.12194676670054777,0.0,0.0,0.0,0.15585639593690437,0.0,0.0,0.0,0.0,0.0,0.3608640650852151,0.0,0.0,0.0,0.1354760109627042,0.07767476316903495,0.13587824605190144,0.27175649210380287,0.0,0.0,0.0,0.12276648272835297,0.0,0.0,0.12318131219132956,0.0,0.0,0.0,0.09386117147706204,0.0,0.0
20.0,3.0,0.0,0,1.0,0.0,0.0,0.0,0.0,1.0,0.0,0.0,0.0,0.0,0.0,0.0,1.0,0.0,0.0,0.0,0.0,0.0,0.0,0.0,0.0,0.0,0.0,0.0,0.0,0.0,0.0,0.5308908074592517,0.0,0.0,0.0,0.0,0.5264348755917408,0.0,0.0,0.0,0.0,0.0,0.0,0.0,0.0,0.0,0.0,0.0,0.0,0.0,0.0,0.0,0.0,0.0,0.0,0.0,0.0,0.0,0.0,0.0,0.0,0.0,0.0,0.0,0.0,0.0,0.0,0.0,0.0,0.0,0.0,0.0,0.6640943248635485,0.0,0.0,0.0,0.0,0.0,0.0,0.0,0.0,0.0,0.0,0.1440920949172288,0.0,0.0,0.0,0.0,0.0,0.36529732748859367,0.0,0.0,0.0,0.3159073331793166,0.0,0.0,0.0,0.0,0.0,0.0,0.0,0.0,0.0,0.0,0.0,0.0,0.0,0.0,0.0,0.0,0.0,0.0,0.0,0.0,0.08632254095203919,0.07959369786633075,0.0,0.1690963329278301,0.6403401607988833,0.0,0.3328864957994411,0.0,0.0,0.0,0.2045225309882555,0.12508923883742065,0.0,0.0,0.0,0.0,0.0,0.0,0.0,0.0,0.0,0.0,0.0,0.0,0.0,0.0,0.0,0.0,0.0,0.0,0.0,0.0,0.0,0.0,0.0,0.0,0.0,0.0,0.0,0.0,0.0,0.0,0.0,0.1479240579262547,0.0,0.0,0.0,0.0833007352305888,0.0,0.16709611860482412,0.16709611860482412,0.0,0.0,0.0,0.0,0.0,0.1329746994874428,0.1514820786246986,0.0,0.0,0.0,0.0,0.0,0.0
20.0,5.0,0.0,1,0.0,0.0,1.0,0.0,0.0,0.0,0.0,1.0,0.0,0.0,0.0,0.0,0.0,0.0,0.0,0.0,0.0,0.0,0.0,0.0,0.0,0.0,0.0,0.0,0.5790094762776268,0.0,0.0,0.0,0.0,0.0,0.0,0.0,0.597780700511192,0.5544422967965709,0.0,0.0,0.0,0.0,0.0,0.0,0.0,0.0,0.0,0.0,0.0,0.0,0.0,0.0,0.0,0.0,0.0,0.0,0.0,0.0,0.0,0.0,0.0,0.0,0.0,0.0,0.0,0.0,0.0,0.0,0.0,0.0,0.0,0.0,0.0,0.0,0.0,0.0,0.0,0.0,0.0,0.0,0.0,0.1776886154873203,0.0,0.08422412757097228,0.0,0.0,0.0,0.0,0.0,0.0,0.0,0.0,0.0,0.12310191638472301,0.0,0.21352211396057527,0.0,0.0,0.0,0.0,0.0,0.0,0.0,0.17708738181829523,0.0,0.0,0.0,0.0,0.0,0.0,0.0,0.17357954193468883,0.0,0.47238920607909823,0.2018276076996842,0.18609514329818289,0.0,0.0,0.24952602441710356,0.0,0.0,0.0,0.0,0.0,0.0,0.0,0.0,0.0,0.0,0.0,0.23909336249137036,0.0,0.0,0.0,0.14662822118881372,0.0,0.0,0.0,0.0,0.0,0.0,0.0,0.0,0.0,0.0,0.0,0.0,0.0,0.0,0.20259087439633439,0.0,0.0,0.0,0.0,0.0,0.0,0.0,0.4323198553242459,0.0,0.0,0.0,0.09738121657329053,0.0,0.19534069260456396,0.0,0.0,0.0,0.0,0.17649101649150353,0.0,0.0,0.0,0.0,0.0,0.22995679616320233,0.0,0.20009400086051252,0.0
20.0,5.0,2.0,1,0.0,0.0,1.0,0.0,0.0,0.0,0.0,1.0,0.0,0.0,0.0,0.0,0.0,0.0,0.0,0.0,0.0,0.0,0.0,0.0,0.0,0.0,0.0,0.0,0.0,0.0,1.0,0.0,0.0,0.0,0.0,0.0,0.0,0.0,0.0,0.0,0.0,0.0,0.0,0.0,0.0,0.0,0.0,0.0,0.0,0.0,0.0,0.0,0.0,0.0,0.0,0.0,0.0,0.0,0.0,0.0,0.0,0.0,0.0,0.0,0.0,0.0,0.0,0.0,0.0,0.0,0.0,0.0,0.0,0.0,0.0,0.0,0.0,0.0,0.1856392747706422,0.17293799619300715,0.0,0.13219457085136266,0.0,0.37596012673202284,0.0,0.0,0.0,0.0,0.0,0.0,0.0,0.0,0.0,0.0,0.0,0.0,0.0,0.0,0.0,0.1856392747706422,0.16422224584513212,0.46260400243949884,0.1560064636192043,0.13174727248821103,0.0,0.0,0.09841346231402877,0.0,0.0,0.0,0.0,0.0,0.0,0.0,0.07507659934386969,0.0,0.0,0.0,0.0,0.18107048413605925,0.0,0.0,0.0,0.0,0.0,0.21758568649281182,0.0,0.0,0.0,0.0,0.0,0.0,0.0,0.0,0.32725993257801755,0.0,0.17787771243122458,0.0,0.0,0.0,0.0,0.0,0.0,0.14309035413827162,0.0,0.0,0.0,0.0,0.0,0.0,0.0,0.0,0.1844608692415431,0.0,0.0,0.0,0.0,0.1929791762574347,0.0,0.0,0.0,0.28979387561964254,0.1661524464489089,0.0,0.0,0.0,0.0,0.0,0.0,0.0,0.0,0.0,0.0,0.0,0.0,0.0,0.14886345138738044,0.0
20.0,4.0,0.0,1,0.0,0.0,1.0,0.0,0.0,0.0,0.0,1.0,0.0,0.0,0.0,0.0,0.0,0.0,0.0,0.0,0.0,0.0,0.0,0.0,0.0,0.0,0.0,0.0,0.0,0.0,0.0,0.0,0.0,0.0,0.0,0.0,0.0,0.0,0.0,0.0,0.0,0.0,0.0,0.0,0.0,0.0,0.0,0.0,0.0,0.0,0.0,0.0,0.0,0.0,0.0,0.0,0.0,0.0,0.0,0.0,0.0,0.0,0.0,0.0,0.0,0.0,0.0,0.0,0.0,0.0,0.0,0.0,0.0,0.0,0.0,0.0,0.0,0.0,0.0,0.0,0.0,0.0,0.0,0.0631848771928002,0.1337566231639683,0.0,0.0,0.0,0.12936918340028233,0.0,0.0,0.1804201252343005,0.0,0.0,0.0,0.0,0.0,0.0,0.0,0.0,0.0,0.583098612154259,0.0,0.0,0.18149302712749338,0.0,0.0,0.0,0.0,0.13802719773535194,0.0,0.0,0.0,0.0,0.15141091958328953,0.06980421830765722,0.0,0.0,0.0,0.0,0.0,0.0,0.0,0.0,0.0,0.0,0.0,0.0,0.0,0.15011036903568833,0.0,0.10824617965169096,0.0,0.0,0.22000076263198953,0.0,0.0,0.1848427018585465,0.0,0.0,0.1884086301391161,0.0,0.0,0.0,0.0,0.0,0.0,0.1315193656621139,0.0,0.0,0.0,0.0,0.0,0.0,0.0,0.16018412938949597,0.23802990365628507,0.45405644268757606,0.0,0.0,0.0,0.07305531547220764,0.1675441810611042,0.0,0.0,0.0,0.0,0.0,0.1324034279043277,0.0,0.0,0.0,0.0,0.0,0.0,0.0,0.0,0.0
20.0,5.0,0.0,1,0.0,0.0,1.0,0.0,0.0,0.0,0.0,1.0,0.0,0.0,0.0,0.0,0.0,0.0,0.0,0.0,0.0,0.0,0.0,0.0,0.0,0.0,0.0,0.0,0.0,0.0,0.0,0.0,0.0,0.0,0.0,0.0,0.0,0.0,0.0,0.0,0.0,0.0,0.0,0.0,0.0,0.0,0.0,0.0,0.0,0.0,0.0,0.0,0.0,0.0,0.0,0.0,0.0,0.0,0.0,0.0,0.0,0.0,0.0,0.0,0.0,0.0,0.0,0.0,0.0,0.0,0.0,0.0,0.0,0.0,0.0,0.0,0.0,0.0,0.0,0.0,0.0,0.0,0.0,0.10742267011143874,0.0,0.23466453979941537,0.0,0.0,0.0,0.0,0.0,0.30673813823155105,0.0,0.31401777460357155,0.0,0.0,0.0,0.0,0.0,0.0,0.0,0.19826899295777128,0.2674533231322669,0.0,0.0,0.0,0.0,0.0,0.0,0.0,0.31042241186599157,0.2213899794406558,0.0,0.0,0.12870932087147155,0.11867642779093288,0.0,0.0,0.0,0.0,0.0,0.0,0.3182550247562973,0.0,0.0,0.0,0.0,0.0,0.0,0.0,0.0,0.18403285982602385,0.0,0.0,0.0,0.0,0.0,0.0,0.0,0.0,0.0,0.0,0.0,0.0,0.0,0.0,0.0,0.0,0.0,0.0,0.0,0.0,0.0,0.0,0.0,0.0,0.202341200562152,0.22055890415480986,0.0,0.0,0.0,0.0,0.14242366283548782,0.0,0.0,0.0,0.0,0.0,0.0,0.0,0.19826899295777128,0.22586401244625584,0.0,0.0,0.0,0.344205795921169,0.0,0.0
20.0,3.0,1.0,0,1.0,0.0,1.0,0.0,0.0,0.0,0.0,1.0,0.0,0.0,0.0,0.0,0.0,0.0,0.0,0.0,0.0,0.0,0.0,0.0,0.0,0.0,0.0,0.0,0.0,0.0,0.0,0.0,0.0,0.0,0.0,0.0,0.7331846455502833,0.6800296137149511,0.0,0.0,0.0,0.0,0.0,0.0,0.0,0.0,0.0,0.0,0.0,0.0,0.0,0.0,0.0,0.0,0.0,0.0,0.0,0.0,0.0,0.0,0.0,0.0,0.0,0.0,0.0,0.0,0.0,0.0,0.0,0.0,0.0,0.0,0.0,0.0,0.0,0.0,0.0,0.0,0.0,0.0,0.0,0.0,0.0,0.17703320296691666,0.0,0.0,0.0,0.0,0.0,0.0,0.0,0.0,0.0,0.0,0.0,0.0,0.0,0.0,0.0,0.0,0.0,0.16337424323900557,0.0,0.0,0.0,0.0,0.13902365604532457,0.0,0.23198835285881278,0.0,0.0,0.0,0.22544324603233976,0.24823223644765924,0.10605686538016389,0.0,0.0,0.0,0.0,0.0,0.0,0.0,0.0,0.0,0.0,0.0,0.0,0.19131823450254912,0.0,0.0,0.2512787308738206,0.0,0.0,0.1772057590132487,0.0,0.0,0.2512787308738206,0.0,0.19064806307358795,0.0,0.0,0.0,0.0,0.0,0.0,0.0,0.0,0.0,0.0,0.21291589726488488,0.15084150250912903,0.0,0.0,0.0,0.0,0.0,0.0,0.27261179510497985,0.0,0.0,0.0,0.2046884803200532,0.11735752417944122,0.0,0.0,0.2692847006448836,0.3812961261471759,0.2527531433863417,0.0,0.0,0.0,0.18611262183689853,0.0,0.0,0.0,0.0,0.0,0.0
20.0,5.0,1.0,1,0.0,0.0,0.0,0.0,1.0,0.0,0.0,0.0,0.0,0.0,0.0,0.0,0.0,0.0,0.0,0.0,1.0,0.0,0.0,0.0,0.0,0.0,0.0,0.0,0.0,0.0,0.0,0.0,0.0,0.0,0.0,0.0,0.0,0.0,0.0,0.0,0.0,0.0,0.0,0.0,0.0,0.0,0.0,0.0,0.0,0.0,0.0,1.0,0.0,0.0,0.0,0.0,0.0,0.0,0.0,0.0,0.0,0.0,0.0,0.0,0.0,0.0,0.0,0.0,0.0,0.0,0.0,0.0,0.0,0.0,0.0,0.0,0.0,0.0,0.0,0.0,0.17333689626635812,0.0,0.15641571721429987,0.06141407183438699,0.13000798970062746,0.0,0.0,0.0,0.0,0.0,0.1625600348694969,0.0,0.0,0.08976275746437874,0.0,0.0,0.0,0.0,0.0,0.0,0.16095680503362683,0.0,0.0,0.0,0.0,0.0,0.09645658165764787,0.18433521864150512,0.0,0.0,0.17747002826837793,0.1265697462805302,0.0,0.0,0.0,0.13569580152569113,0.0,0.0,0.0,0.0,0.14188089344851215,0.15025178874598336,0.0,0.0,0.0,0.0,0.0,0.0,0.19081344956598686,0.0,0.0,0.10521249622187154,0.0,0.12294786549775624,0.1069175350192854,0.0,0.0,0.0,0.0,0.0,0.0,0.0,0.0,0.14024510573887694,0.0,0.158638277600803,0.0,0.12783343308145967,0.0,0.0,0.0,0.0,0.0,0.0,0.0,0.0,0.3470383955310998,0.25218923285793104,0.0,0.0,0.0,0.07100788339911826,0.4071215624793788,0.0,0.0,0.0,0.13227432644797268,0.0,0.0,0.18194797179926545,0.11335136394774399,0.0,0.1625600348694969,0.31880010446644846,0.0,0.09839207801568162,0.1459034091166134,0.0
20.0,5.0,0.0,1,0.0,0.0,1.0,0.0,0.0,0.0,0.0,1.0,0.0,0.0,0.0,0.0,0.0,0.0,0.0,0.0,0.0,0.0,0.0,0.0,0.0,0.0,0.0,0.0,0.0,0.0,0.0,0.0,0.0,0.0,0.0,0.0,0.0,0.0,0.0,0.0,0.0,0.0,0.0,0.0,0.0,0.0,0.0,0.0,0.0,0.0,0.0,0.0,0.0,0.0,0.0,0.0,0.0,0.0,0.0,0.0,0.0,0.0,0.0,0.0,0.0,0.0,0.0,0.0,0.0,0.0,0.0,0.0,0.0,0.0,0.0,0.0,0.0,0.0,0.0,0.0,0.0,0.0,0.0,0.15667599160877285,0.0,0.0,0.0,0.0,0.0,0.0,0.0,0.0,0.0,0.22899750196004398,0.0,0.0,0.0,0.0,0.46718629941501555,0.0,0.0,0.28917537652626096,0.0,0.0,0.0,0.0,0.49214879023679364,0.0,0.0,0.0,0.0,0.0,0.0,0.0,0.0,0.0,0.0,0.0,0.0,0.0,0.0,0.0,0.0,0.0,0.0,0.0,0.0,0.0,0.0,0.0,0.0,0.0,0.0,0.0,0.0,0.0,0.0,0.0,0.0,0.0,0.0,0.0,0.0,0.0,0.0,0.0,0.0,0.0,0.0,0.0,0.0,0.0,0.0,0.470265238998642,0.0,0.3971995899510431,0.0,0.0,0.0,0.0,0.0,0.0,0.0,0.0,0.0,0.0,0.0,0.0,0.0,0.0,0.0,0.0,0.0,0.0,0.0,0.0,0.0,0.0
20.0,4.0,3.0,1,0.0,0.0,1.0,0.0,0.0,0.0,0.0,1.0,0.0,0.0,0.0,0.0,0.0,0.0,0.0,0.0,0.0,0.0,0.0,0.0,0.0,0.0,0.0,0.0,0.0,0.0,0.0,0.0,0.0,0.0,0.0,0.0,0.0,0.5311382132309466,0.0,0.0,0.0,0.5876841355598234,0.0,0.0,0.0,0.0,0.0,0.0,0.0,0.0,0.0,0.0,0.0,0.0,0.0,0.0,0.0,0.0,0.0,0.0,0.0,0.0,0.0,0.0,0.0,0.0,0.0,0.0,0.0,0.6103438008672988,0.0,0.0,0.0,0.0,0.0,0.0,0.0,0.0,0.0,0.0,0.0,0.0,0.0,0.0,0.0,0.0,0.0,0.0,0.0,0.0,0.0,0.0,0.0,0.24674988870074452,0.0,0.0,0.0,0.0,0.0,0.0,0.0,0.4673893253995023,0.0,0.0,0.0,0.0,0.2651506199319231,0.0,0.0,0.0,0.0,0.0,0.0,0.23671845948191092,0.10113762076009183,0.09325394202854645,0.0,0.0,0.0,0.0,0.1950090196431159,0.20651444539720037,0.0,0.0,0.0,0.0,0.0,0.0,0.0,0.20053778971123054,0.0,0.14460992769176392,0.0,0.1689864091998537,0.1469534281889455,0.0,0.0,0.0,0.0,0.0,0.0,0.0,0.0,0.0,0.0,0.0,0.0,0.17570140599569736,0.0,0.0,0.0,0.0,0.0,0.0,0.0,0.0,0.0,0.3466229586580767,0.0,0.0,0.0,0.19519439710350858,0.0,0.0,0.0,0.25679444543918134,0.0,0.0,0.17688245623999166,0.0,0.3115928835996682,0.0,0.0,0.0,0.0,0.0,0.0,0.0
20.0,5.0,3.0,1,0.0,0.0,0.0,0.0,0.0,1.0,0.0,0.0,0.0,0.0,0.0,0.0,1.0,0.0,0.0,0.0,0.0,0.0,0.0,0.0,0.0,0.0,0.0,0.0,0.0,0.0,0.0,0.0,0.0,0.0,0.0,0.0,0.0,0.0,0.0,0.0,0.0,0.0,0.0,0.6688084724494376,0.0,0.0,0.0,0.0,0.0,0.0,0.0,0.0,0.0,0.0,0.0,0.0,0.0,0.0,0.0,0.0,0.0,0.0,0.0,0.0,0.0,0.0,0.0,0.0,0.0,0.0,0.0,0.0,0.0,0.7434347497795957,0.0,0.0,0.0,0.0,0.0,0.0,0.0,0.0,0.0,0.22287721766939622,0.0,0.16229156490557747,0.0,0.0,0.0,0.0,0.0,0.0,0.0,0.0,0.0,0.0,0.0,0.20176641694779973,0.0,0.0,0.0,0.13712078172046763,0.0,0.0,0.0,0.0,0.0,0.0,0.0,0.0,0.0,0.0,0.0,0.0,0.0,0.328301552506524,0.0,0.0,0.0,0.0,0.0,0.0,0.0,0.0,0.0,0.2579789129860021,0.0,0.0,0.0,0.0,0.2108994375370366,0.12727521951439125,0.0,0.0,0.2586755989672707,0.0,0.0,0.0,0.0,0.0,0.0,0.20284025647256845,0.4551549017413177,0.0,0.0,0.19190421603959532,0.0,0.0,0.0,0.0,0.12660199263896862,0.0,0.0,0.0,0.0,0.0,0.0,0.07626812670491204,0.0,0.0,0.0,0.0,0.0984987298929484,0.0,0.17230608900690267,0.0,0.1600118288162454,0.0,0.0,0.0,0.0,0.1562052113501599,0.19664835323982469,0.0,0.0,0.3570737444014679,0.0,0.0
20.0,3.0,0.0,1,0.0,0.0,1.0,0.0,0.0,0.0,0.0,1.0,0.0,0.0,0.0,0.0,0.0,0.0,0.0,0.0,0.0,0.0,0.0,0.0,0.0,0.0,0.0,0.0,0.0,0.0,0.0,0.0,0.0,0.0,0.0,0.0,0.0,0.0,0.0,0.0,0.0,0.0,0.0,0.0,0.0,0.0,0.0,0.0,0.0,0.0,0.0,0.0,0.0,0.0,1.0,0.0,0.0,0.0,0.0,0.0,0.0,0.0,0.0,0.0,0.0,0.0,0.0,0.0,0.0,0.0,0.0,0.0,0.0,0.0,0.0,0.0,0.0,0.0,0.0,0.0,0.12827885880882123,0.09588596576062515,0.0,0.09089959748226034,0.1924261587007805,0.3971398623586313,0.0,0.0,0.2791713908490677,0.0,0.0,0.0,0.0,0.06642938889000008,0.0,0.0,0.0,0.0,0.0,0.0,0.0,0.08388625806069687,0.0,0.0,0.0,0.0,0.0,0.0,0.0,0.0,0.0,0.0,0.1157562534936651,0.0,0.05445603543132389,0.10042237365387949,0.0,0.0,0.0,0.3940128130144997,0.0,0.0,0.0,0.0,0.0,0.0,0.0,0.0,0.0,0.0,0.12902176037876908,0.07786304727084557,0.0,0.09098819823563226,0.0,0.0,0.0,0.0,0.0,0.12152637844256946,0.0,0.0,0.0,0.0,0.0,0.0,0.0,0.0,0.0,0.21864790372198295,0.0,0.0,0.0,0.0,0.0,0.11522276794272739,0.0,0.5132433206790206,0.0,0.0,0.0,0.0,0.18077543981542366,0.10541154204713025,0.0,0.13826711874678801,0.0,0.0,0.0952397063703265,0.0,0.16777251612139374,0.0,0.12030338727732535,0.0,0.12409140238307116,0.0,0.0,0.0
21.0,5.0,0.0,1,1.0,0.0,0.0,0.0,0.0,0.0,0.0,0.0,0.0,0.0,0.0,1.0,0.0,0.0,0.0,0.0,0.0,0.0,0.0,0.0,0.0,0.0,0.0,0.0,0.0,0.0,0.0,0.0,0.0,0.0,0.0,0.0,0.0,0.0,0.0,0.0,0.0,0.0,0.0,0.0,0.0,0.0,0.0,0.0,0.0,0.0,0.0,0.0,0.0,0.0,1.0,0.0,0.0,0.0,0.0,0.0,0.0,0.0,0.0,0.0,0.0,0.0,0.0,0.0,0.0,0.0,0.0,0.0,0.0,0.0,0.0,0.0,0.0,0.0,0.0,0.0,0.0,0.0,0.0,0.17886200013855552,0.28397590784918675,0.09768089200020666,0.0,0.0,0.0,0.11336119909529212,0.0,0.0,0.0,0.19606841549270024,0.0,0.0,0.10755768581221808,0.0,0.0,0.0,0.0,0.0,0.0,0.0,0.0,0.0,0.07022990255530828,0.13421421555921267,0.11719242522243263,0.0,0.0,0.0,0.0,0.06269913435135718,0.10715245926983877,0.04939996190274556,0.0,0.10494992227346145,0.0,0.12921568002495934,0.0,0.0,0.0,0.0,0.0,0.0,0.0,0.0,0.0,0.0,0.0,0.0,0.0,0.26855450809787057,0.07784650810567902,0.0,0.0,0.0,0.09630875257410289,0.0,0.13333548282138466,0.0,0.0,0.30633679757153076,0.12620635237969477,0.0,0.0,0.09307534430865463,0.0,0.0,0.07619986643897995,0.0,0.0,0.0,0.0,0.11336119909529212,0.08422605723130634,0.27542794298847345,0.142060833309362,0.2632702593221203,0.12017875847643705,0.05170074085227929,0.0,0.10370848590346438,0.0,0.0,0.09630875257410289,0.0,0.0,0.529904257853626,0.0,0.0,0.0,0.0,0.0,0.0,0.0,0.0
21.0,4.0,1.0,1,0.0,0.0,1.0,0.0,0.0,0.0,0.0,1.0,0.0,0.0,0.0,0.0,0.0,0.0,0.0,0.0,0.0,0.0,0.0,0.0,0.0,0.0,0.0,0.0,0.0,0.0,0.0,0.0,0.0,0.0,0.0,0.0,0.0,0.0,0.0,0.0,0.0,0.0,0.0,0.0,0.0,0.0,0.0,0.0,0.0,0.0,0.0,0.0,0.0,0.0,0.0,0.0,0.0,0.0,0.0,0.0,0.0,0.0,0.0,0.0,0.0,0.0,0.0,0.0,0.0,0.0,0.0,0.0,0.0,0.0,0.0,0.0,0.0,0.0,0.0,0.0,0.0,0.0,0.0,0.0654701540949428,0.0,0.0,0.0,0.0,0.0,0.0,0.0,0.0,0.0,0.0,0.0,0.0,0.0,0.0,0.0,0.19396469563332805,0.0,0.2416752722256563,0.0,0.0,0.0,0.0,0.0,0.39301921560025727,0.0,0.14301937910637172,0.0,0.0,0.0,0.09180087406879041,0.23533074709935137,0.2893156167818017,0.0,0.15366232242003555,0.0,0.0,0.0,0.0,0.0,0.0,0.0,0.0,0.0,0.14150604614429352,0.0,0.0,0.0,0.11216123820831939,0.3983458594470716,0.0,0.0,0.1064881753380516,0.0,0.0,0.1410103625551273,0.0,0.0,0.0,0.0,0.0,0.18478490303493256,0.1691155165201978,0.0,0.0,0.0,0.15748047676457635,0.0,0.0,0.0,0.0,0.0,0.16597768486111045,0.12331949640441119,0.1344225146055972,0.0,0.0,0.0,0.07569758736454585,0.34720787122243246,0.0,0.1518446746160344,0.0,0.0,0.0,0.1371922082105865,0.0,0.12083763611282815,0.0,0.0,0.0,0.0,0.0,0.0,0.0
21.0,4.0,2.0,1,0.0,1.0,0.0,1.0,0.0,0.0,0.0,0.0,0.0,0.0,0.0,0.0,0.0,0.0,0.0,1.0,0.0,0.0,0.0,0.0,0.0,0.0,0.0,0.0,0.0,0.0,0.0,0.0,0.0,0.0,0.0,0.0,0.0,0.0,0.0,0.0,0.0,0.0,0.0,0.0,0.0,0.0,0.0,0.0,0.0,0.0,0.0,0.0,0.0,0.0,0.0,0.0,0.0,0.0,0.5897816323125896,0.0,0.0,0.0,0.0,0.0,0.0,0.0,0.807562769193019,0.0,0.0,0.0,0.0,0.0,0.0,0.0,0.0,0.0,0.0,0.0,0.0,0.0,0.0,0.11948548318486324,0.0,0.2831796666050142,0.11989310618807722,0.0,0.14358147193202336,0.1667269385427901,0.11596041284520957,0.0,0.0,0.0,0.0,0.08277903409777468,0.0,0.14358147193202336,0.0,0.0,0.0,0.0,0.0,0.20906479895034738,0.0,0.0,0.0,0.0,0.0,0.0,0.0,0.0,0.0,0.0,0.28849251860045955,0.07941371537067152,0.0,0.0,0.0,0.0,0.0,0.0,0.0,0.0,0.0,0.0,0.0,0.0,0.0,0.0,0.0,0.13455182995061862,0.0,0.4851337602746055,0.1722975136244914,0.0,0.0,0.09211918440233233,0.0,0.0,0.0,0.0,0.0,0.0,0.0,0.0,0.0,0.0,0.0,0.0,0.0,0.2724616706557356,0.09651352554179804,0.0,0.0,0.0,0.0,0.0,0.0,0.17442630186123706,0.0,0.0,0.0,0.19644998105497208,0.0,0.1313555006183709,0.0,0.0,0.24396623474144283,0.0,0.0,0.0,0.3135971984255211,0.11908118775347927,0.0,0.0,0.0,0.0,0.13455182995061862,0.13033431154656588
21.0,5.0,0.0,1,0.0,1.0,0.0,1.0,0.0,0.0,0.0,0.0,0.0,0.0,0.0,0.0,0.0,0.0,0.0,0.0,0.0,0.0,0.0,0.0,1.0,0.0,0.0,0.0,0.0,0.0,0.0,0.0,0.0,0.0,0.0,0.0,0.0,0.0,0.0,0.0,0.0,0.0,0.0,0.0,0.0,0.0,0.0,0.0,0.0,0.0,0.0,0.0,0.0,0.0,0.0,0.0,0.0,0.0,0.0,0.0,0.0,0.0,0.0,0.0,0.0,0.0,0.0,0.0,0.0,0.0,0.0,0.0,0.0,0.0,0.0,0.0,0.0,0.0,0.0,0.0,0.0,0.0,0.0,0.1262087004891274,0.0,0.0,0.0,0.0,0.0,0.31995996047507036,0.0,0.0,0.0,0.0,0.0,0.0,0.0,0.0,0.0,0.0,0.0,0.0,0.0,0.2653630138641157,0.0,0.0,0.0,0.0,0.0,0.0,0.0,0.0,0.0,0.0,0.0,0.0,0.0,0.0,0.0,0.0,0.0,0.0,0.0,0.0,0.0,0.2191286106002375,0.35827812582782664,0.0,0.0,0.0,0.0,0.0,0.0,0.0,0.0,0.0,0.0,0.0,0.0,0.0,0.0,0.0,0.0,0.0,0.0,0.0,0.0,0.0,0.0,0.0,0.0,0.0,0.0,0.0,0.0,0.0,0.0,0.38869522577228,0.40096416563581244,0.37153780323088276,0.3392024001064113,0.0,0.0,0.0,0.0,0.0,0.0,0.0,0.2644693685978263,0.0,0.0,0.0,0.0,0.0,0.0,0.0,0.0,0.0
21.0,5.0,1.0,1,0.0,0.0,0.0,0.0,0.0,0.0,0.0,0.0,0.0,0.0,0.0,0.0,0.0,0.0,0.0,0.0,0.0,1.0,0.0,0.0,0.0,0.0,0.0,0.0,0.0,0.0,0.0,0.0,0.0,0.0,0.0,0.0,0.0,0.0,0.0,0.0,0.0,0.0,0.0,0.0,0.0,0.0,0.0,0.0,0.0,0.0,0.0,0.0,0.0,0.0,0.0,0.0,0.0,0.0,0.0,0.0,0.0,0.0,0.0,0.0,0.0,0.0,0.0,0.0,0.0,0.0,1.0,0.0,0.0,0.0,0.0,0.0,0.0,0.0,0.0,0.0,0.0,0.0,0.0,0.17102283136075827,0.0,0.0,0.0,0.2517316429843749,0.17508211631427056,0.0,0.0,0.0,0.0,0.12498341563888525,0.0,0.0,0.0,0.232235472028684,0.0,0.0,0.0,0.0,0.0,0.0,0.0,0.0,0.13430372881768862,0.0,0.0,0.0,0.0,0.0,0.0,0.0,0.10245617826816363,0.1889394359266135,0.0,0.0,0.0,0.0,0.0,0.0,0.0,0.22522004338220725,0.0,0.0,0.2427476840195321,0.0,0.0,0.0,0.0,0.0,0.0,0.0,0.14886929831342724,0.0,0.0,0.0,0.0,0.0,0.0,0.0,0.0,0.0,0.0,0.0,0.0,0.0,0.0,0.0,0.0,0.22748616827906595,0.0,0.0,0.0,0.0,0.1610691904473031,0.26335647934870876,0.0,0.0,0.0,0.09886959865322048,0.3401195210325734,0.0,0.0,0.0,0.0,0.0,0.3583770377992978,0.0,0.0,0.0,0.0,0.0,0.0,0.41099599643273965,0.20315225311553683,0.0
21.0,5.0,0.0,1,1.0,0.0,0.0,0.0,0.0,0.0,0.0,0.0,0.0,0.0,0.0,0.0,0.0,0.0,0.0,0.0,0.0,1.0,0.0,0.0,0.0,0.0,0.0,0.0,0.0,0.0,0.0,0.0,0.0,0.0,0.0,0.0,0.0,0.0,0.0,0.0,0.0,0.0,0.0,0.0,0.0,0.0,0.0,0.0,0.0,0.0,0.5750102957279837,0.0,0.0,0.0,0.0,0.0,0.0,0.8181461726408165,0.0,0.0,0.0,0.0,0.0,0.0,0.0,0.0,0.0,0.0,0.0,0.0,0.0,0.0,0.0,0.0,0.0,0.0,0.0,0.0,0.0,0.0,0.0,0.0,0.0,0.0,0.29281436325559407,0.0,0.0,0.0,0.2832095650008482,0.0,0.0,0.0,0.0,0.0,0.0,0.0,0.0,0.0,0.0,0.0,0.0,0.0,0.0,0.0,0.0,0.0,0.0,0.0,0.0,0.0,0.0,0.0,0.0,0.19395173950657563,0.16573120253408147,0.0,0.0,0.0,0.0,0.0,0.0,0.0,0.0,0.0,0.0,0.0,0.0,0.0,0.0,0.0,0.0,0.0,0.0,0.0,0.0,0.0,0.0,0.40464985409211596,0.0,0.0,0.0,0.0,0.4237161637178062,0.0,0.0,0.0,0.0,0.0,0.0,0.0,0.0,0.0,0.0,0.0,0.0,0.0,0.2605425175449596,0.14200017593006328,0.0,0.40719640936132967,0.37175759281820203,0.0,0.18339033063972762,0.0,0.0,0.0,0.0,0.0,0.0,0.0,0.0,0.0,0.0,0.0,0.0,0.0,0.0,0.0
21.0,5.0,0.0,1,1.0,0.0,1.0,0.0,0.0,0.0,0.0,1.0,0.0,0.0,0.0,0.0,0.0,0.0,0.0,0.0,0.0,0.0,0.0,0.0,0.0,0.0,0.0,0.0,0.0,0.0,0.7389383451529093,0.0,0.0,0.0,0.0,0.0,0.0,0.6737730493739563,0.0,0.0,0.0,0.0,0.0,0.0,0.0,0.0,0.0,0.0,0.0,0.0,0.0,0.0,0.0,0.0,0.0,0.0,0.0,0.0,0.0,0.0,0.0,0.0,0.0,0.0,0.0,0.0,0.0,0.0,0.0,0.0,0.0,0.0,0.0,0.0,0.0,0.0,0.0,0.0,0.0,0.0,0.0,0.4324788645141431,0.0,0.273325746140727,0.0,0.2985396861151737,0.17323150977919316,0.0,0.0,0.0,0.0,0.0,0.0,0.1997463441746838,0.0,0.0,0.0,0.0,0.20375496360857911,0.0,0.0,0.2522373553949802,0.0,0.28734367552104645,0.0,0.16937512811290867,0.2146419083142342,0.0,0.0,0.0,0.0,0.0,0.0,0.2874387125105442,0.0,0.07548993881278232,0.0,0.0,0.0,0.19745933808491667,0.15786162644248428,0.0,0.0,0.0,0.0,0.0,0.0,0.0,0.0,0.0,0.0,0.0,0.0,0.13679607974946204,0.0,0.0,0.0,0.0,0.0,0.0,0.20375496360857911,0.0,0.0,0.0,0.0,0.0,0.0,0.0,0.0,0.0,0.0,0.0,0.0,0.0,0.0,0.0,0.0,0.07014863224815152,0.0,0.0,0.0,0.07900584561578708,0.09059552762983278,0.0,0.0,0.0,0.0,0.19511577587622414,0.14318800372561308,0.0,0.0,0.0,0.0,0.0,0.0,0.0,0.16233721755502034,0.0
21.0,3.0,36.0,1,0.0,0.0,1.0,0.0,0.0,0.0,0.0,1.0,0.0,0.0,0.0,0.0,0.0,0.0,0.0,0.0,0.0,0.0,0.0,0.0,0.0,0.0,0.0,0.0,0.0,0.0,0.0,0.0,0.0,0.0,0.0,0.0,0.0,0.0,0.0,0.0,0.0,0.6936084099497952,0.0,0.0,0.0,0.0,0.0,0.0,0.0,0.0,0.0,0.0,0.0,0.0,0.0,0.0,0.0,0.0,0.0,0.0,0.0,0.0,0.0,0.0,0.0,0.0,0.0,0.0,0.0,0.7203522566404,0.0,0.0,0.0,0.0,0.0,0.0,0.0,0.0,0.0,0.0,0.1436507004430304,0.10737612005652675,0.12962749317725067,0.05089611401897772,0.0,0.1111824269630605,0.25806015855855635,0.0,0.0,0.12903007927927818,0.0,0.0,0.0,0.0,0.0,0.0,0.0,0.0,0.0,0.0,0.0,0.18787693997064553,0.1267175244738667,0.0,0.0,0.0,0.15987427738603982,0.0,0.0,0.0,0.0,0.0,0.0,0.1427309227612733,0.42687106776518646,0.3935964629963506,0.0,0.0,0.0,0.0,0.0,0.0,0.0,0.0,0.0,0.0,0.0,0.11000597078923031,0.0,0.0,0.0,0.0,0.0,0.20378289189612073,0.0,0.16556656658601074,0.0,0.0,0.0,0.0,0.0,0.0,0.0,0.0,0.1436507004430304,0.0,0.0,0.0,0.0,0.0,0.08673227600060132,0.0,0.0,0.3055308343987082,0.0,0.0,0.0,0.41799709957381304,0.0,0.0,0.0,0.11769372138273469,0.06747934095434059,0.0,0.0,0.0,0.0,0.0,0.0,0.15078701739870706,0.0,0.0,0.0,0.0,0.0,0.0,0.0,0.0
21.0,5.0,0.0,1,1.0,0.0,0.0,0.0,0.0,0.0,0.0,0.0,0.0,0.0,0.0,0.0,0.0,0.0,0.0,0.0,0.0,1.0,0.0,0.0,0.0,0.0,0.0,0.0,0.0,0.0,1.0,0.0,0.0,0.0,0.0,0.0,0.0,0.0,0.0,0.0,0.0,0.0,0.0,0.0,0.0,0.0,0.0,0.0,0.0,0.0,0.0,0.0,0.0,0.0,0.0,0.0,0.0,0.0,0.0,0.0,0.0,0.0,0.0,0.0,0.0,0.0,0.0,0.0,0.0,0.0,0.0,0.0,0.0,0.0,0.0,0.0,0.0,0.0,0.0,0.0,0.0,0.0,0.0,0.0,0.0,0.0,0.0,0.0,0.0,0.0,0.0,0.0,0.0,0.0,0.0,0.0,0.0,0.0,0.0,0.0,0.0,0.0,0.0,0.0,0.0,0.0,0.0,0.0,0.0,1.0,0.0,0.0,0.0,0.0,0.0,0.0,0.0,0.0,0.0,0.0,0.0,0.0,0.0,0.0,0.0,0.0,0.0,0.0,0.0,0.0,0.0,0.0,0.0,0.0,0.0,0.0,0.0,0.0,0.0,0.0,0.0,0.0,0.0,0.0,0.0,0.0,0.0,0.0,0.0,0.0,0.0,0.0,0.0,0.0,0.0,0.0,0.0,0.0,0.0,0.0,0.0,0.0,0.0,0.0,0.0,0.0,0.0,0.0,0.0,0.0,0.0,0.0,0.0,0.0,0.0,0.0,0.0,0.0
21.0,5.0,0.0,1,1.0,0.0,1.0,0.0,0.0,0.0,0.0,1.0,0.0,0.0,0.0,0.0,0.0,0.0,0.0,0.0,0.0,0.0,0.0,0.0,0.0,0.0,0.0,0.0,0.0,0.0,0.0,0.0,0.0,0.0,0.0,0.0,0.0,0.0,0.0,0.0,0.0,0.0,0.0,0.0,0.0,0.0,0.0,0.0,0.0,0.0,0.0,0.0,0.0,0.0,0.0,0.0,0.0,0.0,0.0,0.0,0.0,0.0,0.0,0.0,0.0,0.0,0.0,0.0,0.0,0.0,0.0,0.0,0.0,0.0,0.0,0.0,0.0,0.0,0.0,0.0,0.0,0.167234969775379,0.0,0.23780734725282932,0.0,0.17316317448360355,0.0,0.0,0.16230119024003584,0.0,0.0,0.0,0.21415523058702934,0.11585967513692204,0.18909672609048683,0.0,0.0,0.0,0.0,0.0,0.0,0.14630624742699386,0.1973586060312284,0.0,0.0,0.196486673140557,0.0,0.0,0.0,0.0,0.0,0.0,0.0,0.11114948808649286,0.0,0.1751469309356921,0.0,0.0,0.23484609319015473,0.0,0.0,0.0,0.0,0.0,0.0,0.13763021987148946,0.0,0.0,0.0,0.0,0.0,0.13580114935136747,0.0,0.1586927603132163,0.1380018977100909,0.0,0.0,0.0,0.0,0.0,0.0,0.0,0.0,0.0,0.0,0.0,0.0,0.0,0.0,0.0,0.0,0.2108797668892932,0.0,0.0,0.0,0.0,0.0,0.3255087456904887,0.0,0.0,0.0,0.2749564697602025,0.21019395260363016,0.0,0.0,0.0,0.0,0.22634757597704208,0.1661078270413374,0.0,0.0,0.16666910744260324,0.2098214600604347,0.0,0.0,0.25399563286516424,0.0,0.0
21.0,5.0,0.0,1,1.0,0.0,1.0,0.0,0.0,0.0,0.0,1.0,0.0,0.0,0.0,0.0,0.0,0.0,0.0,0.0,0.0,0.0,0.0,0.0,0.0,0.0,0.0,0.0,0.0,0.0,0.40051498193392915,0.0,0.0,0.0,0.0,0.0,0.0,0.7303889491395573,0.0,0.0,0.0,0.0,0.0,0.0,0.0,0.0,0.0,0.0,0.0,0.0,0.0,0.0,0.0,0.0,0.0,0.0,0.0,0.0,0.0,0.0,0.0,0.0,0.0,0.0,0.0,0.0,0.0,0.0,0.0,0.0,0.0,0.0,0.0,0.0,0.0,0.5532808800431093,0.0,0.0,0.0,0.15365705246128397,0.0,0.23491226399703258,0.0,0.1670220720382943,0.11785683189941602,0.0,0.14114287250859478,0.0,0.0,0.0,0.14736640992061303,0.0,0.0,0.08137310823487241,0.0,0.0,0.0,0.0,0.0,0.0,0.1459130254809538,0.41102805072584897,0.0,0.0,0.0,0.0,0.08744129615568413,0.0,0.1459130254809538,0.0,0.0,0.0,0.0,0.15612989271071293,0.06670627171556329,0.18451955114485605,0.0,0.0,0.0,0.1608828452541627,0.0,0.0,0.0,0.0,0.0,0.0,0.0,0.0,0.0,0.13226659070265923,0.0,0.0,0.0,0.0,0.0,0.0,0.1580460372643259,0.0,0.0,0.14886452083390916,0.0,0.0,0.0,0.0,0.0,0.0,0.0,0.23177103912613037,0.0,0.0,0.0,0.0,0.0,0.0,0.0,0.28228574501718956,0.20973503725391665,0.45723688355187936,0.0,0.0,0.0,0.06437115285432972,0.1476280270535655,0.0,0.0,0.0,0.1199113461617656,0.0,0.0,0.0,0.0,0.0,0.0,0.0,0.0,0.17839178385314958,0.0,0.0
21.0,5.0,0.0,1,1.0,0.0,1.0,0.0,0.0,0.0,0.0,1.0,0.0,0.0,0.0,0.0,0.0,0.0,0.0,0.0,0.0,0.0,0.0,0.0,0.0,0.0,0.0,0.0,0.4408917718326412,0.0,0.0,0.0,0.0,0.0,0.0,0.0,0.0,0.4221848806087406,0.0,0.0,0.0,0.0,0.0,0.0,0.0,0.6091249437319646,0.0,0.0,0.0,0.0,0.0,0.0,0.0,0.0,0.0,0.0,0.0,0.0,0.0,0.0,0.0,0.0,0.0,0.0,0.0,0.0,0.0,0.0,0.0,0.0,0.5063014665584022,0.0,0.0,0.0,0.0,0.0,0.0,0.0,0.0,0.16084736226557766,0.0,0.0,0.0,0.3496755833483134,0.0,0.0,0.1477475871230472,0.5146939061142695,0.0,0.0,0.15426235205345287,0.0,0.0,0.0,0.13902536815788083,0.0,0.0,0.0,0.0,0.0,0.0,0.3226964368902278,0.0,0.0,0.0,0.0,0.0,0.0,0.0,0.0,0.0,0.0,0.0,0.0,0.20948328137537428,0.19315405712052564,0.0,0.0,0.0,0.0,0.0,0.0,0.0,0.0,0.0,0.10118679674087978,0.0,0.0,0.0,0.0,0.0,0.0,0.0,0.11667213855399033,0.10146005714795295,0.09479208591503571,0.0,0.0,0.0,0.0,0.0,0.0,0.0,0.0,0.0,0.0,0.0,0.12130832817577059,0.0,0.0,0.0,0.0,0.0,0.0,0.0,0.0,0.0,0.2393165346848745,0.0,0.0,0.0,0.13476674160754273,0.30907242287522574,0.0,0.0,0.0,0.0,0.0,0.0,0.1726606548998513,0.0,0.24507282068612213,0.0,0.0,0.0,0.0,0.0,0.1341160512650642
21.0,5.0,1.0,1,1.0,0.0,1.0,0.0,0.0,0.0,0.0,1.0,0.0,0.0,0.0,0.0,0.0,0.0,0.0,0.0,0.0,0.0,0.0,0.0,0.0,0.0,0.0,0.0,0.0,0.0,0.0,0.0,0.0,0.0,0.0,0.0,0.0,0.7118501608490141,0.0,0.0,0.0,0.0,0.0,0.7023313665921754,0.0,0.0,0.0,0.0,0.0,0.0,0.0,0.0,0.0,0.0,0.0,0.0,0.0,0.0,0.0,0.0,0.0,0.0,0.0,0.0,0.0,0.0,0.0,0.0,0.0,0.0,0.0,0.0,0.0,0.0,0.0,0.0,0.0,0.0,0.0,0.0,0.0,0.20725045086574212,0.0,0.19647278318855935,0.0,0.0,0.0,0.0,0.10056806569365669,0.12452276209922243,0.13001345429499853,0.0,0.0,0.07179111504470952,0.0,0.0,0.0,0.0,0.0,0.0,0.0,0.18131396671668745,0.12229099014740968,0.10327459534709046,0.0,0.0,0.07714475074310867,0.0,0.12873121140450203,0.10729856929227491,0.14193827792622113,0.20245775582398162,0.0,0.0,0.0,0.16279167174004525,0.0,0.0,0.0,0.14193827792622113,0.0,0.12016947513913963,0.0,0.0,0.0,0.0,0.0,0.10616320943609024,0.0,0.0,0.0,0.16829524033735013,0.0,0.0,0.08551128857546847,0.07989147297178277,0.0,0.0,0.0,0.525340627786552,0.0,0.0,0.0,0.1121662569752569,0.0,0.0,0.0,0.3067186757677252,0.0,0.0,0.0,0.0,0.0,0.0,0.0,0.0,0.0,0.2016977501646548,0.0,0.0,0.13201157954020598,0.11358240923493003,0.2604885300297299,0.0,0.0,0.1494270953672047,0.10579132878417077,0.14025367193421814,0.0,0.0,0.09065698335834373,0.0,0.0,0.0,0.0,0.07869273618421278,0.11669169625791428,0.0
21.0,4.0,0.0,1,0.0,0.0,0.0,0.0,0.0,1.0,0.0,0.0,0.0,0.0,0.0,0.0,1.0,0.0,0.0,0.0,0.0,0.0,0.0,0.0,0.0,0.0,0.0,0.0,0.0,0.0,0.0,0.0,0.0,0.0,0.0,0.0,0.0,0.0,0.0,0.0,0.0,0.0,0.0,0.0,0.0,0.0,0.0,0.0,0.0,0.0,0.0,0.0,0.0,0.0,0.0,0.0,0.0,0.0,0.0,0.0,0.0,0.0,0.0,0.0,0.0,0.0,0.0,0.0,0.0,0.0,0.0,0.0,0.0,0.0,0.0,0.0,0.0,0.0,0.0,0.0,0.0,0.0,0.0,0.2175753618323757,0.0,0.0,0.0,0.0,0.0,0.0,0.0,0.0,0.0,0.0,0.0,0.0,0.261675508384319,0.0,0.0,0.0,0.0,0.0,0.0,0.0,0.0,0.0,0.0,0.0,0.0,0.47529280461116535,0.0,0.0,0.0,0.0,0.13034481935125444,0.12018443914491987,0.0,0.0,0.0,0.0,0.0,0.0,0.0,0.0,0.3088237679395575,0.0,0.0,0.0,0.0,0.0,0.0,0.0,0.0,0.0,0.0,0.0,0.0,0.0,0.0,0.0,0.0,0.0,0.0,0.0,0.0,0.0,0.2986214378922475,0.0,0.0,0.0,0.0,0.0,0.0,0.6530555733632197,0.0,0.0,0.0,0.0,0.0,0.0,0.0,0.12578197033716115,0.0,0.0,0.0,0.0,0.0,0.0,0.0,0.0,0.0,0.0,0.0,0.0,0.0,0.0,0.0,0.0
21.0,5.0,13.0,1,0.0,0.0,1.0,0.0,0.0,0.0,0.0,1.0,0.0,0.0,0.0,0.0,0.0,0.0,0.0,0.0,0.0,0.0,0.0,0.0,0.0,0.0,0.0,0.0,0.0,0.0,0.0,0.0,0.0,0.0,0.0,0.0,0.0,0.0,0.0,0.0,0.0,0.0,0.0,0.0,0.0,0.0,0.0,0.0,0.0,0.0,0.0,0.0,0.0,0.0,0.0,0.0,0.0,0.0,0.0,0.0,0.0,0.0,0.0,0.0,0.0,0.0,0.0,0.0,0.0,0.0,0.0,0.0,0.0,0.0,0.0,0.0,0.0,0.0,0.3174242346622834,0.0,0.0,0.0,0.0,0.10714224817538465,0.0,0.0,0.0,0.0,0.0,0.0,0.0,0.0,0.0,0.0,0.0,0.0,0.2577176204567917,0.0,0.0,0.0,0.0,0.19775142087725014,0.0,0.0,0.0,0.0,0.33655397538146703,0.0,0.0,0.0,0.0,0.0,0.0,0.300465217110443,0.12837333111335492,0.0,0.0,0.0,0.0,0.0,0.0,0.0,0.0,0.28219134942545676,0.0,0.0,0.0,0.0,0.3328908401275079,0.25454132582777167,0.0,0.0,0.0,0.0,0.0,0.1742684535806631,0.3041527543226992,0.0,0.0,0.0,0.0,0.0,0.0,0.24466991807640337,0.0,0.0,0.0,0.0,0.0,0.0,0.0,0.0,0.0,0.0,0.0,0.0,0.0,0.32997471793054767,0.0,0.0,0.0,0.12387949599031897,0.0,0.0,0.0,0.0,0.0,0.0,0.0,0.0,0.0,0.0,0.0,0.0,0.0,0.0,0.0,0.0
21.0,3.0,1.0,1,1.0,0.0,0.0,0.0,0.0,1.0,0.0,0.0,0.0,0.0,0.0,0.0,0.0,0.0,0.0,0.0,0.0,0.0,0.0,0.0,0.0,1.0,0.0,0.0,0.0,0.0,0.0,0.40775203229239854,0.0,0.0,0.0,0.0,0.0,0.0,0.0,0.0,0.0,0.414941110608655,0.0,0.0,0.0,0.0,0.0,0.0,0.0,0.0,0.0,0.0,0.529712907260561,0.0,0.4043296425105346,0.0,0.0,0.0,0.0,0.4663517245139577,0.0,0.0,0.0,0.0,0.0,0.0,0.0,0.0,0.0,0.0,0.0,0.0,0.0,0.0,0.0,0.0,0.0,0.0,0.0,0.0,0.0,0.0,0.0,0.20767754365979363,0.0,0.0,0.0,0.0,0.0,0.0,0.0,0.0,0.0,0.0,0.0,0.26324848605295503,0.0,0.0,0.0,0.0,0.0,0.0,0.0,0.0,0.0,0.0,0.1630885670836139,0.0,0.0,0.0,0.0,0.0,0.0,0.14560054345359405,0.12441524483136597,0.2294341500576364,0.0,0.48743147338517195,0.0,0.0,0.0,0.0,0.0,0.0,0.0,0.3605780854938853,0.0,0.2244353055412032,0.0,0.0,0.0,0.0,0.0,0.0,0.0,0.0,0.0,0.0,0.0,0.0,0.0,0.0,0.0,0.0,0.0,0.0,0.0,0.0,0.0,0.0,0.0,0.0,0.0,0.0,0.301900382406795,0.0,0.0,0.4264009766248519,0.0,0.0,0.0,0.1200599664241194,0.13767204085516005,0.0,0.0,0.0,0.0,0.0,0.21759335382898082,0.0,0.0,0.0,0.0,0.0,0.0,0.0,0.0,0.0
21.0,5.0,0.0,1,0.0,0.0,1.0,0.0,0.0,0.0,0.0,1.0,0.0,0.0,0.0,0.0,0.0,0.0,0.0,0.0,0.0,0.0,0.0,0.0,0.0,0.0,0.0,0.0,0.0,0.0,0.0,0.0,0.0,0.0,0.0,0.0,0.0,0.0,0.0,0.0,0.0,0.0,0.0,0.0,0.0,0.0,0.0,0.0,0.0,0.0,1.0,0.0,0.0,0.0,0.0,0.0,0.0,0.0,0.0,0.0,0.0,0.0,0.0,0.0,0.0,0.0,0.0,0.0,0.0,0.0,0.0,0.0,0.0,0.0,0.0,0.0,0.0,0.0,0.21348639818242396,0.0,0.0,0.15202463393156807,0.0,0.14411888040285217,0.0,0.0,0.0,0.0,0.0,0.0,0.0,0.20576083713487567,0.19467740854829776,0.10532201921511099,0.0,0.0,0.0,0.0,0.0,0.0,0.0,0.13299941834452822,0.17940846866801227,0.15151023784496345,0.0,0.0,0.11317613488870579,0.0,0.0,0.15741365724319797,0.0,0.0,0.0,0.10104023255857326,0.2590157627179394,0.39804246826336187,0.0,0.0,0.0,0.0,0.0,0.0,0.21348639818242396,0.0,0.0,0.0,0.0,0.15574801390398144,0.0,0.3423879143781496,0.0,0.12344977874757448,0.0,0.0,0.0,0.0,0.2045605499740756,0.0,0.0,0.0,0.0,0.0,0.0,0.0,0.0,0.0,0.0,0.0,0.0,0.0,0.12279678667940172,0.0,0.0,0.0,0.0,0.1826826165656481,0.13573106707427263,0.29590311148192566,0.0,0.0,0.0,0.0,0.09553820813349033,0.0,0.16712718034131413,0.0,0.15520244191860694,0.0,0.0,0.0,0.0,0.0,0.0,0.0,0.0,0.1154471255575531,0.0,0.0
21.0,4.0,0.0,1,0.0,0.0,0.0,0.0,0.0,1.0,0.0,0.0,0.0,0.0,0.0,0.0,1.0,0.0,0.0,0.0,0.0,0.0,0.0,0.0,0.0,0.0,0.0,0.0,0.0,0.0,1.0,0.0,0.0,0.0,0.0,0.0,0.0,0.0,0.0,0.0,0.0,0.0,0.0,0.0,0.0,0.0,0.0,0.0,0.0,0.0,0.0,0.0,0.0,0.0,0.0,0.0,0.0,0.0,0.0,0.0,0.0,0.0,0.0,0.0,0.0,0.0,0.0,0.0,0.0,0.0,0.0,0.0,0.0,0.0,0.0,0.0,0.0,0.0,0.0,0.0,0.0,0.0,0.0,0.1680727375268058,0.17789732936341898,0.0,0.0,0.0,0.1720620010018036,0.2130461142837232,0.0,0.0,0.0,0.0,0.0,0.0,0.0,0.0,0.0,0.0,0.0,0.0,0.0,0.0,0.0,0.0,0.1319870287659504,0.0,0.0,0.0,0.0,0.0,0.2140325254391147,0.11783403006597613,0.10068883915119123,0.2785204288540641,0.2592403819438262,0.0,0.0,0.0,0.0,0.20559807140728403,0.24896976209473512,0.0,0.23856035744953952,0.29181463172739136,0.0,0.0,0.0,0.0,0.0,0.0,0.0,0.0,0.14630134644685533,0.13668639848736297,0.0,0.0,0.0,0.0,0.0,0.0,0.0,0.19190535769907455,0.0,0.21707378127283927,0.0,0.1749217598158066,0.0,0.0,0.2864134392247721,0.0,0.0,0.0,0.0,0.0,0.15829079400866636,0.08627121902843099,0.0,0.0,0.0,0.09716412698589112,0.0,0.0,0.19490522432996174,0.0,0.1809984868824245,0.0,0.0,0.0,0.0,0.0,0.0,0.0,0.0,0.0,0.0,0.19338998450988204
21.0,5.0,0.0,1,0.0,1.0,0.0,1.0,0.0,0.0,0.0,0.0,0.0,0.0,0.0,0.0,0.0,0.0,0.0,0.0,0.0,0.0,0.0,0.0,0.0,0.0,1.0,0.0,0.0,0.0,0.0,0.0,0.0,0.0,0.0,0.0,0.0,0.0,0.0,0.0,0.0,0.0,0.0,0.0,0.0,0.0,0.0,0.0,0.0,0.0,0.0,0.0,0.0,0.0,0.0,0.0,0.0,0.0,0.0,0.0,0.0,0.0,0.0,0.0,0.0,0.0,0.0,0.0,0.0,0.0,0.0,0.0,0.0,0.0,0.0,0.0,0.0,0.0,0.0,0.0,0.0,0.0,0.20163146967356563,0.0791672971434184,0.0,0.0,0.0,0.0,0.0,0.0,0.0,0.22605683985889255,0.0,0.115710857142941,0.0,0.0,0.0,0.0,0.0,0.0,0.0,0.0,0.0,0.16645502638119075,0.0,0.0,0.0,0.0,0.0,0.0,0.0,0.16315779777929174,0.0,0.0,0.0,0.0,0.0,0.0,0.0,0.0,0.0,0.0,0.0,0.0,0.0,0.1374534383190793,0.0,0.1711108115989741,0.0,0.18808032424427454,0.0,0.0,0.0,0.0,0.0,0.12876678137984052,0.0,0.0,0.0,0.0,0.0,0.0,0.0,0.0,0.0,0.0,0.0,0.0,0.0,0.5712818552509611,0.13490931475641363,0.0,0.23305559406283666,0.0,0.0,0.0,0.0,0.16254532013341993,0.2515139536476553,0.0,0.0,0.18306886472997572,0.0,0.18361240539529813,0.0,0.0,0.0,0.22605683985889255,0.16589446692639123,0.0,0.0,0.0,0.0,0.0,0.0,0.2536693837149032,0.18808032424427454,0.0
21.0,5.0,1.0,1,0.0,0.0,0.0,0.0,0.0,1.0,0.0,0.0,0.0,0.0,0.0,0.0,0.0,0.0,0.0,0.0,0.0,0.0,0.0,0.0,0.0,0.0,0.0,0.0,0.0,0.0,0.0,0.0,0.0,0.0,0.0,0.0,0.0,0.0,0.0,0.0,0.0,0.7071067811865475,0.0,0.0,0.0,0.0,0.0,0.0,0.0,0.0,0.0,0.0,0.0,0.0,0.0,0.0,0.0,0.0,0.7071067811865475,0.0,0.0,0.0,0.0,0.0,0.0,0.0,0.0,0.0,0.0,0.0,0.0,0.0,0.0,0.0,0.0,0.0,0.0,0.0,0.20499879435082563,0.1909729541920225,0.0,0.29196114537439255,0.0,0.2075836936964717,0.0,0.0,0.0,0.0,0.0,0.0,0.0,0.0,0.0,0.0,0.0,0.0,0.0,0.18792148669073125,0.20632869290980005,0.0,0.0,0.0,0.0,0.0,0.0,0.0,0.10867657798810156,0.0,0.0,0.15115534396545177,0.0,0.0,0.0,0.09702316415369566,0.1658120283918197,0.0764434894111524,0.0,0.1624037339908703,0.0,0.0,0.0,0.0,0.0,0.0,0.0,0.1201383798071084,0.0,0.0,0.4299748628152314,0.0,0.0,0.0,0.0,0.0,0.12046281998733537,0.11254598413201626,0.0,0.0,0.0,0.0,0.0,0.0,0.21196140344785674,0.158012630235815,0.0,0.17873601626037744,0.1899386050962325,0.2880570681858184,0.0,0.0,0.11791474039447891,0.0,0.20369749798980433,0.0,0.0,0.0,0.0,0.1420694283450765,0.0,0.0,0.0,0.08000380736468322,0.09173988436053995,0.16048268538376162,0.16048268538376162,0.0,0.14903204018848756,0.0,0.0,0.0,0.0,0.0,0.0,0.0,0.0,0.0,0.0,0.0
21.0,5.0,0.0,1,1.0,0.0,0.0,0.0,0.0,1.0,0.0,0.0,0.0,0.0,0.0,0.0,1.0,0.0,0.0,0.0,0.0,0.0,0.0,0.0,0.0,0.0,0.0,0.0,0.0,0.0,0.0,0.0,0.0,0.0,0.0,0.0,0.0,0.0,0.0,0.0,0.0,0.0,0.0,0.0,0.0,0.0,0.0,0.0,0.0,0.0,0.0,0.0,0.0,0.0,0.0,0.0,0.0,0.0,0.0,0.0,0.0,0.0,0.0,0.0,0.0,0.0,0.0,0.0,0.0,0.0,0.0,0.0,0.0,1.0,0.0,0.0,0.0,0.0,0.0,0.0,0.0,0.13889451497704072,0.16767739217123537,0.26334313689712724,0.0,0.0,0.0,0.0,0.13479683781965215,0.0,0.0,0.0,0.0,0.0,0.0,0.1669046178005862,0.0,0.0,0.0,0.0,0.0,0.0,0.0,0.0,0.0,0.0,0.10340129724909503,0.0,0.0,0.28763619432095283,0.0,0.0,0.0,0.0,0.15776332998905312,0.5091298679424943,0.0,0.0,0.0,0.0,0.0,0.0,0.0,0.0,0.18689298988791106,0.0,0.0,0.14229631271184975,0.0,0.0,0.18689298988791106,0.11278762329324617,0.0,0.0,0.0,0.21416575631780868,0.0,0.0,0.0,0.17603564042766684,0.0,0.0,0.0,0.0,0.0,0.0,0.18071877609897033,0.0,0.0,0.0,0.11219102908185317,0.0,0.0,0.0,0.0,0.0,0.12400819683659557,0.0,0.0,0.0,0.0,0.07612033447796508,0.3491469175041699,0.1526926791577495,0.1526926791577495,0.0,0.0,0.0,0.0,0.0,0.12151247613927564,0.13842454643899973,0.0,0.0,0.0,0.10547614616870445,0.0,0.0
21.0,4.0,0.0,1,0.0,0.0,0.0,0.0,0.0,1.0,0.0,0.0,0.0,0.0,0.0,0.0,1.0,0.0,0.0,0.0,0.0,0.0,0.0,0.0,0.0,0.0,0.0,0.0,1.0,0.0,0.0,0.0,0.0,0.0,0.0,0.0,0.0,0.0,0.0,0.0,0.0,0.0,0.0,0.0,0.0,0.0,0.0,0.0,0.0,0.0,0.0,0.0,0.0,0.0,0.0,0.0,0.0,0.0,0.0,0.0,0.0,0.0,0.0,0.0,0.0,0.0,0.0,0.0,0.0,0.0,0.0,0.0,0.0,0.0,0.0,0.0,0.0,0.0,0.16434739021995187,0.0,0.0,0.11703252314204682,0.1412849764652115,0.22189293629274523,0.0,0.0,0.0,0.0,0.0,0.0,0.0,0.0,0.14986774006256184,0.0,0.0,0.0,0.0,0.0,0.0,0.0,0.0,0.0,0.0,0.0,0.15934200751508024,0.0,0.0871259366521617,0.0,0.29077357206929827,0.0,0.0,0.0,0.0,0.07778340292213357,0.06646569366314514,0.5515622285210254,0.0,0.39059688025819833,0.0,0.0,0.0,0.0,0.0,0.0,0.0,0.0963148551633036,0.1574760397684445,0.0,0.0,0.0,0.0,0.0,0.0,0.0,0.0,0.09022803685459085,0.0,0.0,0.0,0.0,0.0,0.0,0.0,0.12667861527324084,0.0,0.0,0.15227364701551543,0.0,0.0,0.0,0.09453216499962162,0.0,0.0,0.0,0.0,0.0,0.0,0.05694848072763737,0.0,0.0,0.0,0.06413899647401755,0.0,0.0,0.0,0.0,0.0,0.0,0.3487312158169051,0.0,0.20477283322768947,0.0,0.14683492880228988,0.0,0.0,0.0,0.0,0.0
21.0,4.0,0.0,1,0.0,0.0,0.0,0.0,0.0,1.0,0.0,0.0,0.0,0.0,0.0,0.0,0.0,0.0,0.0,0.0,0.0,0.0,0.0,0.0,0.0,0.0,0.0,0.0,0.0,0.0,0.0,0.0,0.0,0.0,0.0,0.0,0.0,0.0,0.0,0.0,0.0,0.0,0.0,0.0,0.0,0.0,0.0,0.0,0.0,0.0,0.0,0.0,0.0,0.0,0.0,0.0,0.0,0.0,0.0,0.0,0.0,0.0,0.0,0.0,0.0,0.0,0.0,0.0,0.0,0.0,0.0,0.0,0.0,1.0,0.0,0.0,0.0,0.0,0.0,0.0,0.0,0.0,0.0,0.17486794481301934,0.0,0.0,0.0,0.0,0.1193456632263252,0.0,0.0,0.0,0.0,0.08519561532452437,0.0,0.0,0.0,0.0,0.0,0.0,0.0,0.0,0.0,0.0,0.0,0.0,0.09154885677041089,0.0,0.0,0.0,0.0,0.0,0.1484572627995225,0.16346410464803618,0.0,0.5151663177247426,0.0,0.1368084683687584,0.1726904325620687,0.0,0.0,0.0,0.0,0.0,0.0,0.0,0.0,0.12598550596548486,0.18110483353210857,0.0,0.0,0.0,0.0,0.11669226024027757,0.0,0.09480843409069216,0.0,0.0,0.12554418950246804,0.4675723243542113,0.0,0.0,0.17855571572402335,0.0,0.0,0.15056673899068332,0.0,0.12132924943558321,0.0,0.0,0.0,0.0,0.0,0.0,0.0,0.0,0.0,0.059839452013485166,0.0,0.0,0.0,0.06739499197627316,0.15456286329473234,0.13519018219305232,0.13519018219305232,0.17732742175737437,0.0,0.16644117972702033,0.0,0.0,0.21516806016647683,0.0,0.0,0.0,0.0,0.09338587479257335,0.13847982246499638,0.0
21.0,4.0,4.0,1,0.0,0.0,0.0,0.0,0.0,1.0,0.0,0.0,0.0,0.0,0.0,0.0,1.0,0.0,0.0,0.0,0.0,0.0,0.0,0.0,0.0,0.0,0.0,0.0,0.0,0.0,0.0,0.4476696640436915,0.0,0.0,0.0,0.0,0.0,0.0,0.0,0.5599925241271119,0.0,0.0,0.0,0.0,0.0,0.0,0.0,0.0,0.0,0.0,0.0,0.0,0.0,0.0,0.0,0.0,0.0,0.0,0.0,0.5120060804250015,0.0,0.0,0.0,0.0,0.0,0.0,0.0,0.0,0.0,0.4731279091583813,0.0,0.0,0.0,0.0,0.0,0.0,0.0,0.0,0.0,0.0,0.0,0.2646718983052261,0.10650647050669268,0.3345441824909934,0.0,0.18270272128169027,0.0,0.12310542989970316,0.17124235110924013,0.0,0.11069025458403327,0.0,0.0,0.12224237628730111,0.0,0.0,0.0,0.0,0.0,0.0,0.0,0.0,0.0,0.0879254482777958,0.0,0.10365555489907274,0.0,0.12551739605993592,0.10959858455067209,0.0,0.0,0.08618377481079918,0.0,0.23454541074369034,0.15031378322628033,0.32339258478398425,0.0,0.0,0.0,0.0,0.0,0.0,0.0,0.0,0.0,0.14521225876174643,0.11871196502791936,0.2711542296217015,0.0,0.0,0.0,0.0,0.0,0.0,0.0,0.1360352669697545,0.0,0.0,0.0900681331743795,0.0,0.0,0.11417557919469115,0.0,0.0,0.0,0.10801985462479972,0.34437055730687494,0.0,0.0,0.0,0.07126226365579015,0.0,0.0,0.0,0.0,0.0,0.0,0.17172049951149737,0.0,0.0,0.0,0.09670126728542668,0.16633014172395882,0.29096513463237006,0.0,0.0,0.0,0.0,0.0,0.0,0.0,0.0,0.0,0.10853856162474626,0.0,0.0,0.09934843771878848,0.09623436736651864
21.0,3.0,0.0,1,0.0,1.0,0.0,1.0,0.0,0.0,0.0,0.0,0.0,0.0,0.0,0.0,0.0,0.0,0.0,1.0,0.0,0.0,0.0,0.0,0.0,0.0,0.0,0.0,0.0,0.0,0.0,0.0,0.0,0.0,0.0,0.0,0.0,0.0,0.0,0.0,0.0,0.0,0.0,0.0,0.0,0.0,0.0,0.0,0.0,0.0,0.0,0.0,0.0,0.0,0.0,0.0,0.0,0.0,0.0,0.0,0.0,0.0,0.0,0.0,0.0,0.0,0.0,0.0,0.0,0.0,0.0,0.0,0.0,0.0,0.0,0.0,0.0,0.0,0.0,0.0,0.0,0.0,0.0,0.08323135154789332,0.0,0.0,0.0,0.24501950653319354,0.0,0.0,0.4406186076164102,0.0,0.22485969616227405,0.1216508757565035,0.0,0.0,0.0,0.0,0.0,0.0,0.0,0.0,0.2072234988869788,0.17499999769536817,0.0,0.0,0.130722673440464,0.0,0.0,0.0,0.24051605553614028,0.17153350581297805,0.0,0.0,0.09972430141450499,0.18390158188524697,0.0,0.0,0.0,0.0,0.0,0.0,0.0,0.0,0.0,0.0,0.0,0.1798947877182081,0.0,0.0,0.0,0.0,0.0,0.0,0.28979973735731585,0.0,0.0,0.0,0.0,0.0,0.0,0.2272462237873412,0.0,0.0,0.0,0.0,0.22846948907841472,0.0,0.0,0.0,0.28366977296786383,0.0,0.0,0.0,0.0,0.0,0.1567744646371247,0.25633437992674224,0.0,0.0,0.0,0.09623335384439785,0.0,0.0,0.0,0.0,0.0,0.0,0.0,0.0,0.0,0.0,0.0,0.0,0.2272462237873412,0.0,0.0,0.0
21.0,5.0,0.0,1,0.0,0.0,0.0,0.0,0.0,1.0,0.0,0.0,0.0,0.0,0.0,0.0,0.0,0.0,0.0,0.0,0.0,0.0,0.0,0.0,0.0,0.0,0.0,0.0,0.0,0.0,0.0,0.0,0.0,0.0,0.0,0.0,0.0,0.0,0.0,0.0,0.0,0.0,0.0,0.0,0.0,0.0,0.0,0.0,0.0,0.0,0.0,0.0,0.0,0.0,0.0,0.0,0.0,0.0,0.0,0.0,0.0,0.0,0.0,0.0,0.0,0.0,0.0,0.0,0.0,0.0,0.0,0.0,0.0,0.0,0.0,0.0,0.0,0.0,0.0,0.0,0.0,0.0,0.0,0.1000153963678544,0.0,0.436966739649483,0.0,0.0,0.0,0.2535555959671259,0.0,0.28558717116732274,0.0,0.0,0.0,0.0,0.0,0.0,0.0,0.0,0.0,0.0,0.0,0.0,0.0,0.24791108502960763,0.0,0.0,0.0,0.0,0.0,0.0,0.0,0.0,0.1198342373154885,0.11049315710285348,0.0,0.23474204843565558,0.0,0.0,0.0,0.24469135098113545,0.0,0.0,0.0,0.0,0.0,0.0,0.0,0.0,0.0,0.0,0.0,0.0,0.0,0.0,0.0,0.0,0.0,0.0,0.2982321824412027,0.0,0.0,0.0,0.0,0.0,0.0,0.20818211684747837,0.0,0.0,0.34087329177436965,0.0,0.0,0.0,0.0,0.0,0.0,0.10267519043521695,0.0,0.0,0.0,0.11563932159646699,0.13260291403924207,0.0,0.0,0.0,0.21541429828428194,0.0,0.209581499729858,0.0,0.0,0.21028967820863012,0.0,0.0,0.0,0.16023563310917338,0.0,0.0
21.0,5.0,0.0,1,0.0,1.0,0.0,1.0,0.0,0.0,0.0,0.0,0.0,0.0,0.0,0.0,0.0,0.0,0.0,0.0,0.0,0.0,0.0,0.0,0.0,0.0,1.0,0.0,0.0,0.0,0.0,0.0,0.0,0.0,0.0,0.0,0.0,0.0,0.0,0.0,0.0,0.0,0.0,0.0,0.0,0.0,0.0,0.0,0.0,0.0,0.0,0.0,0.0,0.0,0.0,0.0,0.0,0.0,0.0,0.0,0.0,0.0,0.0,0.0,0.0,0.0,0.0,0.0,0.0,0.0,0.0,0.0,0.0,0.0,0.0,0.0,0.0,0.0,0.0,0.0,0.0,0.0,0.0,0.24994396360339605,0.0,0.0,0.0,0.0,0.0,0.31682467375699835,0.0,0.0,0.0,0.0,0.0,0.0,0.30060487176805933,0.0,0.0,0.0,0.0,0.0,0.0,0.26276272246640336,0.0,0.0,0.0,0.0,0.0,0.0,0.0,0.0,0.0,0.0,0.4492085019569531,0.13806423130977186,0.0,0.2933166299446162,0.0,0.0,0.0,0.0,0.0,0.0,0.0,0.0,0.0,0.0,0.0,0.0,0.0,0.0,0.0,0.0,0.0,0.0,0.0,0.0,0.0,0.0,0.0,0.0,0.0,0.0,0.0,0.0,0.0,0.0,0.0,0.0,0.42593053033186007,0.0,0.0,0.0,0.0,0.0,0.0,0.2565909349268938,0.0,0.0,0.0,0.2889890100712382,0.0,0.0,0.0,0.0,0.0,0.0,0.0,0.0,0.0,0.0,0.0,0.0,0.0,0.20021881982301803,0.0,0.0
21.0,5.0,0.0,1,0.0,0.0,0.0,0.0,0.0,1.0,0.0,0.0,0.0,0.0,0.0,0.0,0.0,0.0,0.0,0.0,0.0,0.0,0.0,0.0,0.0,0.0,0.0,0.0,0.0,0.0,0.0,0.0,0.0,0.0,0.0,0.0,0.0,0.0,0.0,0.0,0.0,0.0,0.0,0.0,0.0,0.0,0.0,0.0,0.0,0.0,1.0,0.0,0.0,0.0,0.0,0.0,0.0,0.0,0.0,0.0,0.0,0.0,0.0,0.0,0.0,0.0,0.0,0.0,0.0,0.0,0.0,0.0,0.0,0.0,0.0,0.0,0.0,0.0,0.0,0.0,0.0,0.0,0.0,0.1964377905713368,0.0,0.0,0.0,0.0,0.0,0.16600077877206165,0.0,0.0,0.0,0.2871133149979541,0.0,0.16600077877206165,0.0,0.0,0.0,0.0,0.1716110451227429,0.0,0.0,0.0,0.0,0.16230536354037833,0.10284134792423294,0.0,0.1716110451227429,0.0,0.0,0.13494779817221347,0.0,0.0,0.07845449690057821,0.1446779358830283,0.0,0.30736740557617237,0.0,0.0,0.0,0.0,0.0,0.0,0.0,0.0,0.0,0.0,0.0,0.0,0.0,0.0,0.0,0.0,0.11399474488061409,0.1065029919589767,0.3717618155478417,0.0,0.14102998254656632,0.0,0.0,0.0,0.0,0.0,0.0,0.0,0.0,0.1362951323999898,0.0,0.15750238838546682,0.11158348069840661,0.0,0.0,0.0,0.0,0.0,0.12333665491262204,0.26888243594553624,0.0,0.0,0.1759840903074619,0.07570811982463697,0.0,0.15186580207902395,0.3037316041580479,0.0,0.14102998254656632,0.0,0.0,0.0,0.1208544492983493,0.0,0.0,0.0,0.17877776937927883,0.2098099218177443,0.0,0.0
21.0,5.0,0.0,1,0.0,0.0,1.0,0.0,0.0,0.0,0.0,1.0,0.0,0.0,0.0,0.0,0.0,0.0,0.0,0.0,0.0,0.0,0.0,0.0,0.0,0.0,0.0,0.0,0.0,0.0,0.0,0.0,0.0,0.0,0.0,0.0,0.0,0.4359321392704211,0.628959377752176,0.0,0.0,0.0,0.0,0.0,0.0,0.0,0.0,0.0,0.0,0.0,0.0,0.0,0.0,0.6437183165707728,0.0,0.0,0.0,0.0,0.0,0.0,0.0,0.0,0.0,0.0,0.0,0.0,0.0,0.0,0.0,0.0,0.0,0.0,0.0,0.0,0.0,0.0,0.0,0.0,0.0,0.0,0.0,0.0,0.0,0.23069382951112438,0.0,0.0,0.0,0.0,0.0,0.0,0.0,0.0,0.0,0.0,0.0,0.0,0.5549058920095628,0.0,0.0,0.0,0.0,0.4257893907430617,0.28718254380035574,0.0,0.0,0.0,0.0,0.0,0.0,0.0,0.33332133191790553,0.0,0.0,0.0,0.2764076343923805,0.12743082801511668,0.0,0.0,0.0,0.0,0.0,0.0,0.0,0.0,0.0,0.0,0.0,0.0,0.0,0.0,0.0,0.19760840586585185,0.0,0.0,0.0,0.0,0.0,0.0,0.0,0.0,0.0,0.0,0.0,0.0,0.0,0.0,0.0,0.0,0.0,0.0,0.0,0.0,0.0,0.0,0.0,0.0,0.0,0.23682886572948852,0.0,0.0,0.0,0.13336585620797323,0.0,0.0,0.0,0.0,0.0,0.0,0.24170857949479344,0.0,0.0,0.0,0.0,0.0,0.0,0.0,0.0,0.0
21.0,5.0,0.0,1,1.0,0.0,1.0,0.0,0.0,0.0,0.0,1.0,0.0,0.0,0.0,0.0,0.0,0.0,0.0,0.0,0.0,0.0,0.0,0.0,0.0,0.0,0.0,0.0,0.0,0.0,0.0,0.0,0.0,0.0,0.0,0.0,0.0,0.0,0.0,0.0,0.0,0.0,0.0,0.0,0.0,0.0,0.0,0.0,0.0,0.0,0.0,0.0,0.0,0.0,0.0,0.0,0.0,0.0,0.0,0.0,0.0,0.0,0.0,0.0,0.0,0.0,0.0,0.0,0.0,0.0,0.0,0.0,0.0,0.0,0.0,0.0,0.0,0.0,0.0,0.0,0.0,0.0,0.0,0.0,0.431705193030437,0.0,0.0,0.0,0.0,0.0,0.0,0.0,0.0,0.14903333490248136,0.0,0.0,0.0,0.0,0.0,0.0,0.0,0.3763951166848014,0.0,0.0,0.0,0.0,0.0,0.0,0.0,0.0,0.0,0.0,0.0,0.14297449792308922,0.12217129649253161,0.11264804248947174,0.0,0.0,0.0,0.0,0.23556520885587226,0.0,0.0,0.2685579841177659,0.0,0.1770373568419687,0.0,0.22038739942063432,0.0,0.24224380186759556,0.2894583789725537,0.0,0.0,0.0,0.17751545578131625,0.0,0.0,0.0,0.0,0.0,0.0,0.0,0.0,0.0,0.0,0.0,0.0,0.0,0.0,0.0,0.0,0.0,0.0,0.0,0.0,0.0,0.0,0.20935521290236037,0.0,0.0,0.2740468083323204,0.23578913942203014,0.0,0.0,0.0,0.0,0.0,0.0,0.2136688488735974,0.0,0.0,0.0,0.0,0.0,0.0,0.0,0.0,0.0
21.0,5.0,0.0,1,1.0,0.0,1.0,0.0,0.0,0.0,0.0,1.0,0.0,0.0,0.0,0.0,0.0,0.0,0.0,0.0,0.0,0.0,0.0,0.0,0.0,0.0,0.0,0.0,0.0,0.0,0.0,0.0,0.0,0.0,0.0,0.0,0.0,0.0,0.0,0.0,0.0,0.0,0.0,0.0,0.0,0.0,0.0,0.0,0.0,0.0,0.0,0.0,0.0,0.0,0.0,0.0,0.0,0.0,0.0,0.0,0.0,0.0,0.0,0.0,0.0,0.0,0.0,0.0,0.0,0.0,0.0,0.0,0.0,0.0,0.0,0.0,0.0,0.0,0.0,0.0,0.0,0.0,0.23890782903040805,0.0,0.0,0.0,0.0,0.0,0.0,0.23780677512664988,0.0,0.0,0.0,0.0,0.0,0.0,0.0,0.0,0.0,0.0,0.0,0.1731317591395823,0.0,0.0,0.26944162104983793,0.0,0.0,0.0,0.24584384193034858,0.0,0.0,0.0,0.23890782903040805,0.0,0.0,0.10363021673400033,0.0,0.0,0.0,0.0,0.21670748207635873,0.0,0.0,0.0,0.0,0.0,0.0,0.20274470343803427,0.0,0.22285143296967097,0.0,0.1607005325737134,0.0,0.0,0.0,0.0,0.0,0.0,0.0,0.0,0.0,0.0,0.0,0.0,0.0,0.24230254591874328,0.0,0.39050305837428223,0.0,0.22563228518417514,0.0,0.0,0.0,0.0,0.0,0.0,0.0,0.2888935165849697,0.0,0.0,0.0,0.0,0.0,0.0,0.0,0.0,0.0,0.0,0.0,0.277905543721628,0.0,0.0,0.0,0.0,0.0,0.15028309284489225,0.0,0.2158661692221318
21.0,2.0,2.0,0,0.0,0.0,1.0,0.0,0.0,0.0,0.0,1.0,0.0,0.0,0.0,0.0,0.0,0.0,0.0,0.0,0.0,0.0,0.0,0.0,0.0,0.0,0.0,0.0,0.0,0.0,0.0,0.0,0.0,0.0,0.0,0.0,0.0,0.0,0.0,0.0,0.0,0.0,0.0,0.0,0.0,0.0,0.0,0.0,0.0,0.0,0.0,0.0,0.0,0.0,0.0,0.0,0.0,0.0,0.0,0.0,1.0,0.0,0.0,0.0,0.0,0.0,0.0,0.0,0.0,0.0,0.0,0.0,0.0,0.0,0.0,0.0,0.0,0.0,0.0,0.16480737966247044,0.0,0.0,0.15208601010108702,0.05971408318613368,0.0,0.0,0.1513850916933127,0.17578850905634336,0.12226283443923368,0.1513850916933127,0.0,0.0,0.16132491365487905,0.08727805543815814,0.0,0.0,0.1436349496913479,0.0,0.0,0.0,0.0,0.3306411335641507,0.0,0.0,0.0,0.0,0.0,0.0,0.0,0.0,0.0,0.0,0.15208601010108702,0.0,0.14309380106409061,0.13193963758281857,0.0,0.0,0.0,0.0,0.0,0.0,0.0,0.0,0.0,0.0,0.16951485695154572,0.0,0.0,0.1418646907605245,0.0,0.0,0.0,0.11954457420912797,0.20791595116554923,0.0971258407495819,0.0,0.0,0.0,0.0,0.0,0.16303712073164703,0.0,0.0,0.0,0.0,0.0,0.0,0.0,0.0,0.0,0.0,0.0,0.0,0.0,0.0,0.11247736878832156,0.490416882636782,0.0,0.0,0.0,0.1380846613655755,0.15834085005352264,0.0,0.1384946416689994,0.0,0.1286128715614885,0.0,0.0,0.0,0.11021371118805025,0.12555322274132788,0.0,0.15498773643598798,0.0,0.2870055293188628,0.1418646907605245,0.0
21.0,5.0,0.0,1,1.0,0.0,0.0,0.0,0.0,1.0,0.0,0.0,0.0,0.0,0.0,0.0,1.0,0.0,0.0,0.0,0.0,0.0,0.0,0.0,0.0,0.0,0.0,0.0,0.0,0.0,0.0,0.0,0.0,0.0,0.0,0.0,0.0,0.0,0.0,0.0,0.0,0.0,0.0,0.0,0.0,0.0,0.7832263602269648,0.0,0.0,0.0,0.6217366553820203,0.0,0.0,0.0,0.0,0.0,0.0,0.0,0.0,0.0,0.0,0.0,0.0,0.0,0.0,0.0,0.0,0.0,0.0,0.0,0.0,0.0,0.0,0.0,0.0,0.0,0.0,0.0,0.0,0.0,0.0,0.0,0.0,0.319132877176518,0.0,0.0,0.0,0.0,0.16335380217061335,0.0,0.0,0.0,0.0,0.11661108845768446,0.0,0.0,0.19190881075416288,0.21667859718280394,0.23790260776210687,0.0,0.0,0.0,0.0,0.0,0.0,0.0,0.0,0.0,0.209099505851198,0.17428623231903004,0.0,0.0,0.0,0.11187035326970189,0.0,0.26442428177401156,0.0,0.0,0.0,0.0,0.0,0.19519258457870114,0.0,0.0,0.0,0.13852282707437244,0.0,0.0,0.0,0.0,0.0,0.27336378806435924,0.0,0.0,0.0,0.2595371757612451,0.0,0.0,0.0,0.0,0.0,0.0,0.0,0.0,0.22518252240098627,0.0,0.0,0.0,0.0,0.0,0.13595891021178458,0.0,0.0,0.0,0.0,0.0,0.0,0.0819049619563604,0.0,0.0,0.0,0.18449314183632254,0.0,0.0,0.37008182250399196,0.0,0.0,0.0,0.16718512709223307,0.0,0.2945102468215724,0.0,0.0,0.0,0.0,0.0,0.0,0.0
21.0,1.0,6.0,0,1.0,0.0,0.0,1.0,0.0,0.0,0.0,0.0,0.0,0.0,0.0,0.0,0.0,0.0,0.0,1.0,0.0,0.0,0.0,0.0,0.0,0.0,0.0,0.0,0.0,0.0,0.0,0.6582250423077987,0.0,0.0,0.0,0.0,0.0,0.0,0.0,0.0,0.0,0.0,0.0,0.0,0.0,0.0,0.0,0.0,0.0,0.0,0.0,0.0,0.0,0.0,0.0,0.0,0.0,0.0,0.0,0.7528212229200879,0.0,0.0,0.0,0.0,0.0,0.0,0.0,0.0,0.0,0.0,0.0,0.0,0.0,0.0,0.0,0.0,0.0,0.0,0.0,0.0,0.2574910337823248,0.0,0.0,0.18246055151602963,0.19312617445587393,0.09964614850068158,0.0,0.0,0.0,0.0,0.1207410318629359,0.0,0.0,0.0,0.0,0.0,0.0,0.0,0.0,0.0,0.1195502371829778,0.08419142292328519,0.11356932571328802,0.0,0.0,0.0,0.07164286848649827,0.0,0.0,0.09964614850068158,0.0,0.0,0.11617735632990762,0.2558423505152392,0.10930827565121948,0.050393847137253645,0.0,0.0,0.0,0.0,0.0,0.11159911491779588,0.0,0.0,0.0,0.0,0.0,0.0,0.0,0.0,0.0,0.31258520260289924,0.0,0.27395759648049994,0.0,0.07419369738285606,0.0,0.0,0.09824640279589332,0.0,0.13601807937627827,0.0,0.13973133155785405,0.0,0.0,0.0,0.0,0.0,0.0,0.0,0.07773294296795157,0.0,0.0,0.0,0.0,0.0,0.0,0.3746257587165717,0.43475692949380446,0.13428351655597826,0.24519330584625,0.0,0.0,0.0,0.0,0.0,0.0,0.0,0.0,0.0,0.08419142292328519,0.0,0.0,0.11839396319701918,0.0,0.0,0.10836936755828411,0.10497253674386592
21.0,5.0,8.0,1,0.0,0.0,0.0,0.0,0.0,1.0,0.0,0.0,0.0,0.0,0.0,0.0,0.0,0.0,0.0,0.0,0.0,0.0,0.0,0.0,0.0,0.0,0.0,0.0,0.0,0.0,0.7071067811865476,0.0,0.0,0.0,0.0,0.0,0.0,0.0,0.0,0.0,0.0,0.0,0.0,0.0,0.0,0.0,0.0,0.0,0.0,0.0,0.0,0.0,0.0,0.0,0.0,0.0,0.0,0.0,0.0,0.0,0.0,0.0,0.0,0.0,0.0,0.0,0.0,0.0,0.0,0.0,0.0,0.0,0.0,0.7071067811865476,0.0,0.0,0.0,0.0,0.0,0.0,0.0,0.14755083655181048,0.0,0.27975546878702917,0.0,0.0,0.0,0.0,0.1431977798987679,0.0,0.0,0.0,0.0,0.10222259143548257,0.16683938868369172,0.0,0.16822942152461645,0.0,0.0,0.0,0.0,0.0,0.0,0.0,0.20089327201942583,0.17335951345649492,0.21969115068609243,0.0,0.1832989781563072,0.0,0.0,0.0,0.0,0.0,0.16759561254763725,0.3090630651442646,0.0,0.0,0.0,0.0,0.0,0.0,0.0,0.18420505120663522,0.0,0.12143066790470772,0.0,0.15116464449544378,0.0,0.0,0.0,0.11981688529860121,0.0,0.2800281492606614,0.0,0.0,0.0,0.0,0.0,0.0,0.0,0.0,0.0,0.15971231889194606,0.0,0.0,0.0,0.2911556010713423,0.0,0.0,0.0,0.0,0.0,0.0,0.0,0.0,0.0,0.2153964320204929,0.0,0.0,0.0,0.16172876276192702,0.1854533988103921,0.0,0.3244178871827636,0.0,0.0,0.0,0.0,0.0,0.0,0.0,0.0,0.0,0.0,0.2240994701054388,0.0,0.0
21.0,5.0,0.0,1,0.0,0.0,0.0,0.0,0.0,1.0,0.0,0.0,0.0,0.0,0.0,0.0,1.0,0.0,0.0,0.0,0.0,0.0,0.0,0.0,0.0,0.0,0.0,0.0,0.0,0.0,0.3936659402486585,0.39028275449283395,0.0,0.0,0.0,0.0,0.0,0.0,0.0,0.0,0.0,0.0,0.0,0.0,0.0,0.0,0.0,0.0,0.0,0.0,0.0,0.0,0.0,0.0,0.3870069897995113,0.0,0.0,0.0,0.0,0.0,0.0,0.0,0.5438194516771071,0.0,0.0,0.0,0.0,0.0,0.0,0.0,0.0,0.4971845661900188,0.0,0.0,0.0,0.0,0.0,0.0,0.0,0.0,0.0,0.0,0.0,0.10431404507664441,0.0,0.0,0.0,0.0,0.1067899743443947,0.0,0.0,0.0,0.0,0.15246532347819802,0.0,0.13222669122796785,0.0,0.0,0.15552508139875026,0.0,0.0,0.0,0.0,0.0,0.0,0.0,0.08191751423116939,0.1565500522293695,0.0,0.0,0.0,0.21498333890725743,0.0,0.07313348080562146,0.06249234861339247,0.4033474851115341,0.0,0.0,0.0,0.0,0.12049494092016678,0.0,0.0,0.0,0.14806206078795345,0.0,0.0,0.11273127641266516,0.0,0.0,0.0,0.0,0.0,0.0,0.0908016699947963,0.16966833935100167,0.0,0.1525815257575453,0.0,0.0,0.15552508139875026,0.0,0.0,0.23821143664394837,0.0,0.0,0.2863413381993422,0.0,0.0,0.0,0.355523981455762,0.13875341802825822,0.0,0.0,0.0,0.13222669122796785,0.09824289926142471,0.21417631349316296,0.0,0.0,0.0,0.12060948457655164,0.13830217001299316,0.12096758020131901,0.0,0.0,0.0,0.0,0.0,0.0,0.28879715027436553,0.0,0.0,0.1353734065925088,0.0,0.0835612698746811,0.12391113584252396,0.0
21.0,5.0,0.0,1,1.0,0.0,1.0,0.0,0.0,0.0,0.0,1.0,0.0,0.0,0.0,0.0,0.0,0.0,0.0,0.0,0.0,0.0,0.0,0.0,0.0,0.0,0.0,0.0,0.0,0.0,0.7389383451529093,0.0,0.0,0.0,0.0,0.0,0.0,0.6737730493739563,0.0,0.0,0.0,0.0,0.0,0.0,0.0,0.0,0.0,0.0,0.0,0.0,0.0,0.0,0.0,0.0,0.0,0.0,0.0,0.0,0.0,0.0,0.0,0.0,0.0,0.0,0.0,0.0,0.0,0.0,0.0,0.0,0.0,0.0,0.0,0.0,0.0,0.0,0.0,0.0,0.0,0.0,0.0,0.0,0.2137860114860026,0.08393957909357795,0.0,0.0,0.0,0.0,0.1718638269908195,0.0,0.0,0.0,0.0,0.1226860205614973,0.20023813115160452,0.0,0.0,0.0,0.5005926042466723,0.0,0.2199926834879696,0.15492647686859842,0.0,0.0,0.0,0.0,0.1318350114772049,0.25194585219192295,0.0,0.0,0.0,0.0,0.0,0.0,0.0,0.3709328538106986,0.0,0.0,0.0,0.0,0.0,0.0,0.0,0.0,0.0,0.14573926575473334,0.0,0.0,0.0,0.0,0.0,0.0,0.0,0.0,0.0,0.13652896865580516,0.0,0.0,0.36158004038131636,0.0,0.0,0.0,0.0,0.0,0.0,0.0,0.0,0.0,0.0,0.0,0.14304177994028977,0.0,0.0,0.0,0.0,0.0,0.0,0.08617185534901421,0.0,0.0,0.0,0.09705221729835727,0.0,0.0,0.0,0.0,0.18079002019065818,0.0,0.0,0.0,0.0,0.176489097854835,0.22218394737250902,0.0,0.0,0.0,0.0,0.0
21.0,4.0,0.0,1,0.0,0.0,0.0,0.0,0.0,1.0,0.0,0.0,0.0,0.0,0.0,0.0,1.0,0.0,0.0,0.0,0.0,0.0,0.0,0.0,0.0,0.0,0.0,0.0,0.0,0.0,0.0,0.0,0.0,0.0,0.0,0.0,0.0,0.0,0.0,0.0,0.0,0.0,0.0,0.0,0.0,0.0,0.0,0.0,0.0,0.0,0.0,0.0,0.0,0.0,0.0,0.0,0.0,0.0,0.0,0.0,0.0,0.0,0.0,0.0,0.0,0.0,0.0,0.0,0.0,0.0,0.0,0.0,0.0,0.0,0.0,0.0,0.0,0.0,0.0,0.0,0.0,0.0,0.0,0.0,0.0,0.0,0.0,0.0,0.0,0.0,0.0,0.0,0.0,0.0,0.0,0.0,0.0,0.0,0.0,0.0,0.0,0.0,0.0,0.0,0.0,0.0,0.0,0.0,0.0,0.0,0.0,0.0,0.0,0.0,0.0,0.0,0.0,0.0,0.0,0.0,0.0,0.0,0.0,0.0,0.0,0.0,0.0,0.0,0.0,0.0,0.0,0.0,0.0,0.0,0.0,0.0,0.0,0.0,0.0,0.0,0.0,0.0,0.0,0.0,0.0,0.0,0.0,0.0,0.0,0.0,0.0,0.0,0.0,0.0,0.0,0.0,0.0,0.0,0.0,0.0,0.0,0.0,0.0,0.0,0.0,0.0,0.0,0.0,0.0,0.0,0.0,0.0,0.0,0.0,0.0,0.0,0.0,0.0
21.0,5.0,0.0,1,1.0,0.0,0.0,0.0,0.0,1.0,0.0,0.0,0.0,0.0,0.0,0.0,0.0,0.0,0.0,0.0,0.0,0.0,0.0,0.0,0.0,1.0,0.0,0.0,0.0,0.0,0.0,0.0,0.0,0.0,0.0,0.0,0.0,0.0,0.0,0.0,0.0,0.0,0.0,0.0,0.0,0.0,0.6779486317852343,0.0,0.0,0.0,0.0,0.0,0.0,0.0,0.0,0.0,0.0,0.0,0.0,0.0,0.0,0.0,0.0,0.0,0.0,0.0,0.0,0.0,0.0,0.0,0.0,0.7351092794003682,0.0,0.0,0.0,0.0,0.0,0.0,0.0,0.0,0.0,0.2534308581382109,0.0,0.24025166573237006,0.0,0.0,0.0,0.0,0.24595412056839405,0.0,0.0,0.0,0.0,0.0,0.2865605538638588,0.3045388835075645,0.0,0.0,0.0,0.0,0.0,0.0,0.0,0.0,0.0,0.0,0.0,0.3605594125983772,0.0,0.0,0.0,0.0,0.0,0.16843791812930892,0.28785943137118497,0.0,0.0,0.0,0.0,0.0,0.0,0.0,0.0,0.0,0.0,0.2085672917251148,0.0,0.0,0.0,0.0,0.0,0.0,0.0,0.0,0.0,0.0,0.34101023222651106,0.0,0.0,0.0,0.0,0.0,0.0,0.0,0.0,0.0,0.0,0.0,0.0,0.0,0.0,0.0,0.0,0.0,0.3492533110719482,0.0,0.0,0.0,0.0,0.0,0.0,0.13889131397094534,0.0,0.0,0.0,0.0,0.0,0.0,0.2517227659209188,0.0,0.0,0.0,0.0,0.0,0.0,0.19245475777833818,0.0,0.0
21.0,4.0,0.0,1,1.0,0.0,1.0,0.0,0.0,0.0,0.0,1.0,0.0,0.0,0.0,0.0,0.0,0.0,0.0,0.0,0.0,0.0,0.0,0.0,0.0,0.0,0.0,0.0,0.0,0.0,0.7389383451529093,0.0,0.0,0.0,0.0,0.0,0.0,0.6737730493739563,0.0,0.0,0.0,0.0,0.0,0.0,0.0,0.0,0.0,0.0,0.0,0.0,0.0,0.0,0.0,0.0,0.0,0.0,0.0,0.0,0.0,0.0,0.0,0.0,0.0,0.0,0.0,0.0,0.0,0.0,0.0,0.0,0.0,0.0,0.0,0.0,0.0,0.0,0.0,0.0,0.0,0.0,0.0,0.10365023270573705,0.0,0.19652019682244448,0.0,0.21464892606369332,0.0,0.0,0.0,0.0,0.0,0.1402875185370107,0.0,0.0,0.0,0.0,0.11817634583762765,0.0,0.0,0.0,0.0,0.2720365832423583,0.0,0.0,0.0,0.0,0.07716336763705466,0.0,0.0,0.0,0.0,0.20250661377649826,0.0,0.34444561208587166,0.0,0.2713849288453791,0.0,0.0,0.0,0.0,0.0,0.3605954248186481,0.0,0.0,0.0,0.0,0.0,0.0,0.15264700558448005,0.11671985678617684,0.0,0.08416792702436383,0.0,0.0,0.0,0.07991075271622652,0.0,0.0,0.0,0.1313668512960876,0.0,0.0,0.0,0.0,0.0,0.0,0.0,0.20452846293437757,0.0,0.2363526916752553,0.25116815319350244,0.0,0.14463084148505628,0.0,0.0,0.0,0.0,0.20174642470942664,0.0,0.0,0.0,0.11360981941704205,0.19541354415856552,0.0,0.0,0.0,0.10581685879015831,0.0,0.0,0.0,0.0,0.20659903600887491,0.0,0.0,0.0,0.07871172664448063,0.11671985678617684,0.11306128042720227
21.0,5.0,2.0,1,0.0,1.0,0.0,1.0,0.0,0.0,0.0,0.0,0.0,0.0,0.0,0.0,0.0,0.0,0.0,1.0,0.0,0.0,0.0,0.0,0.0,0.0,0.0,0.0,0.0,0.0,0.0,0.0,0.0,0.0,0.0,0.0,0.0,0.0,0.0,0.0,0.0,0.0,0.0,0.0,0.0,0.0,0.0,0.0,0.0,1.0,0.0,0.0,0.0,0.0,0.0,0.0,0.0,0.0,0.0,0.0,0.0,0.0,0.0,0.0,0.0,0.0,0.0,0.0,0.0,0.0,0.0,0.0,0.0,0.0,0.0,0.0,0.0,0.0,0.0,0.0,0.0,0.1818415102345956,0.0,0.25857777967980855,0.18246185992507735,0.0,0.0,0.0,0.0,0.0,0.0,0.0,0.0,0.0,0.0,0.0,0.2073257786321462,0.0,0.0,0.0,0.0,0.0,0.0,0.0,0.0,0.0,0.13537358228364782,0.0,0.0,0.0,0.0,0.0,0.0,0.0,0.10327233652671743,0.0,0.0,0.0,0.0,0.0,0.1991250827434516,0.0,0.0,0.0,0.0,0.0,0.0,0.0,0.0,0.0,0.0,0.14766221516238245,0.0,0.0,0.15005518001736512,0.1401935295133944,0.0,0.0,0.0,0.0,0.0,0.0,0.0,0.0,0.24327252932092105,0.0,0.0,0.0,0.0,0.0,0.44064345160908414,0.2292983060933593,0.0,0.0,0.0,0.0,0.0,0.0,0.0,0.5074738368761489,0.231653874737249,0.0,0.11427629590557775,0.0,0.0,0.0,0.0,0.0,0.0,0.0,0.0,0.0,0.0,0.0,0.0,0.13808998660755337,0.2047705487803438,0.0
21.0,4.0,1.0,1,0.0,0.0,0.0,0.0,0.0,1.0,0.0,0.0,0.0,0.0,0.0,0.0,0.0,0.0,0.0,0.0,0.0,0.0,0.0,0.0,0.0,0.0,0.0,0.0,0.0,0.0,0.0,0.0,0.0,0.0,0.0,0.0,1.0,0.0,0.0,0.0,0.0,0.0,0.0,0.0,0.0,0.0,0.0,0.0,0.0,0.0,0.0,0.0,0.0,0.0,0.0,0.0,0.0,0.0,0.0,0.0,0.0,0.0,0.0,0.0,0.0,0.0,0.0,0.0,0.0,0.0,0.0,0.0,0.0,0.0,0.0,0.0,0.0,0.0,0.0,0.0,0.0,0.0,0.0,0.20360401256570576,0.0,0.0,0.0,0.0,0.0,0.0,0.0,0.0,0.0,0.14879372961944393,0.0,0.0,0.0,0.27647813797088305,0.0,0.0,0.0,0.0,0.0,0.0,0.0,0.0,0.0,0.0,0.2668073486722713,0.0,0.0,0.0,0.0,0.0,0.1219748781000002,0.22493386982591126,0.31404487580510154,0.0,0.0,0.0,0.2351864837298552,0.2490623579425974,0.0,0.0,0.0,0.0,0.0,0.0,0.0,0.24185433937084252,0.0,0.0,0.0,0.0,0.35446011790692006,0.0,0.0,0.0,0.0,0.0,0.0,0.27794960758797205,0.0,0.0,0.0,0.0,0.2794458089415666,0.0,0.0,0.0,0.0,0.0,0.0,0.0,0.0,0.25808494802900317,0.0,0.10450931317949148,0.0,0.0,0.0,0.0,0.13497164615033477,0.0,0.0,0.0,0.0,0.0,0.21332532717058955,0.0,0.0,0.0,0.0,0.0,0.0,0.16309797812049523,0.0,0.0
21.0,5.0,0.0,1,0.0,1.0,0.0,1.0,0.0,0.0,0.0,0.0,0.0,0.0,0.0,0.0,0.0,0.0,0.0,0.0,0.0,0.0,0.0,0.0,1.0,0.0,0.0,0.0,0.0,0.0,0.0,0.0,0.0,0.0,0.0,0.0,0.0,0.0,0.0,0.0,0.0,0.0,0.0,0.0,0.0,0.0,0.0,0.0,0.0,0.0,0.0,0.0,0.0,0.0,0.0,0.0,0.0,0.0,0.0,0.0,0.0,0.0,0.0,0.0,0.0,0.0,0.0,0.0,0.0,0.0,0.0,0.0,0.0,0.0,0.0,0.0,0.0,0.0,0.0,0.0,0.0,0.0,0.0,0.38314615790523604,0.0,0.0,0.0,0.0,0.0,0.0,0.0,0.0,0.0,0.0,0.0,0.0,0.0,0.0,0.0,0.0,0.0,0.0,0.0,0.4027963952491085,0.0,0.0,0.0,0.0,0.0,0.0,0.0,0.0,0.0,0.0,0.0,0.0,0.0,0.0,0.0,0.0,0.0,0.0,0.0,0.0,0.0,0.0,0.0,0.0,0.0,0.0,0.0,0.0,0.0,0.0,0.0,0.0,0.0,0.0,0.0,0.0,0.0,0.0,0.0,0.0,0.0,0.0,0.0,0.0,0.0,0.0,0.0,0.509642196069427,0.0,0.0,0.0,0.0,0.0,0.0,0.0,0.0,0.0,0.22149970595274662,0.0,0.0,0.0,0.0,0.0,0.0,0.0,0.0,0.3535845962714589,0.0,0.5070845404710221,0.0,0.0,0.0,0.0,0.0
21.0,5.0,0.0,1,0.0,0.0,1.0,0.0,0.0,0.0,0.0,1.0,0.0,0.0,0.0,0.0,0.0,0.0,0.0,0.0,0.0,0.0,0.0,0.0,0.0,0.0,0.0,0.0,0.0,0.0,0.0,0.0,0.0,0.0,0.0,0.0,0.0,0.0,0.0,0.0,0.0,0.0,0.0,0.0,0.0,0.0,0.0,0.0,0.0,0.0,0.0,0.0,0.0,0.0,0.0,0.0,0.0,0.0,0.0,0.0,0.0,0.0,0.0,0.0,0.0,0.0,0.0,0.0,0.0,0.0,0.0,0.0,0.0,0.0,0.0,0.0,0.0,1.0,0.0,0.0,0.0,0.1733318782870493,0.0,0.246477122728323,0.0,0.0,0.0,0.0,0.3364364545323801,0.20828677722039496,0.0,0.0,0.0,0.0,0.0,0.0,0.0,0.0,0.0,0.0,0.21532616767491788,0.15164015460230706,0.0,0.17274538623264435,0.0,0.0,0.0,0.0,0.0,0.0,0.0,0.0,0.0,0.3456050412163055,0.1968790079028128,0.36306457382772966,0.0,0.0,0.0,0.0,0.18980663194811112,0.0,0.0,0.0,0.0,0.0,0.0,0.0,0.0,0.0,0.0,0.0,0.0,0.16447824430854124,0.0,0.1336328969270979,0.0,0.0,0.17695507679760766,0.0,0.0,0.0,0.0,0.0,0.0,0.0,0.0,0.0,0.0,0.0,0.0,0.0,0.0,0.0,0.0,0.20828677722039496,0.0,0.08434396580627782,0.0,0.0,0.0,0.18998706396843834,0.21785702271660942,0.0,0.0,0.0,0.17695507679760766,0.0,0.0,0.0,0.15164015460230706,0.0,0.0,0.21324356163376385,0.0,0.13162779345838804,0.0,0.0
21.0,4.0,0.0,1,0.0,0.0,0.0,0.0,0.0,1.0,0.0,0.0,1.0,0.0,0.0,0.0,0.0,0.0,0.0,0.0,0.0,0.0,0.0,0.0,0.0,0.0,0.0,0.0,0.0,0.0,0.0,0.0,0.0,0.0,0.0,0.0,0.0,0.0,0.0,0.0,0.0,0.0,0.0,0.0,0.0,0.0,0.0,0.0,0.0,0.0,0.0,0.0,0.0,0.0,0.0,0.0,0.0,0.0,0.0,0.0,0.0,0.0,0.0,0.0,0.0,0.0,0.0,0.0,0.0,0.0,0.0,0.0,1.0,0.0,0.0,0.0,0.0,0.0,0.0,0.0,0.0,0.18692230353200534,0.22565789873032566,0.17720176270564789,0.0,0.0,0.0,0.0,0.0,0.0,0.23452218574634073,0.0,0.0,0.0,0.0,0.0,0.0,0.24062597185900392,0.0,0.0,0.23220923739059116,0.0,0.0,0.0,0.0,0.0,0.1391560255147107,0.0,0.0,0.0,0.0,0.0,0.0,0.1242342936853223,0.10615784597148535,0.09788284062547954,0.0,0.0,0.0,0.0,0.0,0.0,0.26249278349831445,0.0,0.0,0.15383240579735913,0.0,0.0,0.0,0.0,0.0,0.15178801235857717,0.0,0.0,0.0,0.0,0.0,0.0,0.0,0.2369063128080363,0.0,0.0,0.0,0.20232887354208948,0.0,0.0,0.0,0.0,0.0,0.21311862221937494,0.0,0.0,0.0,0.26593681786880136,0.2575978075493307,0.0,0.0,0.18191423912714963,0.0,0.0,0.0,0.10244168582611018,0.11746926453821181,0.2054916806855757,0.0,0.0,0.0,0.0,0.0,0.0,0.32705959557273756,0.0,0.0,0.0,0.2419066293796008,0.0,0.0,0.0
21.0,5.0,0.0,1,0.0,1.0,0.0,1.0,0.0,0.0,0.0,0.0,0.0,0.0,0.0,0.0,0.0,0.0,0.0,1.0,0.0,0.0,0.0,0.0,0.0,0.0,0.0,0.0,0.0,0.0,0.0,0.0,0.0,0.0,0.0,0.0,0.0,0.0,0.0,0.0,0.0,0.0,0.0,0.0,0.0,0.0,0.0,0.0,0.0,0.0,0.0,0.0,0.0,0.0,0.0,0.0,0.0,0.0,0.0,0.0,0.0,0.0,0.0,0.0,0.0,0.0,0.0,0.0,0.0,0.0,0.0,0.0,0.0,0.0,0.0,0.0,0.0,0.0,0.0,0.0,0.0,0.0,0.0,0.31455786461007207,0.19025437563633724,0.0,0.0,0.2645734238001664,0.09200685779959884,0.0,0.0,0.0,0.12140237430495851,0.26271858239030865,0.0,0.0,0.0,0.0,0.13399548165803013,0.0,0.0,0.0,0.0,0.0,0.0,0.0,0.07057753435596198,0.0,0.11777251735300287,0.0,0.0,0.18522283213902868,0.11444979145836635,0.0630094895160511,0.0,0.0,0.0,0.0,0.0,0.0,0.0,0.0,0.0,0.0,0.0,0.2340634233781487,0.12756557959738693,0.09712569538613969,0.0,0.42703163195762245,0.0,0.0,0.13670659189902934,0.0,0.07823184142955866,0.0,0.12756557959738693,0.0,0.0,0.0,0.0,0.0,0.0,0.10261771253383727,0.0,0.0,0.0,0.0,0.0,0.0,0.0,0.0,0.0,0.0,0.0,0.0,0.16928593751723595,0.32292316807849886,0.0,0.1322867119000832,0.36232089807676204,0.0,0.0,0.0,0.0,0.0,0.0,0.0,0.0,0.0,0.08293949096922763,0.0,0.0,0.0,0.0,0.0,0.10675790798940561,0.0
21.0,4.0,0.0,1,1.0,0.0,1.0,0.0,0.0,0.0,0.0,1.0,0.0,0.0,0.0,0.0,0.0,0.0,0.0,0.0,0.0,0.0,0.0,0.0,0.0,0.0,0.0,0.0,0.0,0.0,0.0,0.0,0.0,0.0,0.0,0.0,0.0,0.5853530348276209,0.0,0.0,0.0,0.0,0.0,0.0,0.0,0.0,0.0,0.0,0.0,0.0,0.0,0.810778529943963,0.0,0.0,0.0,0.0,0.0,0.0,0.0,0.0,0.0,0.0,0.0,0.0,0.0,0.0,0.0,0.0,0.0,0.0,0.0,0.0,0.0,0.0,0.0,0.0,0.0,0.0,0.0,0.0,0.0,0.15299635159960714,0.0,0.14504006573159633,0.0,0.0,0.0,0.0,0.14848264092343588,0.0,0.19195696880662436,0.0,0.0,0.0,0.0,0.0,0.0,0.0,0.0,0.21485096982870902,0.0,0.5353981192480229,0.0,0.0,0.0,0.0,0.0,0.0,0.0,0.0,0.0,0.0,0.0,0.1016860659121608,0.1737809006246208,0.0,0.0,0.0,0.0,0.0,0.0,0.0,0.0,0.0,0.0,0.0,0.0,0.0,0.0,0.0,0.0,0.0,0.22062003074839018,0.0,0.1262522239925357,0.0,0.0,0.0,0.15619447163796812,0.19390838249721618,0.0,0.0,0.0,0.0,0.0,0.0,0.0,0.1509504986644532,0.0,0.0,0.0,0.0,0.0,0.0,0.0,0.18385029526067034,0.0,0.44669171679194863,0.0,0.0,0.0,0.08384876436334113,0.28844662022407996,0.0,0.0,0.0,0.0,0.0,0.0,0.0,0.0,0.0,0.19195696880662436,0.0,0.0,0.11618504551649277,0.0,0.0
21.0,5.0,0.0,1,1.0,0.0,0.0,0.0,0.0,1.0,0.0,0.0,0.0,0.0,0.0,0.0,0.0,0.0,0.0,0.0,0.0,0.0,0.0,0.0,0.0,1.0,0.0,0.0,0.0,0.0,0.0,0.0,0.0,0.0,0.0,0.0,0.0,0.0,0.0,0.0,0.0,0.0,0.0,0.0,0.0,0.5211313002075806,0.0,0.0,0.0,0.0,0.0,0.0,0.0,0.0,0.0,0.0,0.5472237209871713,0.0,0.0,0.0,0.0,0.0,0.0,0.0,0.0,0.0,0.0,0.0,0.49126305214676325,0.0,0.43316161040465895,0.0,0.0,0.0,0.0,0.0,0.0,0.0,0.0,0.0,0.2488315318731415,0.0,0.0,0.0,0.0,0.0,0.0,0.0,0.0,0.0,0.0,0.0,0.0,0.1288577615391031,0.21031114414568156,0.0,0.0,0.23943451155196901,0.0,0.0,0.0,0.0,0.0,0.0,0.0,0.0,0.0,0.0,0.0,0.0,0.0,0.0,0.0,0.24723829432658936,0.21126441008192984,0.5843890404701704,0.0,0.20692183425684788,0.0,0.0,0.20367527526322313,0.0,0.0,0.0,0.0,0.0,0.0,0.0,0.0,0.0,0.0,0.30207286701217523,0.0,0.0,0.0,0.0,0.0,0.0,0.0,0.0,0.0,0.24070882789255565,0.0,0.0,0.0,0.0,0.0,0.0,0.0,0.0,0.15023752083013828,0.0,0.0,0.0,0.0,0.0,0.1660621549496012,0.0,0.0,0.0,0.0,0.0,0.2337752301614098,0.0,0.0,0.0,0.0,0.0,0.0,0.0,0.0,0.18536741171933413,0.0,0.0,0.0,0.0,0.0,0.0
21.0,5.0,3.0,1,0.0,0.0,0.0,0.0,0.0,0.0,1.0,0.0,0.0,0.0,0.0,0.0,0.0,0.0,0.0,0.0,0.0,0.0,0.0,0.0,0.0,0.0,0.0,1.0,0.0,0.0,0.0,0.0,0.0,0.0,0.0,0.0,0.0,0.0,0.0,0.0,0.0,0.0,0.0,0.0,0.0,0.0,0.0,0.0,0.0,0.0,0.0,0.0,0.0,0.0,0.0,0.0,0.0,0.0,0.0,0.0,0.0,0.0,0.0,0.0,0.0,1.0,0.0,0.0,0.0,0.0,0.0,0.0,0.0,0.0,0.0,0.0,0.0,0.0,0.0,0.0,0.0,0.0,0.0,0.1377865186826465,0.29168149524566733,0.3009942869943967,0.0,0.0,0.0,0.0,0.0,0.0,0.0,0.0,0.0,0.0,0.0,0.0,0.0,0.0,0.0,0.25431125733539606,0.0,0.0,0.0,0.0,0.216406699534196,0.0,0.0,0.0,0.0,0.0,0.0,0.0,0.16509000592230982,0.0,0.0,0.0,0.0,0.0,0.0,0.0,0.0,0.0,0.0,0.0,0.0,0.0,0.0,0.32734391655906614,0.0,0.23605117106411574,0.0,0.27584164118088544,0.0,0.0,0.0,0.0,0.0,0.0,0.0,0.0,0.0,0.0,0.0,0.0,0.0,0.0,0.0,0.0,0.0,0.0,0.0,0.0,0.0,0.0,0.0,0.5658031686686721,0.0,0.0,0.0,0.1593108673688295,0.18268081271648867,0.0,0.0,0.0,0.0,0.0,0.0,0.0,0.0,0.0,0.0,0.0,0.0,0.2207491132047237,0.0,0.0
21.0,3.0,16.0,0,1.0,0.0,1.0,0.0,0.0,0.0,0.0,1.0,0.0,0.0,0.0,0.0,0.0,0.0,0.0,0.0,0.0,0.0,0.0,0.0,0.0,0.0,0.0,0.0,0.0,0.0,0.0,0.48867146463816574,0.0,0.0,0.0,0.0,0.0,0.0,0.0,0.0,0.0,0.0,0.0,0.0,0.0,0.0,0.0,0.0,0.0,0.0,0.0,0.6225227924080068,0.0,0.0,0.0,0.0,0.0,0.0,0.0,0.0,0.0,0.0,0.0,0.0,0.0,0.0,0.0,0.0,0.0,0.0,0.0,0.0,0.6112819092537646,0.0,0.0,0.0,0.0,0.0,0.2269969819884142,0.0,0.0,0.0,0.1951431246640731,0.07661975464835492,0.0,0.0,0.0,0.0,0.0,0.0,0.0,0.0,0.0,0.11198737110327181,0.0,0.0,0.0,0.0,0.0,0.0,0.0,0.14141634702471634,0.0,0.0,0.0,0.0,0.120338538059447,0.22997529399206557,0.0,0.0,0.22141033182147832,0.1579075058248913,0.1951431246640731,0.1074346096307503,0.09180256435534674,0.16929310676138623,0.0,0.0,0.0,0.0,0.0,0.0,0.0,0.0,0.0,0.0,0.0,0.0,0.0,0.0,0.0,0.0,0.0,0.1533888733901282,0.13338954829237812,0.24924633155805437,0.0,0.22414544578009646,0.3300489980879391,0.0,0.0,0.0,0.0,0.0,0.0,0.19791597502912045,0.0,0.15948407239583423,0.0,0.18429948208323885,0.0,0.0,0.0,0.0,0.0,0.19424376904197,0.0,0.15731473723675463,0.0,0.0,0.0,0.26576677502238805,0.10158438708751762,0.0,0.0,0.0,0.16502449904396954,0.21878250529626356,0.0,0.0,0.0,0.0,0.0,0.0,0.0,0.0,0.1820280446315249,0.17632238735009703
21.0,5.0,3.0,1,1.0,0.0,0.0,0.0,0.0,1.0,0.0,0.0,0.0,0.0,0.0,0.0,1.0,0.0,0.0,0.0,0.0,0.0,0.0,0.0,0.0,0.0,0.0,0.0,0.0,0.0,0.0,0.0,0.0,0.0,0.0,0.0,0.0,0.0,0.0,0.0,0.0,0.0,0.0,0.0,0.0,0.0,0.0,0.0,0.0,0.0,0.0,0.0,0.0,0.0,0.0,0.0,0.0,0.0,0.0,0.0,0.0,0.0,0.0,0.0,0.0,0.0,0.0,0.0,0.0,0.0,0.0,0.0,0.0,0.0,0.0,0.0,0.0,0.0,0.0,0.0,0.0,0.0,0.14923773007859062,0.11719150528703402,0.0,0.0,0.2970998770634173,0.0,0.0,0.0,0.0,0.0,0.15830360664321683,0.08564350442625634,0.0,0.0,0.0,0.0,0.1747244907012894,0.0,0.0,0.0,0.0,0.0,0.0,0.0,0.09203014603708616,0.0,0.0,0.0,0.0,0.0,0.0,0.082161732834672,0.0,0.19420299086514414,0.0,0.0,0.0,0.0,0.13536991586829206,0.0,0.0,0.0,0.16634016796963014,0.40694518885265646,0.0,0.1266478350640328,0.0,0.0,0.0,0.10038424777058734,0.0,0.0,0.10201104157592694,0.09530685955800927,0.16634016796963014,0.0,0.0,0.0,0.0,0.0,0.0,0.13380919518737766,0.0,0.0,0.16084493907234104,0.0,0.0,0.0,0.0,0.0,0.0,0.0,0.0,0.0,0.0,0.3007701953827212,0.0,0.0,0.0,0.2709971996394961,0.0,0.13590090197639776,0.4077027059291933,0.0,0.0,0.16731619178245513,0.0,0.0,0.0,0.0,0.0,0.0,0.0,0.1877536432052814,0.13920783649547896,0.0
21.0,1.0,0.0,0,1.0,0.0,0.0,0.0,0.0,1.0,0.0,0.0,0.0,0.0,0.0,0.0,0.0,0.0,0.0,0.0,0.0,0.0,0.0,0.0,0.0,0.0,0.0,0.0,0.0,0.0,0.0,0.0,0.0,0.0,0.0,0.0,0.0,0.0,0.0,0.0,0.0,0.0,0.0,0.0,0.0,0.0,0.0,0.0,0.0,0.0,0.0,0.0,0.0,0.0,0.0,0.0,0.0,0.0,0.0,0.0,0.0,0.0,0.0,0.0,0.0,0.0,0.0,0.0,0.0,0.0,0.0,0.0,0.0,0.0,0.0,0.0,0.0,0.0,0.0,0.0,0.0,0.5147705558028475,0.0,0.12200022168784691,0.0,0.0,0.0,0.35914872892212546,0.0,0.0,0.0,0.0,0.0,0.0,0.0,0.0,0.0,0.0,0.0,0.0,0.0,0.0,0.0,0.0,0.0,0.3024055138595421,0.0,0.0,0.0,0.0,0.0,0.0,0.0,0.17106614674052922,0.14617552946060763,0.1347811452144666,0.0,0.0,0.0,0.0,0.0,0.0,0.0,0.0,0.346331200681895,0.0,0.0,0.0,0.0,0.0,0.0,0.0,0.0,0.24423827306586804,0.0,0.0,0.0,0.0,0.0,0.0,0.0,0.0,0.0,0.0,0.0,0.0,0.3348897716798066,0.0,0.0,0.0,0.0,0.0,0.0,0.0,0.0,0.0,0.0,0.12524467681822266,0.0,0.0,0.0,0.14105851081879633,0.0,0.0,0.0,0.0,0.0,0.0,0.25565053339059846,0.0,0.0,0.0,0.0,0.0,0.0,0.19545773422435544,0.0,0.0
21.0,3.0,10.0,1,1.0,0.0,1.0,0.0,0.0,0.0,0.0,1.0,0.0,0.0,0.0,0.0,0.0,0.0,0.0,0.0,0.0,0.0,0.0,0.0,0.0,0.0,0.0,0.0,0.0,0.0,0.0,0.0,0.0,0.0,0.0,0.0,0.0,0.0,0.0,0.0,0.0,0.0,0.0,0.0,0.0,0.0,0.0,0.0,0.0,0.0,0.0,0.0,0.0,0.0,0.0,0.0,0.0,0.0,0.0,0.0,0.0,0.0,0.0,0.0,0.0,0.0,0.0,0.0,0.0,0.0,0.0,0.0,0.0,0.0,0.0,0.0,0.0,0.0,0.0,0.0,0.0,0.0,0.0,0.13484256378175444,0.0,0.294563225270727,0.0,0.0,0.0,0.0,0.0,0.0,0.0,0.0,0.0,0.3418482340025685,0.0,0.0,0.0,0.0,0.0,0.24887762798223026,0.0,0.0,0.0,0.0,0.0,0.0,0.0,0.294563225270727,0.3896584755145535,0.0,0.0,0.0,0.1615626830995111,0.14896887004566856,0.0,0.0,0.0,0.0,0.0,0.0,0.0,0.0,0.0,0.0,0.0,0.0,0.0,0.0,0.0,0.0,0.0,0.0,0.0,0.21932342719402634,0.0,0.0,0.0,0.0,0.0,0.0,0.0,0.0,0.0,0.0,0.0,0.0,0.0,0.0,0.0,0.0,0.3969544867773135,0.0,0.0,0.0,0.2539892763247693,0.0,0.0,0.0,0.0,0.31181404392378403,0.0,0.0,0.0,0.0,0.0,0.0,0.0,0.0,0.24887762798223026,0.0,0.0,0.0,0.0,0.0,0.0,0.0
21.0,5.0,0.0,1,1.0,0.0,0.0,0.0,0.0,1.0,0.0,0.0,0.0,0.0,0.0,0.0,0.0,0.0,0.0,0.0,0.0,0.0,0.0,0.0,0.0,0.0,0.0,0.0,0.0,0.0,0.0,0.0,0.0,0.0,0.0,0.0,0.0,0.0,0.0,0.0,0.0,0.0,0.0,0.0,0.0,0.0,0.0,0.0,0.0,0.0,0.0,0.0,0.0,0.0,0.0,0.0,0.0,0.0,0.7102274133334187,0.0,0.0,0.0,0.0,0.0,0.0,0.0,0.0,0.0,0.0,0.0,0.0,0.0,0.0,0.7039723157551874,0.0,0.0,0.0,0.0,0.0,0.0,0.0,0.0,0.0,0.2744366467122883,0.09682622585113722,0.2997530658008485,0.0,0.0,0.0,0.0,0.0,0.0,0.0,0.1337054599072051,0.0,0.0,0.0,0.0,0.0,0.0,0.0,0.0,0.0,0.0,0.0,0.0,0.0,0.0,0.11987601679212945,0.09991768860028283,0.0,0.0,0.1164939446916647,0.1924046490570423,0.2192122909372201,0.45478055311253,0.0,0.0,0.0,0.0,0.0,0.11190322737207686,0.13550963637819402,0.0,0.0,0.15882930642866055,0.25968797993981535,0.0,0.0,0.0,0.0,0.07835925272746284,0.13914826713742637,0.18313609525097566,0.0,0.0,0.0,0.0,0.09851412852741498,0.0,0.0,0.0,0.0,0.0,0.0,0.0,0.0,0.0,0.0,0.0,0.07794476862698013,0.0,0.13464944499384623,0.0,0.0,0.11595705934517979,0.0,0.2817349726830967,0.0,0.0,0.0,0.052884637098431025,0.12128499009413095,0.10608330849074608,0.10608330849074608,0.0,0.09851412852741498,0.0,0.09584664976188419,0.0,0.2532625446654162,0.09617051677644063,0.12107005643951343,0.0,0.0,0.1465592013205804,0.0,0.0
21.0,5.0,1.0,1,0.0,0.0,0.0,0.0,0.0,1.0,0.0,0.0,0.0,0.0,0.0,0.0,0.0,0.0,0.0,0.0,0.0,0.0,0.0,0.0,0.0,0.0,0.0,0.0,0.0,0.0,0.0,0.0,0.0,0.0,0.0,0.0,0.0,0.0,0.0,0.0,0.0,0.0,0.0,0.5555560050618273,0.0,0.0,0.0,0.0,0.0,0.0,0.0,0.0,0.0,0.0,0.0,0.0,0.0,0.0,0.0,0.0,0.8314791189439114,0.0,0.0,0.0,0.0,0.0,0.0,0.0,0.0,0.0,0.0,0.0,0.0,0.0,0.0,0.0,0.0,0.0,0.0,0.0,0.0,0.0,0.0,0.09679143561887864,0.0,0.0,0.0,0.0,0.0,0.0,0.0,0.0,0.0,0.0,0.0,0.0,0.0,0.0,0.0,0.0,0.0,0.0,0.0,0.0,0.0,0.23991975932979429,0.15202006209114147,0.0,0.0,0.2114406360637491,0.0,0.0,0.0,0.1357189167341897,0.11597142327366208,0.10693144946116376,0.0,0.0,0.0,0.0,0.0,0.0,0.0,0.0,0.0,0.16805317480465137,0.0,0.0,0.0,0.0,0.0,0.0,0.0,0.0,0.337014022950809,0.15743270364779924,0.0,0.0,0.0,0.0,0.0,0.0,0.0,0.0,0.27318701617089924,0.0,0.5313836536773432,0.0,0.0,0.0,0.0,0.0,0.0,0.0,0.0,0.0,0.0,0.3974619686798768,0.0,0.0,0.0,0.11191172917165686,0.0,0.0,0.0,0.29445835389973807,0.0,0.0,0.20282571458698467,0.0,0.0,0.0,0.0,0.0,0.0,0.0,0.0,0.0
21.0,5.0,0.0,1,0.0,0.0,0.0,0.0,0.0,1.0,0.0,0.0,0.0,0.0,0.0,0.0,1.0,0.0,0.0,0.0,0.0,0.0,0.0,0.0,0.0,0.0,0.0,0.0,0.0,0.0,0.0,0.0,0.0,0.0,0.0,0.0,0.0,0.0,0.0,0.0,0.0,0.0,0.0,0.0,0.0,0.0,0.0,0.0,0.0,0.0,0.0,0.0,0.0,0.0,0.0,0.0,0.0,0.0,0.0,0.0,0.0,0.0,0.0,0.0,0.0,0.0,0.0,0.0,0.0,0.0,0.0,0.0,0.0,0.0,0.0,0.0,0.0,0.0,0.0,0.0,0.0,0.0,0.0,0.20401047101172998,0.0,0.0,0.0,0.0,0.20885272878952332,0.0,0.0,0.0,0.2755796444037267,0.0,0.0,0.0,0.0,0.0,0.0,0.0,0.0,0.0,0.0,0.0,0.0,0.25284335743619013,0.0,0.0,0.0,0.22283016817849416,0.0,0.0,0.0,0.1430295973559431,0.12221837879913557,0.2253829094594408,0.0,0.0,0.0,0.0,0.0,0.0,0.0,0.26866148084500197,0.0,0.0,0.0,0.0,0.0,0.0,0.0,0.0,0.0,0.0,0.0,0.0,0.0,0.0,0.0,0.0,0.0,0.0,0.0,0.0,0.0,0.0,0.0,0.4246479367842972,0.0,0.24536116253294948,0.0,0.0,0.0,0.30617017937285784,0.0,0.0,0.0,0.20943589409840224,0.0,0.0,0.0,0.11794000385501971,0.2704821850745424,0.0,0.23658034731457064,0.0,0.0,0.0,0.2137511924562817,0.0,0.0,0.0,0.0,0.0,0.0,0.0,0.0,0.0
21.0,5.0,1.0,1,0.0,0.0,1.0,0.0,0.0,0.0,0.0,1.0,0.0,0.0,0.0,0.0,0.0,0.0,0.0,0.0,0.0,0.0,0.0,0.0,0.0,0.0,0.0,0.0,0.0,0.0,0.0,0.0,0.0,0.0,0.0,0.0,0.0,0.0,0.0,0.0,0.0,0.0,1.0,0.0,0.0,0.0,0.0,0.0,0.0,0.0,0.0,0.0,0.0,0.0,0.0,0.0,0.0,0.0,0.0,0.0,0.0,0.0,0.0,0.0,0.0,0.0,0.0,0.0,0.0,0.0,0.0,0.0,0.0,0.0,0.0,0.0,0.0,0.0,0.0,0.0,0.0,0.0,0.0,0.1029926900429524,0.0,0.11249363000640815,0.0,0.0,0.0,0.0,0.0,0.0,0.0,0.15053403203519652,0.0,0.0,0.0,0.0,0.0,0.0,0.0,0.09504631059553988,0.0,0.21654965568815923,0.0,0.0,0.08087985799132785,0.0,0.0,0.0,0.0,0.0,0.0,0.21662127803139009,0.06170075262699515,0.45512942585383925,0.0,0.0,0.0,0.0,0.0,0.0,0.0,0.0,0.0,0.0,0.14618654585439658,0.1113032995814249,0.0,0.0,0.0,0.0,0.1566618873862358,0.0,0.08965147738528617,0.2512787037264365,0.0,0.0,0.11091341363290291,0.1376939939631827,0.0,0.28120052666083883,0.0,0.0,0.0,0.0,0.0,0.2143793556953736,0.0,0.0,0.08775513210614613,0.0,0.15159682992970144,0.0,0.0,0.0,0.09699844795701791,0.3700608163012765,0.0,0.0,0.0,0.11908171380091803,0.06827514223012873,0.0,0.0,0.0,0.0,0.14704431551767222,0.0,0.1525652875940158,0.09504631059553988,0.10827482784407962,0.0,0.26731723987880335,0.0,0.0,0.12234154276466266,0.0
21.0,4.0,0.0,1,0.0,0.0,0.0,0.0,0.0,1.0,0.0,0.0,0.0,0.0,0.0,0.0,1.0,0.0,0.0,0.0,0.0,0.0,0.0,0.0,0.0,0.0,0.0,0.0,0.0,0.0,0.0,0.0,0.0,0.0,0.0,0.0,0.0,0.0,0.0,0.0,0.0,0.0,0.0,0.0,0.0,0.0,0.0,0.0,0.0,0.0,0.0,0.0,0.0,0.0,0.0,0.0,0.0,0.0,0.0,0.0,0.0,0.0,0.0,0.0,0.0,0.0,0.0,0.0,0.0,0.0,0.0,0.0,0.0,0.0,0.0,0.0,0.0,1.0,0.0,0.0,0.0,0.0,0.15352987904192253,0.12056198939761492,0.0,0.0,0.0,0.0,0.0,0.0,0.0,0.0,0.0,0.0,0.14380050332385427,0.1528223062790345,0.14499858624503198,0.0,0.0,0.0,0.0,0.0,0.15008333284947695,0.0,0.0,0.0,0.0,0.0,0.0,0.26336734815792584,0.0,0.0,0.0,0.08452474382543272,0.2889046001590351,0.26638448316792884,0.0,0.0,0.17859106872228395,0.0,0.0,0.0,0.0,0.0,0.0,0.0,0.0,0.13029028777148188,0.0,0.14321152089075284,0.0,0.0,0.0,0.0,0.0,0.09804793072168155,0.0,0.0,0.12983389202560533,0.16118291340270158,0.0,0.0,0.18465676195561237,0.0,0.0,0.0,0.16547091695429472,0.0,0.0,0.0,0.0,0.0,0.35491480793587343,0.0,0.0,0.1528223062790345,0.22709040514044357,0.24753639279936543,0.0,0.0,0.0,0.0,0.07992205048956956,0.0,0.0,0.0,0.0,0.17212828600775273,0.2526367286036026,0.0,0.0,0.25349039123305733,0.0,0.15645915368667124,0.0,0.09657676418626536,0.0,0.0
21.0,2.0,3.0,0,0.0,0.0,0.0,0.0,0.0,0.0,0.0,0.0,0.0,0.0,0.0,1.0,0.0,0.0,0.0,0.0,0.0,0.0,0.0,0.0,0.0,0.0,0.0,0.0,0.0,0.0,0.0,0.5219275690978401,0.0,0.0,0.0,0.0,0.5175468684810677,0.0,0.0,0.0,0.0,0.0,0.0,0.0,0.0,0.0,0.0,0.0,0.0,0.0,0.0,0.0,0.0,0.0,0.0,0.0,0.0,0.0,0.0,0.0,0.0,0.0,0.0,0.0,0.0,0.0,0.0,0.6780389749424881,0.0,0.0,0.0,0.0,0.0,0.0,0.0,0.0,0.0,0.0,0.0,0.2069357740125524,0.0,0.07909131145723915,0.0,0.299913269633433,0.0,0.08189496840524602,0.0,0.0,0.0,0.0,0.0,0.0,0.0,0.10958824776775765,0.0,0.0,0.09017560242298302,0.0,0.0,0.0,0.09825329974366913,0.0,0.0,0.07882369521606902,0.0,0.09292547296435401,0.058880253170275204,0.0,0.0,0.0,0.0,0.07726231405489814,0.0,0.0,0.0,0.0,0.0,0.0,0.0,0.0,0.0,0.09171860757050533,0.0,0.0,0.0,0.0,0.0,0.0,0.0,0.0890642143807642,0.10642329306411287,0.2569005995343288,0.0,0.07505139952965406,0.0,0.3658600313887186,0.0,0.0,0.0,0.0,0.0,0.10235649896405738,0.0,0.0856102008788361,0.0,0.0,0.0,0.07803370982165621,0.0,0.0,0.06388542863112909,0.0,0.0,0.0,0.0,0.0,0.0,0.03848613962444708,0.23820559409855732,0.11036196091033011,0.40302808161861103,0.0,0.0,0.0,0.0,0.3421479149638378,0.08074457642327965,0.0,0.0,0.33320098408783133,0.1383867620382334,0.0,0.19846392737526233,0.09730300690272466,0.0,0.060061743469979785,0.0,0.0
21.0,2.0,3.0,1,0.0,0.0,0.0,0.0,0.0,1.0,0.0,0.0,0.0,0.0,0.0,0.0,1.0,0.0,0.0,0.0,0.0,0.0,0.0,0.0,0.0,0.0,0.0,0.0,0.0,0.0,0.0,0.0,0.0,0.0,0.0,0.0,0.0,0.0,0.0,0.0,0.0,0.0,0.0,0.0,0.0,0.0,0.0,0.0,0.0,0.0,0.0,0.0,0.0,0.0,0.4189598402976099,0.0,0.0,0.0,0.0,0.4832261191925647,0.0,0.0,0.0,0.0,0.0,0.0,0.0,0.5488799526334136,0.0,0.0,0.0,0.5382341196403625,0.0,0.0,0.0,0.0,0.0,0.0,0.0,0.0,0.0,0.0,0.0,0.13956260270539084,0.0,0.0,0.0,0.0,0.0,0.0,0.3694153617341327,0.0,0.0,0.0,0.0,0.0,0.0,0.0,0.0,0.0,0.0,0.0,0.34747304121023176,0.0,0.0,0.0,0.0,0.0,0.0,0.0,0.0,0.0,0.0,0.0,0.16721803502585894,0.15418338722263156,0.0,0.0,0.0,0.0,0.0,0.0,0.0,0.3675801082901978,0.0,0.0,0.0,0.0,0.0,0.0,0.0,0.23909389772188616,0.0,0.27939727156035193,0.0,0.0,0.0,0.0,0.0,0.0,0.0,0.0,0.0,0.0,0.0,0.0,0.0,0.0,0.0,0.0,0.2378292019051351,0.0,0.0,0.0,0.0,0.0,0.0,0.42982232728568653,0.0,0.0,0.0,0.0,0.0,0.0,0.0,0.0,0.0,0.0,0.0,0.0,0.0,0.0,0.0,0.0,0.0,0.22359459458233885,0.33156341717278137,0.0
21.0,3.0,0.0,0,1.0,0.0,0.0,0.0,0.0,0.0,0.0,0.0,0.0,0.0,0.0,0.0,0.0,0.0,0.0,0.0,0.0,1.0,0.0,0.0,0.0,0.0,0.0,0.0,0.0,0.0,0.0,0.0,0.0,0.0,0.0,0.0,0.0,0.0,0.0,0.0,0.0,0.0,0.0,0.0,0.0,0.0,0.0,0.0,0.0,0.0,0.0,0.0,0.0,0.0,0.0,0.0,0.0,0.0,0.0,0.0,0.0,0.0,0.0,0.0,0.0,0.0,0.0,0.0,0.0,0.0,0.0,0.0,0.0,0.0,0.0,0.0,0.0,0.0,0.0,0.0,0.0,0.0,0.0,0.0,0.0,0.0,0.0,0.0,0.0,0.0,0.0,0.0,0.0,0.18243164821394645,0.0,0.0,0.0,0.0,0.0,0.0,0.0,0.0,0.3107591640053723,0.0,0.0,0.0,0.0,0.0,0.0,0.2726612455426762,0.0,0.0,0.0,0.0,0.0,0.1378924256970837,0.0,0.0,0.0,0.0,0.2883552820015691,0.0,0.0,0.32874172557218373,0.0,0.0,0.0,0.26977613128096384,0.0,0.0,0.0,0.0,0.0,0.24987625581849104,0.0,0.4060316679412361,0.0,0.3651413789828494,0.0,0.0,0.0,0.0,0.0,0.0,0.0,0.3224125825682307,0.0,0.0,0.0,0.0,0.0,0.0,0.0,0.0,0.0,0.0,0.0,0.0,0.0,0.0,0.0,0.14431469766094854,0.16548479517471182,0.0,0.0,0.0,0.0,0.0,0.0,0.0,0.0,0.0,0.0,0.0,0.0,0.0,0.0,0.0
21.0,5.0,0.0,1,0.0,0.0,1.0,0.0,0.0,0.0,0.0,1.0,0.0,0.0,0.0,0.0,0.0,0.0,0.0,0.0,0.0,0.0,0.0,0.0,0.0,0.0,0.0,0.0,0.0,0.0,0.0,0.0,0.0,0.0,0.0,0.0,0.0,0.7118501608490141,0.0,0.0,0.0,0.0,0.0,0.7023313665921754,0.0,0.0,0.0,0.0,0.0,0.0,0.0,0.0,0.0,0.0,0.0,0.0,0.0,0.0,0.0,0.0,0.0,0.0,0.0,0.0,0.0,0.0,0.0,0.0,0.0,0.0,0.0,0.0,0.0,0.0,0.0,0.0,0.0,0.0,0.0,0.0,0.0,0.0,0.0,0.16028467074589833,0.0,0.0,0.0,0.0,0.0,0.0,0.0,0.0,0.0,0.23427194445306213,0.0,0.0,0.19277262071594078,0.0,0.0,0.0,0.0,0.1479179405166043,0.0,0.0,0.0,0.0,0.0,0.0,0.0,0.0,0.0,0.0,0.0,0.0,0.09602317228016487,0.35415265947189534,0.0,0.0,0.0,0.0,0.0,0.0,0.0,0.21107895484869826,0.0,0.13914633882190636,0.0,0.1732182421771937,0.0,0.0,0.0,0.0,0.4876171120040003,0.0,0.0,0.0,0.0,0.0,0.0,0.0,0.0,0.0,0.0,0.0,0.0,0.0,0.0,0.0,0.0,0.0,0.13657088139003262,0.0,0.0,0.0,0.0,0.0,0.15095599782052346,0.08227362831294356,0.0,0.0,0.0,0.09266178638735115,0.3187641381516008,0.18587380778159143,0.0,0.0,0.0,0.0,0.0,0.0,0.2958358810332086,0.337010230994441,0.0,0.0,0.0,0.0,0.0,0.0
21.0,5.0,6.0,1,0.0,0.0,0.0,0.0,0.0,1.0,0.0,0.0,0.0,0.0,0.0,0.0,1.0,0.0,0.0,0.0,0.0,0.0,0.0,0.0,0.0,0.0,0.0,0.0,0.0,0.0,0.0,0.0,0.0,0.0,0.0,0.0,0.0,0.0,0.0,0.0,0.0,0.0,0.0,0.0,0.0,0.0,0.0,0.0,0.0,0.0,0.0,0.0,0.0,0.0,0.0,0.0,0.0,0.0,0.0,0.0,0.0,0.0,0.0,0.0,0.0,0.0,0.0,0.0,0.0,0.0,0.0,0.0,0.0,0.0,0.0,0.0,0.0,0.0,0.17863365239591822,0.0,0.0,0.0,0.1535664870666631,0.24118147296272585,0.0,0.0,0.0,0.1774997173278859,0.12345299854448583,0.0,0.0,0.0,0.0,0.08812766120130876,0.0,0.1528587455884646,0.0,0.0,0.0,0.0,0.0,0.0,0.0,0.0,0.0,0.0,0.18939910468625878,0.18097741373814613,0.0,0.0,0.0,0.0,0.1535664870666631,0.084544898103756,0.07224337181251123,0.2664480005093816,0.0,0.0,0.0,0.0,0.0,0.0,0.0,0.1588059949991958,0.0,0.10468723801928725,0.0,0.0,0.0,0.1432456685819555,0.0,0.0,0.0,0.0,0.1049699515570008,0.09807130950043146,0.0,0.0,0.0,0.0,0.0,0.0,0.0,0.0,0.1701794340922516,0.0,0.0,0.0,0.0,0.1450331600482925,0.0,0.0,0.1774997173278859,0.0,0.0,0.0,0.11357227655484811,0.37139312393686275,0.0,0.0,0.0,0.1394288425977298,0.2398233218726697,0.0,0.41952844152847946,0.0,0.12986484992357997,0.0,0.0,0.0,0.0,0.1267754170384814,0.0,0.0,0.0,0.19319958435322657,0.0,0.0
21.0,5.0,1.0,1,0.0,0.0,1.0,0.0,0.0,0.0,0.0,1.0,0.0,0.0,0.0,0.0,0.0,0.0,0.0,0.0,0.0,0.0,0.0,0.0,0.0,0.0,0.0,0.0,0.0,0.0,0.0,0.0,0.0,0.0,0.0,0.0,0.0,0.0,0.0,0.0,0.0,0.0,0.0,0.0,0.0,0.0,0.0,0.0,0.0,0.0,0.0,0.0,0.0,0.0,0.0,0.0,0.0,0.0,0.0,0.0,0.0,0.0,0.0,0.0,0.0,0.0,0.0,0.0,0.0,0.0,0.0,0.0,0.0,0.0,0.0,0.0,0.0,0.0,0.0,0.0,0.0,0.0,0.0,0.22327387695603151,0.0,0.0,0.18867875344331445,0.0,0.15238223880839363,0.0,0.19699833246304801,0.21251446354289552,0.0,0.10877897234682327,0.17754017965234856,0.0,0.0,0.0,0.22192401711765342,0.0,0.0,0.2747296369374448,0.0,0.1564832130604773,0.0,0.0,0.11689088130977011,0.0,0.0,0.0,0.0,0.0,0.0,0.3130699376630077,0.0,0.24666437827961396,0.0,0.0,0.0,0.21506700376330107,0.0,0.0,0.0,0.0,0.0,0.0,0.0,0.0,0.0,0.0,0.0,0.12750173390786243,0.0,0.0,0.12956798469419492,0.12105275595360689,0.0,0.0,0.16029660524398062,0.0,0.0,0.0,0.0,0.16995599188227528,0.0,0.0,0.0,0.0,0.0,0.0,0.0,0.0,0.0,0.0,0.0,0.0,0.0,0.22921158809742892,0.0,0.0,0.0,0.17210176698826074,0.19734806032140575,0.0,0.0,0.22641417206979464,0.16029660524398062,0.0,0.0,0.0,0.0,0.0,0.19699833246304801,0.0,0.0,0.2384728240520387,0.0,0.0
21.0,5.0,0.0,1,0.0,0.0,0.0,0.0,0.0,1.0,0.0,0.0,0.0,0.0,0.0,0.0,1.0,0.0,0.0,0.0,0.0,0.0,0.0,0.0,0.0,0.0,0.0,0.0,0.0,0.0,0.0,0.0,0.0,0.0,0.0,0.0,0.0,0.0,0.0,0.0,0.0,0.0,0.0,0.0,0.0,0.0,0.0,0.0,0.0,0.0,0.0,0.0,0.0,0.0,0.0,0.0,0.0,0.0,0.0,0.0,0.0,0.0,0.0,0.0,0.0,0.0,0.0,0.0,0.0,0.0,0.0,0.0,0.0,0.0,0.0,0.0,0.0,0.0,0.0,0.0,0.0,0.0,0.0,0.0,0.0,0.0,0.0,0.0,0.0,0.0,0.0,0.0,0.0,0.0,0.0,0.0,0.0,0.0,0.0,0.0,0.0,0.0,0.0,0.0,0.0,0.0,0.0,0.0,0.0,0.0,0.0,0.0,0.0,0.0,0.0,0.0,0.0,0.0,0.0,0.0,0.0,0.0,0.0,0.0,0.0,0.0,0.0,0.0,0.0,0.0,0.0,0.0,0.0,0.0,0.0,0.0,0.0,0.0,0.0,0.0,0.0,0.0,0.0,0.0,0.0,0.0,0.0,0.0,0.0,0.0,0.0,0.0,0.0,0.0,0.0,0.0,0.0,0.0,0.0,0.0,0.0,0.0,0.0,0.0,0.0,0.0,0.0,0.0,0.0,0.0,0.0,0.0,0.0,0.0,0.0,0.0,0.0,0.0
21.0,5.0,0.0,1,1.0,0.0,1.0,0.0,0.0,0.0,0.0,1.0,0.0,0.0,0.0,0.0,0.0,0.0,0.0,0.0,0.0,0.0,0.0,0.0,0.0,0.0,0.0,0.0,0.6895919249851994,0.0,0.7241981614138543,0.0,0.0,0.0,0.0,0.0,0.0,0.0,0.0,0.0,0.0,0.0,0.0,0.0,0.0,0.0,0.0,0.0,0.0,0.0,0.0,0.0,0.0,0.0,0.0,0.0,0.0,0.0,0.0,0.0,0.0,0.0,0.0,0.0,0.0,0.0,0.0,0.0,0.0,0.0,0.0,0.0,0.0,0.0,0.0,0.0,0.0,0.0,0.0,0.0,0.24281628786323003,0.0,0.0,0.08603094474748502,0.0,0.0,0.0,0.0,0.3522916736919815,0.0,0.0,0.0,0.0,0.2514855178019951,0.20522709052708754,0.0,0.2069369529158843,0.0,0.0,0.0,0.0,0.3175729808353218,0.0,0.0,0.0,0.0,0.2702393962575209,0.0,0.0,0.0,0.0,0.0,0.0,0.0,0.10307865612438169,0.2851310209898645,0.0,0.0,0.0,0.0,0.0,0.0,0.0,0.0,0.0,0.0,0.0,0.0,0.0,0.0,0.0,0.0,0.0,0.17222959995198087,0.0,0.0,0.0,0.5033543777269693,0.0,0.0,0.0,0.0,0.0,0.19646016918505058,0.0,0.0,0.0,0.0,0.0,0.0,0.0,0.0,0.0,0.0,0.0,0.0,0.0,0.0,0.0,0.0,0.0,0.19894057211575145,0.0,0.0,0.0,0.0,0.18529442732348872,0.0,0.0,0.0,0.0,0.0,0.0,0.0,0.0,0.0,0.0,0.0
21.0,5.0,0.0,1,0.0,0.0,0.0,0.0,0.0,1.0,0.0,0.0,0.0,0.0,0.0,0.0,0.0,0.0,0.0,0.0,0.0,0.0,0.0,0.0,0.0,1.0,0.0,0.0,0.0,0.0,0.0,0.0,0.0,0.0,0.0,0.0,0.0,0.0,0.0,0.0,0.0,0.0,0.0,0.0,0.0,0.0,0.0,0.0,0.0,0.0,0.0,0.0,0.0,0.0,0.0,0.0,0.0,0.0,0.0,0.0,0.0,0.0,0.0,0.0,0.0,0.0,0.0,0.0,0.0,0.0,0.0,0.0,0.0,0.0,0.0,0.0,0.0,0.0,0.0,0.25611427328270553,0.0,0.0,0.0,0.0,0.0,0.0,0.0,0.0,0.0,0.0,0.0,0.0,0.25070244492530647,0.13563200742497922,0.0,0.0,0.0,0.0,0.0,0.27492436015940164,0.0,0.0,0.0,0.0,0.0,0.0,0.0,0.0,0.0,0.0,0.26815816349403077,0.1912475647164815,0.2363449866946464,0.0,0.2223708971397176,0.10251854154199042,0.0,0.0,0.0,0.0,0.0,0.0,0.0,0.0,0.0,0.16111786073498646,0.0,0.0,0.0,0.0,0.0,0.0,0.0,0.0,0.0,0.15093568122675216,0.0,0.2714707602010413,0.0,0.0,0.2767078902116674,0.0,0.0,0.0,0.0,0.0,0.0,0.0,0.0,0.0,0.0,0.0,0.0,0.0,0.2697975596705087,0.0,0.17479229162534715,0.3810592819305994,0.0,0.0,0.0,0.10729329223473541,0.0,0.0,0.0,0.0,0.0,0.0,0.0,0.0,0.0,0.0,0.0,0.0,0.0,0.0,0.2204608328402498,0.21355050229909117
21.0,5.0,0.0,1,1.0,0.0,0.0,0.0,1.0,0.0,0.0,0.0,0.0,0.0,1.0,0.0,0.0,0.0,0.0,0.0,0.0,0.0,0.0,0.0,0.0,0.0,0.0,0.0,0.0,0.0,0.0,0.0,0.0,0.0,0.0,0.0,0.0,0.0,0.0,0.0,0.0,0.0,0.0,0.0,0.0,0.0,0.0,0.0,0.0,0.0,0.0,0.0,0.0,0.0,0.0,0.0,0.0,0.0,0.0,0.0,0.0,0.0,0.0,0.0,0.0,0.0,0.0,0.0,0.0,0.0,0.0,0.0,0.0,0.0,0.0,0.0,0.0,0.0,0.0,0.0,0.0,0.0,0.0,0.0,0.0,0.0,0.0,0.0,0.0,0.0,0.0,0.0,0.0,0.0,0.0,0.0,0.0,0.0,0.0,0.0,0.0,0.0,0.0,0.0,0.0,0.0,0.0,0.0,0.0,0.0,0.0,0.0,0.0,0.0,0.0,0.0,0.0,0.0,0.0,0.0,0.0,0.0,0.0,0.0,0.0,0.0,0.0,0.0,0.0,0.0,0.0,0.0,0.0,0.0,0.0,0.0,0.0,0.0,0.0,0.0,0.0,0.0,0.0,0.0,0.0,0.0,0.0,0.0,0.0,0.0,0.0,0.0,0.0,0.0,0.0,0.0,0.0,0.0,0.0,0.0,0.0,0.0,0.0,0.0,0.0,0.0,0.0,0.0,0.0,0.0,0.0,0.0,0.0,0.0,0.0,0.0,0.0,0.0
21.0,5.0,0.0,1,1.0,0.0,0.0,0.0,0.0,1.0,0.0,0.0,0.0,0.0,0.0,0.0,1.0,0.0,0.0,0.0,0.0,0.0,0.0,0.0,0.0,0.0,0.0,0.0,0.0,0.0,0.0,0.0,0.0,0.0,0.0,0.0,0.0,0.0,0.0,0.0,0.0,0.0,0.0,0.0,0.0,0.0,0.0,0.0,0.0,0.0,0.0,0.0,0.0,0.0,0.0,0.0,0.0,0.0,0.6936084099497952,0.0,0.0,0.0,0.0,0.0,0.0,0.0,0.0,0.0,0.0,0.7203522566404,0.0,0.0,0.0,0.0,0.0,0.0,0.0,0.0,0.0,0.22129008922748425,0.0,0.0,0.0,0.16035853277274126,0.0,0.0,0.0,0.0,0.0,0.0,0.0,0.0,0.0,0.0,0.191267893307102,0.20326772088199524,0.19286145376790792,0.2177541984072766,0.0,0.0,0.0,0.0,0.0,0.0,0.0,0.0,0.0,0.0,0.21013748416310496,0.0,0.0,0.0,0.20420885772498867,0.0,0.09606742146566398,0.5314737889736472,0.0,0.0,0.0,0.0,0.0,0.0,0.0,0.0,0.0,0.0,0.0,0.0,0.0,0.0,0.0,0.0,0.0,0.0,0.27917281058330473,0.13041276434215243,0.0,0.0,0.0,0.0,0.0,0.0,0.0,0.1830972830257115,0.0,0.0,0.0,0.0,0.0,0.0,0.0,0.0,0.0,0.0,0.23311284173116778,0.0,0.0,0.16462308292811098,0.0,0.0,0.0,0.0927044865864507,0.0,0.0,0.37191892347573463,0.0,0.0,0.0,0.0,0.0,0.0,0.16858276565120034,0.0,0.0,0.0,0.0,0.0,0.0
21.0,5.0,0.0,1,0.0,0.0,0.0,0.0,0.0,1.0,0.0,0.0,0.0,0.0,0.0,0.0,1.0,0.0,0.0,0.0,0.0,0.0,0.0,0.0,0.0,0.0,0.0,0.0,0.0,0.0,0.0,0.0,0.0,0.0,0.0,0.0,0.0,0.0,0.0,0.0,0.0,0.7071067811865475,0.0,0.0,0.0,0.0,0.0,0.0,0.0,0.0,0.0,0.0,0.0,0.0,0.0,0.0,0.0,0.0,0.7071067811865475,0.0,0.0,0.0,0.0,0.0,0.0,0.0,0.0,0.0,0.0,0.0,0.0,0.0,0.0,0.0,0.0,0.0,0.0,0.0,0.0,0.0,0.0,0.0,0.4273202498148933,0.2516704553654102,0.0,0.0,0.0,0.0,0.0,0.0,0.0,0.0,0.0,0.12261377765253531,0.0,0.0,0.0,0.0,0.0,0.0,0.0,0.0,0.0,0.0,0.0,0.0,0.13175738124118808,0.0,0.21986314214876249,0.0,0.0,0.1728912431654892,0.0,0.11762900769680525,0.10051364812750914,0.0,0.2587893231345745,0.0,0.0,0.0,0.0,0.0,0.0,0.0,0.0,0.14565344808406538,0.0,0.0,0.0,0.0,0.0,0.0,0.0,0.0,0.14604679308358132,0.0,0.2381452803309247,0.0,0.0,0.0,0.0,0.0,0.0,0.0,0.0,0.0,0.4605557824395929,0.0,0.0,0.0,0.0,0.0,0.0,0.0,0.0,0.0,0.31603075981282464,0.08612111358175684,0.0,0.0,0.0,0.193990137393712,0.0,0.0,0.0,0.0,0.0,0.0,0.0,0.0,0.15483524936514695,0.0,0.0,0.0,0.0,0.2688024458556375,0.0,0.0
21.0,5.0,2.0,1,0.0,1.0,0.0,1.0,0.0,0.0,0.0,0.0,0.0,1.0,0.0,0.0,0.0,0.0,0.0,0.0,0.0,0.0,0.0,0.0,0.0,0.0,0.0,0.0,0.0,0.0,0.0,0.0,0.0,0.0,0.0,0.0,0.0,0.0,0.0,0.0,0.0,0.0,0.0,0.0,0.0,0.0,0.0,0.0,0.0,0.0,0.0,0.0,0.0,0.0,0.0,0.0,0.0,0.0,0.0,0.0,0.0,0.0,0.0,0.0,0.0,0.0,0.0,0.0,0.0,0.0,0.0,0.0,0.0,0.0,0.0,0.0,0.0,0.0,0.0,0.15873881226738015,0.0,0.0,0.1464858712963864,0.34509168193859413,0.0,0.0,0.14581076223407194,0.0,0.0,0.0,0.0,0.0,0.0,0.0,0.13720288294177455,0.0,0.0,0.0,0.0,0.0,0.0,0.0,0.1431974539204711,0.0,0.0,0.0,0.18066632507311534,0.0,0.0,0.0,0.0,0.0,0.0,0.24194015176664319,0.06891238751037258,0.0,0.1774265530266429,0.1349917633654913,0.0,0.0,0.0,0.281426503426649,0.0,0.0,0.0,0.0,0.0,0.0,0.0,0.13664092324096888,0.0,0.09853321939004991,0.0,0.0,0.0,0.0,0.16327294996906488,0.16825671403353987,0.0,0.0,0.17150267056271387,0.0,0.0,0.0,0.0,0.0,0.0,0.0,0.0,0.2766919947490863,0.0,0.0,0.0,0.0,0.0,0.0,0.0,0.2952241642071375,0.0,0.1693155925117344,0.0,0.1995001241668272,0.3050207887823991,0.13339496671179488,0.0,0.0,0.12387706494563518,0.0,0.0,0.0,0.10615540181150716,0.12093007907241587,0.0,0.0,0.15703373813380592,0.09214578645598843,0.13664092324096888,0.0
21.0,5.0,0.0,1,0.0,0.0,0.0,0.0,0.0,1.0,0.0,0.0,0.0,0.0,0.0,0.0,1.0,0.0,0.0,0.0,0.0,0.0,0.0,0.0,0.0,0.0,0.0,0.0,0.0,0.0,0.0,0.0,0.0,0.0,0.0,0.0,0.0,0.0,0.0,0.0,0.0,0.0,0.0,0.0,1.0,0.0,0.0,0.0,0.0,0.0,0.0,0.0,0.0,0.0,0.0,0.0,0.0,0.0,0.0,0.0,0.0,0.0,0.0,0.0,0.0,0.0,0.0,0.0,0.0,0.0,0.0,0.0,0.0,0.0,0.0,0.0,0.0,0.0,0.0,0.0,0.0,0.1675558554597861,0.20227817413208538,0.07942121506662003,0.1681274698449657,0.0,0.20134593522565397,0.0,0.0,0.0,0.0,0.0,0.0,0.11608198337306087,0.18945955948862234,0.0,0.0,0.0,0.2368231608494934,0.0,0.20815074863435498,0.0,0.0,0.0,0.0,0.0,0.0,0.0,0.0,0.0,0.0,0.16368110336961925,0.0,0.11136275855022446,0.0951591562880287,0.08774149893261898,0.0,0.0,0.0,0.0,0.0,0.0,0.0,0.0,0.0,0.13789430080718063,0.0,0.0,0.0,0.0,0.0,0.13606172071877595,0.0,0.0,0.13826669181060502,0.0,0.22545897370592688,0.0,0.0,0.0,0.0,0.0,0.2432883610839368,0.0,0.0,0.0,0.0,0.16531531419778445,0.0,0.0,0.13534201732754533,0.0,0.0,0.0,0.0,0.0,0.0,0.16306666128821082,0.0,0.23380308696167537,0.0,0.18365603225510804,0.10529863337877107,0.0,0.0,0.0,0.0,0.2267818852421966,0.0,0.0,0.0,0.3339778147330502,0.0,0.0,0.0,0.1272414962161759,0.0,0.3655385823424223
21.0,5.0,0.0,1,0.0,0.0,0.0,0.0,0.0,1.0,0.0,0.0,0.0,0.0,0.0,0.0,1.0,0.0,0.0,0.0,0.0,0.0,0.0,0.0,0.0,0.0,0.0,0.0,0.0,0.0,0.0,0.0,0.0,0.0,0.0,0.0,1.0,0.0,0.0,0.0,0.0,0.0,0.0,0.0,0.0,0.0,0.0,0.0,0.0,0.0,0.0,0.0,0.0,0.0,0.0,0.0,0.0,0.0,0.0,0.0,0.0,0.0,0.0,0.0,0.0,0.0,0.0,0.0,0.0,0.0,0.0,0.0,0.0,0.0,0.0,0.0,0.0,0.0,0.0,0.0,0.0,0.0,0.0,0.4374730886178698,0.0,0.0,0.0,0.4292831098748614,0.0,0.0,0.0,0.0,0.0,0.0,0.0,0.0,0.35076273313438217,0.39603589153040225,0.0,0.4320255321149029,0.0,0.0,0.0,0.0,0.0,0.0,0.0,0.0,0.0,0.0,0.0,0.0,0.0,0.0,0.17472061244036968,0.0,0.0,0.0,0.0,0.0,0.0,0.35676467477095286,0.0,0.0,0.0,0.0,0.0,0.0,0.0,0.0,0.0,0.0,0.0,0.0,0.0,0.0,0.0,0.0,0.0,0.0,0.0,0.0,0.0,0.0,0.0,0.0,0.0,0.0,0.0,0.0,0.0,0.0,0.0,0.0,0.0,0.0,0.0,0.0,0.0,0.0,0.0,0.0,0.0,0.0,0.0,0.0,0.0,0.0,0.0,0.0,0.0,0.0,0.0,0.0,0.0,0.0,0.0,0.0
21.0,5.0,28.0,1,0.0,0.0,0.0,0.0,0.0,1.0,0.0,0.0,0.0,0.0,0.0,0.0,1.0,0.0,0.0,0.0,0.0,0.0,0.0,0.0,0.0,0.0,0.0,0.0,0.0,0.0,0.0,0.0,0.0,0.0,0.0,0.0,0.0,0.0,0.0,0.0,0.0,0.0,0.0,0.0,0.0,0.0,0.0,0.0,0.0,0.0,0.0,0.0,0.0,0.0,0.0,0.0,0.0,0.0,0.0,0.0,0.0,0.0,0.0,0.0,0.0,0.0,0.0,0.0,0.0,0.0,0.0,0.0,0.0,0.0,0.0,0.0,0.0,0.0,0.0,0.0,0.0,0.0,0.0,0.24176648199698517,0.2558987978046898,0.0,0.0,0.0,0.24750489151123176,0.0,0.0,0.0,0.0,0.0,0.0,0.0,0.0,0.0,0.0,0.0,0.0,0.0,0.0,0.2541658461952524,0.0,0.0,0.0,0.0,0.0,0.2640691214335443,0.0,0.2491311955997114,0.0,0.16949993989378823,0.14483721022311147,0.0,0.0,0.2837201135429137,0.0,0.349319814765377,0.0,0.0,0.0,0.0,0.0,0.0,0.34316034362991055,0.0,0.0,0.0,0.0,0.0,0.0,0.24200213422249905,0.0,0.0,0.0,0.0,0.0,0.0,0.0,0.0,0.0,0.0,0.0,0.0,0.0,0.0,0.0,0.0,0.0,0.0,0.0,0.0,0.0,0.0,0.22769551423461026,0.12409799131622153,0.0,0.0,0.0,0.1397670407667434,0.16027002438656604,0.0,0.0,0.0,0.0,0.0,0.0,0.0,0.0,0.0,0.0,0.0,0.0,0.0,0.0,0.2781844152502644
21.0,4.0,0.0,1,0.0,0.0,0.0,0.0,1.0,0.0,0.0,0.0,0.0,0.0,0.0,0.0,0.0,0.0,0.0,0.0,1.0,0.0,0.0,0.0,0.0,0.0,0.0,0.0,0.0,0.0,0.0,0.0,0.0,0.0,0.0,0.0,0.0,0.0,0.0,0.0,0.0,0.0,0.0,0.0,0.0,0.0,0.0,0.0,0.0,0.0,0.0,0.0,0.0,0.0,0.0,0.0,0.0,0.0,0.0,0.0,0.0,0.0,1.0,0.0,0.0,0.0,0.0,0.0,0.0,0.0,0.0,0.0,0.0,0.0,0.0,0.0,0.0,0.0,0.0,0.0,0.2439530763704821,0.0,0.0,0.0,0.3659445821791325,0.0,0.0,0.0,0.0,0.0,0.0,0.0,0.0,0.2526628928821161,0.0,0.0,0.0,0.0,0.0,0.0,0.0,0.0,0.0,0.0,0.0,0.0,0.0,0.0,0.0,0.0,0.0,0.0,0.0,0.12119553748580297,0.0,0.09548863786588853,0.0,0.20286503746203763,0.0,0.0,0.0,0.2114632653767232,0.0,0.0,0.0,0.0,0.0,0.0,0.0,0.0,0.0,0.14807529544374806,0.0,0.0,0.0,0.0,0.0,0.0,0.0,0.0,0.2577334707032836,0.0,0.0,0.0,0.0,0.0,0.0,0.1799118360542309,0.0,0.20790576580677672,0.0,0.0,0.0,0.0,0.2512969954993517,0.21912378211473119,0.0,0.3549292765036352,0.0,0.0,0.0,0.09993597424954828,0.11459598015529718,0.20046537836510206,0.0,0.0,0.0,0.0,0.0,0.0,0.0,0.0,0.0,0.0,0.0,0.0,0.4106867755638593,0.0
21.0,5.0,2.0,1,0.0,0.0,1.0,0.0,0.0,0.0,0.0,1.0,0.0,0.0,0.0,0.0,0.0,0.0,0.0,0.0,0.0,0.0,0.0,0.0,0.0,0.0,0.0,0.0,1.0,0.0,0.0,0.0,0.0,0.0,0.0,0.0,0.0,0.0,0.0,0.0,0.0,0.0,0.0,0.0,0.0,0.0,0.0,0.0,0.0,0.0,0.0,0.0,0.0,0.0,0.0,0.0,0.0,0.0,0.0,0.0,0.0,0.0,0.0,0.0,0.0,0.0,0.0,0.0,0.0,0.0,0.0,0.0,0.0,0.0,0.0,0.0,0.0,0.0,0.0,0.0,0.0,0.25630987371834746,0.0,0.242980963553001,0.0,0.13269781865651076,0.15399924726526718,0.17882406893410313,0.0,0.15399924726526718,0.0,0.0,0.0,0.0,0.0,0.15399924726526718,0.14611527387560588,0.0,0.0,0.17996646445915085,0.0,0.3363507272365258,0.0,0.0,0.0,0.0,0.0,0.0,0.0,0.0,0.0,0.0,0.0,0.17035140015017466,0.21834717083805094,0.20132700629500397,0.0,0.0,0.0,0.0,0.0,0.0,0.0,0.0,0.0,0.0,0.0,0.13129370136678728,0.0,0.1443144456714409,0.0,0.10406667782404172,0.0,0.0,0.21150629573751506,0.0,0.0,0.0,0.0,0.0,0.0,0.0,0.0,0.0,0.0,0.0,0.0,0.0,0.0,0.0,0.10351621336902524,0.0,0.0,0.0,0.0,0.15399924726526718,0.0,0.37416414288623523,0.0,0.0,0.0,0.2107037126772501,0.3221502387960991,0.0,0.0,0.0,0.0,0.0,0.0,0.0,0.0,0.1277213071486816,0.0,0.0,0.0,0.19464107498605984,0.0,0.0
21.0,5.0,1.0,1,1.0,0.0,0.0,0.0,0.0,0.0,0.0,0.0,0.0,0.0,0.0,0.0,0.0,0.0,0.0,0.0,0.0,1.0,0.0,0.0,0.0,0.0,0.0,0.0,0.0,0.0,0.0,0.0,0.0,0.0,0.0,0.0,0.0,0.0,0.0,0.0,1.0,0.0,0.0,0.0,0.0,0.0,0.0,0.0,0.0,0.0,0.0,0.0,0.0,0.0,0.0,0.0,0.0,0.0,0.0,0.0,0.0,0.0,0.0,0.0,0.0,0.0,0.0,0.0,0.0,0.0,0.0,0.0,0.0,0.0,0.0,0.0,0.0,0.0,0.0,0.0,0.23793188698145132,0.1778494833857652,0.0,0.2529011361144255,0.17845621433420683,0.0,0.0,0.0,0.0,0.0,0.0,0.0,0.0,0.12321336497994695,0.0,0.0,0.20277428720597823,0.0,0.0,0.0,0.0,0.0,0.0,0.0,0.0,0.20895781161782184,0.0,0.0,0.0,0.0,0.0,0.0,0.0,0.11820421925704995,0.10100516474825916,0.0,0.0,0.0,0.0,0.24360525438081243,0.0,0.0,0.0,0.0,0.0,0.1463657005187999,0.0,0.0,0.0,0.0,0.0,0.0,0.0,0.0,0.0,0.1371158145674079,0.0,0.0,0.0,0.0,0.0,0.0,0.2582345404391569,0.19250825050592818,0.0,0.0,0.0,0.0,0.0,0.0,0.0,0.0,0.0,0.0,0.0,0.0,0.0,0.08654225000961024,0.0,0.4963330958029198,0.22656830056667793,0.0,0.11176755056546582,0.0,0.0,0.25645813173268883,0.0,0.0,0.17665080016047705,0.0,0.1555924012540566,0.17724770539826173,0.0,0.0,0.0,0.13505845143507925,0.0,0.0
21.0,3.0,1.0,1,1.0,0.0,0.0,0.0,0.0,1.0,0.0,0.0,0.0,0.0,0.0,0.0,1.0,0.0,0.0,0.0,0.0,0.0,0.0,0.0,0.0,0.0,0.0,0.0,0.0,0.0,0.0,0.6481659752840674,0.0,0.0,0.0,0.0,0.0,0.0,0.0,0.0,0.7614990928977222,0.0,0.0,0.0,0.0,0.0,0.0,0.0,0.0,0.0,0.0,0.0,0.0,0.0,0.0,0.0,0.0,0.0,0.0,0.0,0.0,0.0,0.0,0.0,0.0,0.0,0.0,0.0,0.0,0.0,0.0,0.0,0.0,0.0,0.0,0.0,0.0,0.0,0.0,0.0,0.0,0.0,0.14020962730848047,0.2752550791170884,0.0,0.0,0.13956344355586334,0.0,0.0,0.0,0.0,0.0,0.0,0.1609250399436389,0.0,0.0,0.0,0.0,0.0,0.0,0.0,0.0,0.0,0.0,0.0,0.13645656129351752,0.08646280314106705,0.0,0.0,0.0,0.159082520382804,0.0,0.0,0.07719137736617801,0.06595980953150993,0.12163648320057253,0.0,0.12920798889126056,0.0,0.0,0.0,0.0,0.0,0.0,0.0,0.0,0.0,0.11898630289004486,0.0,0.0,0.0,0.4715576268864519,0.0,0.11020934920622931,0.09583990665884898,0.0,0.0,0.0,0.0,0.0,0.0,0.15030556669898845,0.0,0.0,0.0,0.0,0.30222932163216354,0.1145887275852125,0.0,0.0,0.09381266115385122,0.0,0.0,0.0,0.0,0.0,0.0,0.45212027256541565,0.0,0.0,0.0,0.0636508213155718,0.07298801368697923,0.0,0.0,0.16747588664456475,0.0,0.0,0.0,0.0,0.30482139730715274,0.0,0.0,0.14288475809596873,0.0,0.0,0.13078648987204777,0.0
21.0,5.0,0.0,1,0.0,0.0,0.0,0.0,0.0,0.0,0.0,0.0,0.0,0.0,0.0,1.0,0.0,0.0,0.0,0.0,0.0,0.0,0.0,0.0,0.0,0.0,0.0,0.0,0.0,0.0,0.0,0.0,0.0,0.0,0.0,0.0,0.0,0.0,0.0,0.0,0.0,0.0,0.0,0.0,0.0,0.0,0.0,0.0,0.0,0.0,0.0,0.0,1.0,0.0,0.0,0.0,0.0,0.0,0.0,0.0,0.0,0.0,0.0,0.0,0.0,0.0,0.0,0.0,0.0,0.0,0.0,0.0,0.0,0.0,0.0,0.0,0.0,0.0,0.0,0.0,0.0,0.15721974590125434,0.0,0.22356574560188422,0.15775609879769495,0.16279292739032653,0.0,0.0,0.0,0.0,0.0,0.0,0.0,0.0,0.0,0.0,0.0,0.0,0.0,0.0,0.0,0.0,0.18553936376663047,0.0,0.0,0.18471964844214764,0.0,0.0,0.0,0.16279292739032653,0.0,0.0,0.0,0.0,0.08928902144737211,0.16465788234410347,0.22988963045496968,0.17490734089782753,0.0,0.0,0.0,0.0,0.0,0.1962758871534123,0.0,0.0,0.0,0.1610703643044544,0.0,0.1770441391834696,0.0,0.0,0.0,0.1491891049241886,0.2594747177700109,0.0,0.0,0.0,0.16050614858037623,0.0,0.0,0.0,0.0,0.0,0.21033286181602587,0.0,0.0,0.15511741813164848,0.0,0.0,0.0,0.0,0.0,0.0,0.0,0.0,0.14036938175380842,0.4590224373063126,0.0,0.21938034825566338,0.0,0.0,0.19760603815523453,0.0,0.0,0.0,0.0,0.0,0.15616010452075552,0.0,0.0,0.0,0.19725585312473545,0.0,0.0,0.0,0.0,0.0
21.0,5.0,0.0,1,1.0,0.0,0.0,0.0,0.0,1.0,0.0,0.0,0.0,0.0,0.0,0.0,1.0,0.0,0.0,0.0,0.0,0.0,0.0,0.0,0.0,0.0,0.0,0.0,0.0,0.0,0.0,0.0,0.0,0.0,0.0,0.0,0.0,0.0,0.0,0.0,0.0,0.0,0.0,0.0,0.0,0.0,0.0,0.0,0.0,0.0,0.0,0.0,0.0,0.0,0.0,0.0,0.0,0.0,0.0,0.0,0.0,0.0,0.0,0.0,0.0,0.0,0.0,0.0,0.0,0.0,0.0,0.0,0.0,0.0,0.0,0.0,0.0,0.0,0.0,0.263539861217693,0.0,0.0,0.0,0.09548747894569583,0.0,0.0,0.0,0.0,0.1955078133405621,0.0,0.0,0.0,0.0,0.13956442159707552,0.0,0.0,0.22968349345273928,0.2593288810545439,0.2847305542543057,0.0,0.0,0.0,0.0,0.0,0.0,0.2366876038275416,0.0,0.0,0.0,0.20859214614711058,0.0,0.0,0.0,0.13389053609264695,0.11440907728396478,0.3164726650793912,0.0,0.0,0.0,0.0,0.0,0.0,0.0,0.0,0.0,0.0,0.27106748476215525,0.0,0.0,0.0,0.0,0.1635858968104576,0.0,0.0,0.0,0.0,0.0,0.0,0.0,0.0,0.0,0.0,0.0,0.0,0.0,0.0,0.2621124747151988,0.0,0.0,0.0,0.0,0.0,0.0,0.0,0.0,0.0,0.3597201802651512,0.1960537165471699,0.0,0.0,0.0,0.0,0.25319937574190654,0.0,0.0,0.0,0.0,0.0,0.0,0.0,0.1762403249798157,0.0,0.0,0.0,0.0,0.0,0.0,0.0
21.0,5.0,5.0,1,0.0,0.0,1.0,0.0,0.0,0.0,0.0,1.0,0.0,0.0,0.0,0.0,0.0,0.0,0.0,0.0,0.0,0.0,0.0,0.0,0.0,0.0,0.0,0.0,0.0,0.0,0.0,0.0,0.0,0.0,0.0,0.0,0.0,0.0,0.0,0.5675160730133225,0.0,0.0,0.0,0.8233623181027518,0.0,0.0,0.0,0.0,0.0,0.0,0.0,0.0,0.0,0.0,0.0,0.0,0.0,0.0,0.0,0.0,0.0,0.0,0.0,0.0,0.0,0.0,0.0,0.0,0.0,0.0,0.0,0.0,0.0,0.0,0.0,0.0,0.0,0.0,0.0,0.0,0.0,0.0,0.0,0.07133574485905066,0.0,0.0,0.0,0.0,0.0,0.0,0.1888222165597524,0.0,0.0,0.10426426669104902,0.0,0.0,0.0,0.0,0.0,0.0,0.0,0.2633274015703398,0.17760666348058898,0.0,0.0,0.0,0.11203950322104278,0.0,0.0,0.0,0.0,0.0,0.0,0.10002548215958637,0.2564144588421832,0.0,0.0,0.0,0.0,0.0,0.0,0.0,0.0,0.0,0.0,0.24771196591860073,0.0,0.0,0.0,0.0,0.0,0.0,0.0,0.1428105530563761,0.0,0.1160286455933037,0.20250614160181818,0.0,0.15364373865880054,0.19074176269956347,0.21271339861650823,0.19476769677287323,0.0,0.0,0.0,0.0,0.0,0.0,0.0,0.17158944050243555,0.12156353448745931,0.0,0.0,0.0,0.0,0.0,0.26873583095266357,0.512629856798391,0.0,0.0,0.0,0.24743841770337552,0.09457871474786543,0.0,0.0,0.0,0.0,0.0,0.0,0.0,0.1316637007851699,0.0,0.0,0.0,0.0,0.11428768625545624,0.0,0.0
21.0,5.0,0.0,1,0.0,0.0,0.0,0.0,0.0,1.0,0.0,0.0,0.0,0.0,0.0,0.0,1.0,0.0,0.0,0.0,0.0,0.0,0.0,0.0,0.0,0.0,0.0,0.0,0.0,0.0,0.0,0.0,0.0,0.0,0.0,0.0,0.0,0.0,0.0,0.0,0.0,0.0,0.0,0.0,0.0,0.0,0.7832263602269648,0.0,0.0,0.0,0.6217366553820203,0.0,0.0,0.0,0.0,0.0,0.0,0.0,0.0,0.0,0.0,0.0,0.0,0.0,0.0,0.0,0.0,0.0,0.0,0.0,0.0,0.0,0.0,0.0,0.0,0.0,0.0,0.0,0.0,0.0,0.17875082139970938,0.26722556311418516,0.0,0.1899967523768576,0.0,0.0,0.0,0.0,0.1296709265240688,0.0,0.0,0.0,0.0,0.0925663662697917,0.0,0.16055774587460162,0.0,0.0,0.0,0.0,0.0,0.0,0.15768013323697244,0.0,0.0,0.15698350035564265,0.0,0.0,0.1659840560743771,0.0,0.0,0.0,0.0,0.08880315099067072,0.0,0.2099010929496798,0.0,0.0,0.18763085131715326,0.18301304575140878,0.0,0.0,0.0,0.16680453898980768,0.0,0.10995999537682383,0.0,0.1368852193327498,0.0,0.0,0.35957204266234893,0.10849865508306933,0.0,0.0,0.22051389656085252,0.10301084395100485,0.0,0.0,0.0,0.0,0.18884807798219788,0.0,0.0,0.0,0.0,0.0,0.0,0.0,0.0,0.15233801091837204,0.1079247475240973,0.0,0.18643980360973852,0.0,0.0,0.0,0.11929254454688766,0.19504949678564282,0.0,0.0,0.0,0.1464514221362648,0.08396748213478446,0.29377248754630825,0.14688624377315412,0.0,0.0,0.0,0.13271224815723345,0.0,0.0,0.0,0.0,0.0,0.0,0.20293042212433865,0.0,0.0
21.0,5.0,0.0,1,0.0,0.0,0.0,0.0,0.0,1.0,0.0,0.0,0.0,0.0,0.0,0.0,1.0,0.0,0.0,0.0,0.0,0.0,0.0,0.0,0.0,0.0,0.0,0.0,0.0,0.0,0.0,0.0,0.0,0.0,0.0,0.0,0.0,0.0,0.0,0.0,0.0,0.0,0.0,0.0,0.0,0.0,0.0,0.0,0.0,0.0,0.6456757622734037,0.0,0.0,0.0,0.0,0.0,0.0,0.0,0.0,0.0,0.0,0.0,0.0,0.0,0.0,0.0,0.0,0.0,0.0,0.0,0.7636116879754128,0.0,0.0,0.0,0.0,0.0,0.0,0.0,0.0,0.0,0.0,0.0,0.0,0.1307395535782995,0.0,0.0,0.0,0.0,0.0,0.0,0.0,0.0,0.0,0.19108882522065698,0.0,0.0,0.0,0.35506793679528037,0.0,0.0,0.0,0.0,0.0,0.0,0.0,0.0,0.0,0.0,0.0,0.0,0.0,0.0,0.0,0.0,0.0,0.43330806728853666,0.0,0.0,0.0,0.0,0.0,0.31985913322867865,0.38733462701611193,0.0,0.0,0.22699525955879807,0.0,0.2825781847818231,0.0,0.0,0.0,0.0,0.0,0.0,0.0,0.2126498203269077,0.0,0.0,0.0,0.0,0.0,0.0,0.0,0.0,0.0,0.0,0.0,0.0,0.0,0.0,0.22279380781252492,0.0,0.0,0.39241664775033824,0.0,0.0,0.0,0.0,0.0,0.0,0.0,0.0,0.0,0.0,0.0,0.0,0.0,0.0,0.0,0.0,0.0,0.0,0.0,0.0,0.0,0.0,0.0,0.0
21.0,5.0,0.0,1,0.0,0.0,0.0,0.0,0.0,1.0,0.0,0.0,0.0,0.0,0.0,0.0,1.0,0.0,0.0,0.0,0.0,0.0,0.0,0.0,0.0,0.0,0.0,0.0,0.0,0.0,0.0,0.0,0.0,0.0,0.0,0.0,0.0,0.0,0.0,0.0,0.0,0.0,0.0,0.6688084724494376,0.0,0.0,0.0,0.0,0.0,0.0,0.0,0.0,0.0,0.0,0.0,0.0,0.0,0.0,0.0,0.0,0.0,0.0,0.0,0.0,0.0,0.0,0.0,0.0,0.0,0.0,0.0,0.0,0.0,0.7434347497795957,0.0,0.0,0.0,0.0,0.0,0.0,0.0,0.0,0.0,0.0,0.0,0.0,0.0,0.0,0.0,0.0,0.0,0.0,0.0,0.0,0.0,0.0,0.0,0.0,0.0,0.0,0.0,0.0,0.0,0.0,0.0,0.0,0.0,0.0,0.0,0.6792186113730716,0.0,0.0,0.0,0.0,0.0,0.34349986817682304,0.0,0.0,0.0,0.0,0.0,0.0,0.0,0.0,0.0,0.5398434574952604,0.0,0.0,0.0,0.0,0.0,0.0,0.0,0.0,0.0,0.0,0.0,0.0,0.0,0.0,0.0,0.0,0.0,0.0,0.0,0.0,0.0,0.0,0.0,0.0,0.0,0.0,0.0,0.0,0.0,0.0,0.0,0.0,0.0,0.0,0.0,0.35949820573474983,0.0,0.0,0.0,0.0,0.0,0.0,0.0,0.0,0.0,0.0,0.0,0.0,0.0,0.0,0.0,0.0
21.0,5.0,0.0,1,0.0,0.0,1.0,0.0,0.0,0.0,0.0,1.0,0.0,0.0,0.0,0.0,0.0,0.0,0.0,0.0,0.0,0.0,0.0,0.0,0.0,0.0,0.0,0.0,0.0,0.0,0.0,0.0,0.0,0.0,0.0,0.0,0.0,0.0,0.0,0.0,0.0,0.0,0.0,0.0,0.0,0.0,0.0,0.0,0.0,0.0,0.0,0.0,0.0,0.0,0.0,0.0,0.0,0.0,0.0,0.0,0.0,0.0,0.0,0.0,0.0,0.0,0.0,0.0,0.0,0.0,0.0,0.0,0.0,0.0,0.0,0.0,0.0,0.0,0.0,0.0,0.0,0.0,0.0,0.15248920206400057,0.0,0.0,0.0,0.0,0.0,0.0,0.0,0.0,0.27464551122828795,0.0,0.12125449111459338,0.0,0.0,0.0,0.0,0.0,0.0,0.09381595305968872,0.0,0.0,0.0,0.0,0.319331530629439,0.0,0.0,0.0,0.0,0.0,0.0,0.07127238474306552,0.24360818956283706,0.3369283924682173,0.0,0.0,0.0,0.0,0.0,0.0,0.0,0.0,0.0,0.0,0.0,0.10986249822314964,0.0,0.0,0.0,0.0,0.15463392720010558,0.0,0.08849095500298601,0.0,0.0,0.0,0.10947765927868158,0.0,0.0,0.13878021800254367,0.0,0.0,0.2869266951412002,0.3938938364710259,0.0,0.1058021265889476,0.0,0.0,0.0,0.0,0.0,0.0,0.0,0.0,0.0,0.313088952897811,0.0,0.0,0.0,0.05877011112906078,0.0,0.11788920508872228,0.0,0.0,0.32843297783604475,0.0,0.10651331968809553,0.0,0.0,0.0,0.0,0.0,0.13878021800254367,0.08143480811417386,0.0,0.11697270621845308
21.0,5.0,1.0,1,0.0,0.0,1.0,0.0,0.0,0.0,0.0,1.0,0.0,0.0,0.0,0.0,0.0,0.0,0.0,0.0,0.0,0.0,0.0,0.0,0.0,0.0,0.0,0.0,0.0,0.0,0.0,0.0,0.0,0.0,0.0,0.0,0.0,0.0,0.0,0.0,0.0,0.0,0.0,0.0,0.0,0.0,0.0,0.0,0.0,0.0,0.0,0.0,0.0,0.0,0.0,0.0,0.0,0.0,0.0,0.0,0.0,0.0,0.0,0.0,0.0,0.0,0.0,0.0,0.0,0.0,0.0,0.0,0.0,0.0,0.0,0.0,0.0,0.0,0.0,0.0,0.0,0.0,0.0,0.17503737877928638,0.0,0.0,0.0,0.0,0.0,0.0,0.0,0.0,0.0,0.0,0.0,0.0,0.0,0.0,0.0,0.0,0.0,0.3230648128978282,0.0,0.0,0.5027795438800705,0.0,0.0,0.0,0.0,0.38236869271939067,0.0,0.0,0.0,0.0,0.0,0.193374553265756,0.0,0.0,0.0,0.0,0.0,0.0,0.0,0.0,0.0,0.0,0.0,0.0,0.0,0.0,0.0,0.0,0.0,0.0,0.0,0.0,0.0,0.0,0.0,0.4680253669831319,0.0,0.0,0.0,0.0,0.0,0.0,0.0,0.0,0.0,0.42103108267944334,0.0,0.0,0.0,0.0,0.0,0.0,0.0,0.17969229590756033,0.0,0.0,0.0,0.0,0.0,0.0,0.0,0.0,0.0,0.0,0.0,0.0,0.0,0.0,0.0,0.0,0.0,0.0,0.0,0.0
21.0,4.0,6.0,1,0.0,0.0,0.0,0.0,0.0,0.0,0.0,0.0,0.0,0.0,0.0,1.0,0.0,0.0,0.0,0.0,0.0,0.0,0.0,0.0,0.0,0.0,0.0,0.0,0.0,0.5991335806930311,0.0,0.0,0.0,0.0,0.0,0.0,0.0,0.0,0.0,0.0,0.0,0.0,0.0,0.0,0.0,0.0,0.0,0.5839547234555442,0.0,0.0,0.0,0.0,0.0,0.0,0.0,0.5477552678340082,0.0,0.0,0.0,0.0,0.0,0.0,0.0,0.0,0.0,0.0,0.0,0.0,0.0,0.0,0.0,0.0,0.0,0.0,0.0,0.0,0.0,0.0,0.0,0.10910431438226183,0.11157455468610132,0.08339982152735537,0.10068262654983175,0.11859415734292011,0.25105301644825956,0.08635620807322925,0.0,0.0,0.08093935328165525,0.0,0.10463763855821057,0.0,0.0,0.17333712395705975,0.09430224568782515,0.10021861078503565,0.0,0.0,0.0,0.0,0.0,0.0729626999672218,0.0,0.0,0.0,0.0,0.0,0.0,0.0,0.08635620807322925,0.0,0.32588475695982166,0.10068262654983175,0.11086015660147129,0.04736484218553636,0.0,0.36584630081343716,0.0,0.0,0.11423499439926893,0.09132676219527035,0.0,0.0,0.0,0.0,0.0,0.0,0.08544244591754192,0.0,0.0,0.0,0.0,0.0,0.0,0.0,0.06429838448670494,0.0,0.23129231172424514,0.0,0.10570137342391055,0.0,0.0,0.0,0.0,0.0,0.0,0.0,0.08228460689720798,0.0,0.09508793076802853,0.1347311922856501,0.0,0.0,0.11865402217244383,0.0,0.0,0.0,0.20291338687000507,0.1255909383003346,0.34912183173141903,0.3187373188489599,0.045706789149407935,0.10482340001506674,0.0,0.0,0.0,0.08514314832981651,0.11287918708024915,0.0,0.1171173845085307,0.0729626999672218,0.16623525370927733,0.0,0.0,0.0,0.12666723041319944,0.0,0.09097220877499328
21.0,1.0,0.0,0,1.0,0.0,0.0,0.0,0.0,0.0,0.0,0.0,0.0,0.0,0.0,1.0,0.0,0.0,0.0,0.0,0.0,0.0,0.0,0.0,0.0,0.0,0.0,0.0,0.0,0.0,0.0,0.0,0.0,0.0,0.0,0.0,0.0,0.0,0.0,0.0,0.0,0.0,0.0,0.0,0.0,0.0,0.0,0.0,0.0,0.0,0.0,0.0,0.0,0.0,0.0,0.0,0.0,0.0,0.0,0.0,0.0,0.0,0.0,0.0,0.0,0.0,0.0,0.0,0.0,0.0,0.0,0.0,0.0,0.0,0.0,0.0,0.0,0.0,0.0,0.11792287848412847,0.0,0.0,0.0,0.08545317072295024,0.09044828495653326,0.09333611313747589,0.10831897096246551,0.0,0.0,0.0,0.0,0.0,0.0,0.06244914242822975,0.0,0.0,0.10277359395687166,0.0,0.0,0.0,0.0,0.0,0.10637761311617373,0.08983576742096472,0.0,0.10590763543659673,0.0,0.0,0.11197978678770679,0.0,0.1234682554897223,0.0,0.0,0.05991031999818034,0.0,0.04720268558902905,0.0,0.10028182194593774,0.0,0.0,0.0,0.0,0.0,0.0,0.0,0.0,0.0,0.0,0.0,0.1015069393373245,0.0,0.07319773085621434,0.0,0.2566093883678806,0.07438394899069635,0.20848627178901552,0.0,0.0,0.09202500552888708,0.0,0.0,0.0,0.0,0.0,0.0,0.0,0.0,0.0,0.0,0.0,0.0,0.0,0.0,0.0,0.0,0.10831897096246551,0.0,0.04386284960068415,0.6787103259734085,0.0,0.4593331599737802,0.0,0.0,0.0,0.0,0.0,0.0,0.0,0.0,0.0,0.15772009843650056,0.0,0.0,0.11089673319060148,0.0,0.0,0.0,0.0
21.0,5.0,0.0,1,0.0,0.0,0.0,0.0,1.0,0.0,0.0,0.0,0.0,0.0,1.0,0.0,0.0,0.0,0.0,0.0,0.0,0.0,0.0,0.0,0.0,0.0,0.0,0.0,0.0,0.0,0.0,0.0,0.0,0.0,0.0,0.0,0.0,0.0,0.0,0.0,0.0,0.0,0.0,0.0,0.0,0.0,0.0,0.0,0.0,0.0,0.0,0.0,0.0,0.0,0.0,0.0,0.0,0.0,0.0,0.0,0.0,0.0,0.0,0.0,0.0,0.0,0.0,0.0,0.0,0.0,0.0,0.0,0.0,0.0,0.0,0.0,0.0,0.0,0.0,0.0,0.0,0.0,0.0,0.0,0.0,0.0,0.0,0.0,0.0,0.0,0.0,0.0,0.0,0.0,0.0,0.0,0.0,0.0,0.0,0.0,0.0,0.0,0.0,0.0,0.0,0.0,0.0,0.0,0.0,0.0,0.0,0.0,0.0,0.0,0.0,0.0,0.0,0.0,0.0,0.0,0.0,0.0,0.0,0.0,0.0,0.0,0.0,0.0,0.0,0.0,0.0,0.0,0.0,0.0,0.0,0.0,0.0,0.0,0.0,0.0,0.0,0.0,0.0,0.0,0.0,0.0,0.0,0.0,0.0,0.0,0.0,0.0,0.0,0.0,0.0,0.0,0.0,0.0,0.0,0.0,0.0,0.0,0.0,0.0,0.0,0.0,0.0,0.0,0.0,0.0,0.0,0.0,0.0,0.0,0.0,0.0,0.0,0.0
21.0,4.0,3.0,1,0.0,0.0,0.0,0.0,0.0,1.0,0.0,0.0,0.0,0.0,0.0,0.0,0.0,0.0,0.0,0.0,0.0,0.0,0.0,0.0,0.0,1.0,0.0,0.0,0.5564509594349828,0.0,0.0,0.0,0.0,0.0,0.0,0.8308804545443869,0.0,0.0,0.0,0.0,0.0,0.0,0.0,0.0,0.0,0.0,0.0,0.0,0.0,0.0,0.0,0.0,0.0,0.0,0.0,0.0,0.0,0.0,0.0,0.0,0.0,0.0,0.0,0.0,0.0,0.0,0.0,0.0,0.0,0.0,0.0,0.0,0.0,0.0,0.0,0.0,0.0,0.0,0.0,0.0,0.0,0.0,0.0,0.14298213051500167,0.0,0.0,0.0,0.0,0.4391275797478192,0.0,0.0,0.0,0.0,0.0,0.17054216206207543,0.0,0.0,0.0,0.0,0.0,0.0,0.0,0.0,0.0,0.0,0.0,0.0,0.0,0.0,0.0,0.0,0.0,0.0,0.20048653831576854,0.4282879232160871,0.31592229963850915,0.0,0.0,0.0,0.0,0.0,0.0,0.0,0.0,0.0,0.0,0.20294706129312226,0.0,0.0,0.0,0.0,0.0,0.0,0.0,0.0,0.0,0.0,0.20914184292262736,0.0,0.0,0.0,0.0,0.0,0.16325691664706138,0.0,0.0,0.0,0.0,0.0,0.0,0.24365643322704525,0.19018780559551854,0.0,0.0,0.0,0.0,0.13466047677518608,0.14678457530144146,0.0,0.0,0.0,0.08265905637347722,0.37913856966770515,0.0,0.0,0.0,0.1539782694996155,0.0,0.0,0.0,0.0,0.0,0.0,0.0,0.0,0.11453652656689084,0.0,0.0
21.0,5.0,1.0,1,0.0,0.0,0.0,0.0,0.0,1.0,0.0,0.0,0.0,0.0,0.0,0.0,1.0,0.0,0.0,0.0,0.0,0.0,0.0,0.0,0.0,0.0,0.0,0.0,0.0,0.0,0.0,0.0,0.0,0.0,0.0,0.0,0.0,0.0,0.0,0.0,0.0,0.0,0.0,0.0,0.0,0.0,0.0,0.0,0.0,0.0,0.0,0.0,0.0,0.0,0.0,0.0,0.0,0.0,0.0,0.0,0.0,0.0,0.0,0.0,0.0,0.0,0.0,0.0,0.0,0.0,0.0,0.0,0.0,0.0,0.0,0.0,0.0,0.0,0.0,0.14724248143439278,0.0,0.0,0.0,0.21339941944136792,0.0,0.0,0.0,0.3141065204011901,0.0,0.0,0.0,0.0,0.14413117090012645,0.15595220898241505,0.0,0.13525071874055375,0.0,0.0,0.0,0.0,0.0,0.0,0.0,0.0,0.0,0.0,0.25137290907711407,0.0,0.0,0.0,0.0,0.32985001932386504,0.13587693442249166,0.0,0.12784310016764347,0.4125720515041598,0.0,0.0,0.0,0.0,0.0,0.0,0.0,0.0,0.0,0.1852563179236312,0.0,0.23061888666738473,0.0,0.0,0.0,0.09139715435360944,0.0,0.0,0.0,0.17354865822949198,0.15144824357173797,0.0,0.0,0.0,0.0,0.0,0.0,0.12182966887815186,0.0,0.0,0.0,0.0,0.0,0.1283265740682987,0.09091370580107291,0.0,0.0,0.0,0.0,0.0,0.0,0.10953726538921896,0.0,0.0,0.14338471709021086,0.18505173945307052,0.0,0.24746822316421085,0.12373411158210543,0.0,0.11490552420589678,0.0,0.11179421367163045,0.0,0.09846731594578863,0.0,0.0,0.13846939955887924,0.0,0.08547231806579098,0.0,0.0
21.0,5.0,2.0,1,0.0,0.0,1.0,0.0,0.0,0.0,0.0,1.0,0.0,0.0,0.0,0.0,0.0,0.0,0.0,0.0,0.0,0.0,0.0,0.0,0.0,0.0,0.0,0.0,0.0,0.0,0.0,0.0,0.0,0.0,0.0,0.0,0.0,0.0,0.0,0.0,0.0,0.0,0.0,0.0,0.0,0.0,0.0,0.0,0.0,0.0,0.0,0.0,0.0,0.0,0.0,0.0,0.0,0.0,0.0,0.0,0.0,0.0,0.0,0.0,0.0,0.0,0.0,0.0,0.0,0.0,0.0,0.0,0.0,0.0,0.0,0.0,0.0,0.0,0.0,0.0,0.4210840054687642,0.3147521493849485,0.0,0.149192029609389,0.0,0.16295479778015695,0.0,0.0,0.0,0.0,0.0,0.4260077072548714,0.0,0.0,0.0,0.0,0.0,0.0,0.0,0.0,0.0,0.1376811497856715,0.0,0.15684357127606446,0.0,0.0,0.0,0.0,0.0,0.0,0.0,0.0,0.0,0.10459696415543264,0.2681334134201928,0.16482160712030208,0.0,0.0,0.0,0.0,0.0,0.0,0.0,0.0,0.21176131498757608,0.0,0.0,0.0,0.0,0.0,0.0,0.25559070393411354,0.0,0.0,0.12986636103021496,0.0,0.0,0.0,0.0,0.0,0.0,0.0,0.0,0.0,0.0,0.0,0.0,0.0,0.0,0.0,0.0,0.0,0.0,0.0,0.0,0.1891132533336239,0.0,0.30631923899436636,0.0,0.0,0.0,0.0862490462377191,0.09890126218603051,0.0,0.0,0.0,0.0,0.0,0.15631537967551778,0.0,0.0,0.0,0.0,0.0,0.20366919866965066,0.0,0.0,0.0
21.0,3.0,0.0,0,0.0,0.0,0.0,0.0,0.0,1.0,0.0,0.0,0.0,0.0,0.0,0.0,0.0,0.0,0.0,0.0,0.0,0.0,0.0,0.0,0.0,1.0,0.0,0.0,0.0,0.0,0.0,0.0,0.0,0.0,0.0,0.0,0.0,0.0,0.0,0.0,0.0,0.0,0.0,0.0,0.0,0.0,0.0,0.0,0.0,0.0,0.4036706256479034,0.0,0.0,0.0,0.0,0.0,0.0,0.0,0.0,0.0,0.0,0.0,0.0,0.0,0.0,0.0,0.0,0.0,0.0,0.9149043807901623,0.0,0.0,0.0,0.0,0.0,0.0,0.0,0.0,0.0,0.0,0.0,0.0,0.0,0.08467364477658065,0.0,0.0,0.0,0.0,0.17336680495313245,0.0,0.0,0.0,0.0,0.2475178607339783,0.0,0.0,0.0,0.22996021883883208,0.0,0.0,0.0,0.0,0.0,0.0,0.0,0.0,0.13298793074114107,0.0,0.0,0.18496935389916036,0.0,0.0,0.0,0.0,0.20290479288217642,0.2806325428244856,0.0,0.0,0.0,0.0,0.0,0.0,0.25085778343269,0.0,0.0,0.0,0.0,0.0,0.0,0.0,0.0,0.2901200088205162,0.0,0.0,0.0,0.13772293736172692,0.0,0.0,0.0,0.0,0.0,0.0,0.0,0.0,0.0,0.0,0.0,0.0,0.0,0.0,0.14429270427209673,0.0,0.0,0.25414916088212713,0.49235955486266314,0.21466171453313412,0.15949116627144927,0.17385088532376403,0.0,0.0,0.0,0.19580191039888936,0.0,0.0,0.0,0.0,0.0,0.0,0.0,0.0,0.1562813348662894,0.0,0.0,0.0,0.0,0.13565646461605593,0.0,0.0
21.0,5.0,0.0,1,0.0,0.0,1.0,0.0,0.0,0.0,0.0,1.0,0.0,0.0,0.0,0.0,0.0,0.0,0.0,0.0,0.0,0.0,0.0,0.0,0.0,0.0,0.0,0.0,0.0,0.0,0.0,0.0,0.0,0.0,0.6323026421114005,0.0,0.0,0.4476457724114953,0.0,0.0,0.0,0.0,0.0,0.0,0.0,0.0,0.0,0.0,0.0,0.0,0.0,0.0,0.0,0.0,0.0,0.0,0.0,0.0,0.0,0.0,0.0,0.0,0.0,0.0,0.0,0.0,0.0,0.6323026421114005,0.0,0.0,0.0,0.0,0.0,0.0,0.0,0.0,0.0,0.0,0.0,0.0,0.0,0.0,0.0,0.42317845352146766,0.0,0.18488644332825827,0.0,0.0,0.17328909510298085,0.0,0.0,0.0,0.0,0.0,0.20189870759847028,0.0,0.20358083935594276,0.0,0.0,0.0,0.22181708459769792,0.1562112833987248,0.0,0.17795272337581247,0.0,0.0,0.0,0.0,0.0,0.0,0.0,0.0,0.0,0.0,0.10140692146952668,0.09350225074450344,0.0,0.0,0.0,0.2445742152109591,0.19552827318043864,0.0,0.0,0.0,0.0,0.1469478826685248,0.0,0.0,0.0,0.0,0.0,0.0,0.0,0.0,0.1473447233585149,0.13766120450100014,0.0,0.0,0.1822893132954749,0.0,0.0,0.0,0.0,0.0,0.0,0.0,0.0,0.0,0.0,0.0,0.0,0.0,0.0,0.2540352411890599,0.0,0.0,0.15941967603065715,0.17377295848966862,0.0,0.0,0.0,0.09785707212413333,0.0,0.19629522938436894,0.0,0.0,0.1822893132954749,0.0,0.1773534438961577,0.0,0.0,0.0,0.22402652065141715,0.0,0.0,0.27119131606008323,0.0,0.0
21.0,3.0,0.0,0,0.0,0.0,0.0,0.0,0.0,1.0,0.0,0.0,1.0,0.0,0.0,0.0,0.0,0.0,0.0,0.0,0.0,0.0,0.0,0.0,0.0,0.0,0.0,0.0,0.0,0.0,0.0,0.0,0.0,0.0,0.0,0.0,0.0,0.0,0.0,0.0,0.0,0.0,0.0,0.0,0.0,0.0,0.0,0.0,0.0,0.0,0.0,0.0,0.0,0.0,0.0,0.0,0.0,0.0,0.0,0.0,0.0,0.0,0.0,0.0,0.0,0.0,0.0,0.0,0.0,0.0,0.0,0.0,0.0,0.0,0.0,0.0,0.0,0.0,0.0,0.0,0.0,0.0,0.0,0.0,0.0,0.0,0.0,0.0,0.0,0.0,0.0,0.0,0.0,0.4802757221640468,0.0,0.0,0.0,0.0,0.0,0.0,0.0,0.0,0.0,0.0,0.0,0.0,0.0,0.0,0.0,0.0,0.4747767804642883,0.0,0.0,0.0,0.19685497774394756,0.18151012990616666,0.0,0.0,0.0,0.0,0.0,0.0,0.0,0.0,0.0,0.0,0.0,0.0,0.0,0.0,0.0,0.0,0.0,0.0,0.0,0.0,0.0,0.0,0.0,0.0,0.0,0.0,0.0,0.0,0.46371961704182363,0.0,0.0,0.0,0.0,0.0,0.0,0.0,0.0,0.0,0.0,0.0,0.0,0.16866734232861683,0.0,0.0,0.0,0.189963875008995,0.21783043207639058,0.0,0.381055774613127,0.0,0.0,0.0,0.0,0.0,0.0,0.0,0.0,0.0,0.0,0.0,0.0,0.0
21.0,5.0,0.0,1,0.0,0.0,0.0,0.0,0.0,0.0,0.0,0.0,0.0,0.0,0.0,1.0,0.0,0.0,0.0,0.0,0.0,0.0,0.0,0.0,0.0,0.0,0.0,0.0,0.0,0.0,0.0,0.0,0.0,0.0,0.0,0.0,0.0,0.0,0.0,0.0,0.0,0.0,0.0,0.5644713826502238,0.0,0.0,0.0,0.0,0.0,0.0,0.0,0.0,0.0,0.0,0.0,0.0,0.0,0.8254526383560383,0.0,0.0,0.0,0.0,0.0,0.0,0.0,0.0,0.0,0.0,0.0,0.0,0.0,0.0,0.0,0.0,0.0,0.0,0.0,0.0,0.24908728123670093,0.0,0.0,0.0,0.0,0.08407603575696833,0.17798130077154864,0.0,0.0,0.0,0.0,0.0,0.0,0.0,0.0,0.12288546550977135,0.0,0.0,0.0,0.0,0.0,0.24908728123670093,0.0,0.0,0.0,0.1767760079594377,0.0,0.0,0.0,0.2523554288268835,0.0,0.0,0.0,0.0,0.0,0.0,0.10073636647291505,0.0,0.0,0.0,0.0,0.0,0.0,0.0,0.0,0.0,0.0,0.145976187289778,0.0,0.0,0.0,0.0,0.0,0.1440362009912685,0.0,0.16831597103197457,0.0,0.13675091743991963,0.0,0.24595824667749203,0.0,0.0,0.0,0.0,0.2575473181641641,0.19199594120120625,0.0,0.0,0.0,0.0,0.0,0.0,0.0,0.0,0.0,0.0,0.0,0.0,0.0,0.258935822759766,0.26710898215898915,0.49501223780045484,0.0,0.0,0.0,0.0,0.0,0.0,0.0,0.0,0.0,0.0,0.0,0.1767760079594377,0.2225451414652689,0.0,0.0,0.0,0.0,0.0
21.0,5.0,1.0,1,1.0,0.0,0.0,0.0,0.0,0.0,0.0,0.0,0.0,0.0,0.0,0.0,0.0,0.0,0.0,0.0,0.0,1.0,0.0,0.0,0.0,0.0,0.0,0.0,0.0,0.0,0.0,0.0,0.0,0.0,0.0,0.0,0.0,0.0,0.0,0.0,0.0,0.0,0.0,0.0,0.0,0.0,0.0,0.0,0.0,0.0,0.0,0.0,0.0,0.0,0.0,0.0,0.0,0.0,0.0,0.0,0.0,0.0,0.0,0.0,0.0,0.0,0.0,0.0,0.0,0.0,0.0,0.0,0.0,0.0,0.0,0.0,0.0,0.0,0.2860424693290458,0.0,0.0,0.0,0.0,0.09654975862242823,0.40877406918830816,0.0,0.0,0.0,0.0,0.0,0.0,0.0,0.0,0.0,0.23031975426205903,0.0,0.23223867775407053,0.26221386454112916,0.0,0.0,0.0,0.0,0.0,0.0,0.0,0.0,0.0,0.0,0.0,0.0,0.0,0.19898173313179976,0.0,0.0,0.0,0.0,0.0,0.0,0.0,0.0,0.0,0.0,0.0,0.0,0.0,0.16763356550480932,0.0,0.0,0.0,0.0,0.0,0.0,0.0,0.0,0.0,0.0,0.0,0.0,0.0,0.0,0.0,0.0,0.29575765768122375,0.0,0.0,0.0,0.0,0.0,0.0,0.0,0.16453083843512026,0.0,0.0,0.28979548715551307,0.0,0.0,0.0,0.0,0.3067379131418603,0.2842267219456811,0.2594901122307623,0.0,0.12800808483556952,0.0,0.0,0.0,0.0,0.0,0.0,0.0,0.0,0.20300292164174227,0.0,0.0,0.0,0.0,0.0,0.0
21.0,5.0,4.0,1,1.0,0.0,0.0,0.0,0.0,1.0,0.0,0.0,0.0,0.0,0.0,0.0,0.0,0.0,0.0,0.0,0.0,0.0,0.0,0.0,0.0,0.0,0.0,0.0,0.0,0.0,0.0,0.0,0.0,0.0,0.0,0.0,0.0,0.0,0.0,0.0,0.0,0.0,0.0,0.0,0.0,0.0,0.0,0.0,0.0,0.0,0.0,0.0,0.0,0.0,0.0,0.0,0.0,0.0,0.0,0.0,0.0,0.0,0.0,0.0,0.0,0.0,0.0,0.0,0.0,0.0,0.0,0.0,0.0,0.0,0.0,0.0,0.0,0.0,0.0,0.0,0.0,0.0,0.14366728371616058,0.5076774722885723,0.0,0.12322445560921014,0.1430051646712553,0.0,0.11549497098154071,0.0,0.1493108177773956,0.0,0.0,0.0,0.0,0.0,0.0,0.0,0.0,0.0,0.0,0.10411282736748857,0.14044213996719868,0.0,0.0,0.0,0.0885950295155723,0.0,0.0,0.0,0.0,0.0,0.0,0.0790949646282752,0.06758641936176223,0.0,0.0,0.13239433806919826,0.0,0.163005594044082,0.0,0.0,0.0,0.0,0.0,0.0,0.0,0.0,0.0,0.0,0.0,0.09663730611217113,0.34321189185166506,0.11292718014112493,0.0,0.0,0.16013135614232296,0.0,0.0,0.0,0.0,0.15401219523643775,0.0,0.0,0.0,0.0,0.0,0.0,0.0,0.2713680640993532,0.09612613958744318,0.0,0.0,0.0,0.0,0.0,0.0,0.34745237926622746,0.0,0.0,0.0,0.19566147019116556,0.2243638301778444,0.0,0.13082826595689567,0.0,0.12149350157777876,0.0,0.0,0.0,0.0,0.11860321972459803,0.0,0.1464083848887522,0.0,0.0903727760832031,0.0,0.0
21.0,5.0,0.0,1,0.0,0.0,0.0,0.0,0.0,1.0,0.0,0.0,0.0,0.0,0.0,0.0,1.0,0.0,0.0,0.0,0.0,0.0,0.0,0.0,0.0,0.0,0.0,0.0,0.0,0.0,0.0,0.0,0.0,0.0,0.0,0.0,0.0,0.0,0.0,0.0,0.0,0.0,0.0,0.0,0.0,0.0,0.0,0.0,0.0,0.0,0.0,0.0,0.0,0.0,0.0,0.0,0.0,0.0,0.6085428314279185,0.0,0.0,0.7935210282769398,0.0,0.0,0.0,0.0,0.0,0.0,0.0,0.0,0.0,0.0,0.0,0.0,0.0,0.0,0.0,0.0,0.15761835935077997,0.0,0.0,0.0,0.0,0.05320194090575789,0.0,0.0,0.0,0.0,0.2178588281270647,0.1348757323657712,0.0,0.15191452871919878,0.0,0.0,0.2538267962656988,0.1348757323657712,0.0,0.0,0.0,0.0,0.139434077142299,0.0,0.0,0.0,0.0,0.0,0.0,0.1596863897163741,0.0,0.0,0.1537391948532355,0.10964516699417363,0.0,0.07459864337912057,0.254977303242255,0.235101819446111,0.0,0.0,0.0,0.0,0.0,0.0,0.0,0.0,0.0,0.0,0.0,0.0,0.0,0.12639358241386608,0.0,0.0,0.0,0.10650759474701076,0.27786239586382727,0.0,0.0,0.0,0.22917389089624476,0.0,0.0,0.14525704490133043,0.0,0.12149189273693065,0.15015873457826587,0.1374255772043352,0.2920779257014522,0.0,0.0,0.0,0.0,0.0,0.0,0.0,0.0,0.2697514647315424,0.10021110612816006,0.21846714055627292,0.0,0.0,0.0,0.0615128927883201,0.21160939173904486,0.0,0.0,0.0,0.22917389089624476,0.0,0.0,0.0,0.09819431257704565,0.11186096780537501,0.0,0.0,0.14525704490133043,0.0,0.0,0.0
21.0,5.0,19.0,1,1.0,0.0,0.0,0.0,0.0,1.0,0.0,0.0,1.0,0.0,0.0,0.0,0.0,0.0,0.0,0.0,0.0,0.0,0.0,0.0,0.0,0.0,0.0,0.0,1.0,0.0,0.0,0.0,0.0,0.0,0.0,0.0,0.0,0.0,0.0,0.0,0.0,0.0,0.0,0.0,0.0,0.0,0.0,0.0,0.0,0.0,0.0,0.0,0.0,0.0,0.0,0.0,0.0,0.0,0.0,0.0,0.0,0.0,0.0,0.0,0.0,0.0,0.0,0.0,0.0,0.0,0.0,0.0,0.0,0.0,0.0,0.0,0.0,0.0,0.0,0.0,0.0,0.0,0.0,0.35506323869296297,0.0,0.15512694186643916,0.0,0.0,0.0,0.0,0.0,0.0,0.19184937042612152,0.10379202820246086,0.0,0.18002882428559325,0.0,0.0,0.21174996735618234,0.0,0.0,0.0,0.0,0.1493092802108924,0.0,0.0,0.0,0.0,0.0,0.0,0.0,0.14635168355584816,0.0,0.0,0.0850843649132683,0.47071222598634577,0.0,0.16667088268776373,0.0,0.0,0.0,0.0,0.0,0.18703317536164918,0.0,0.0,0.0,0.0,0.0,0.0,0.0,0.0,0.21603427230383496,0.0,0.1236279735998869,0.23100624668273584,0.0,0.0,0.1529478484058123,0.0,0.0,0.0,0.0,0.0,0.0,0.0,0.0,0.0,0.0,0.0,0.0,0.0,0.0,0.0,0.0,0.0,0.13375933016390343,0.4374068830194082,0.0,0.0,0.0,0.08210590276577734,0.0,0.0,0.0,0.0,0.0,0.0,0.1488064613382447,0.0,0.0,0.0,0.0,0.0,0.0,0.11377004923623239,0.0,0.0
21.0,5.0,0.0,1,0.0,0.0,0.0,0.0,0.0,0.0,0.0,0.0,0.0,0.0,0.0,0.0,0.0,0.0,0.0,0.0,0.0,1.0,0.0,0.0,0.0,0.0,0.0,0.0,0.0,0.0,0.0,0.0,0.0,0.0,0.0,0.0,0.0,0.0,0.0,0.0,0.0,0.0,0.0,0.0,0.0,0.0,0.0,0.0,0.0,0.0,0.0,0.0,0.0,0.0,0.0,0.0,0.0,0.0,0.0,0.0,0.0,0.0,0.0,0.0,0.0,0.0,0.0,0.0,0.0,0.0,0.0,0.0,0.0,0.0,0.0,0.0,0.0,0.0,0.0,0.0,0.0,0.0,0.0,0.15853658367696374,0.22373832708816677,0.0,0.0,0.0,0.108199668868953,0.0,0.0,0.0,0.0,0.15447796120951807,0.12606317376313816,0.0,0.0,0.14352009047014527,0.0,0.0,0.13849997363472066,0.0,0.1315710364750579,0.0,0.0,0.0,0.08299887670911785,0.0,0.0,0.0,0.0,0.10891062679297342,0.0,0.07409888854250407,0.06331728674272458,0.0,0.0,0.0,0.0,0.0,0.0,0.0,0.0,0.1391845988019955,0.0,0.09175252624107355,0.0,0.0,0.0,0.12554684041873893,0.0,0.09053315856839986,0.16076636382796416,0.0,0.18400061778272345,0.0,0.0,0.0,0.0,0.0,0.15757810985039358,0.0,0.32375988860794586,0.12067798837815558,0.0,0.0,0.0,0.0,0.0,0.0,0.18010856030561617,0.0,0.1555686039678446,0.0,0.0,0.13397216634179637,0.0,0.05425089373277313,0.0,0.4667058119035339,0.42608781707985094,0.0,0.0700639226253778,0.0,0.0,0.0,0.0,0.0,0.0,0.0,0.09753648449310565,0.11111158340430445,0.0,0.0,0.0,0.1693286619126205,0.0,0.0
21.0,4.0,3.0,1,0.0,0.0,0.0,0.0,1.0,0.0,0.0,0.0,0.0,0.0,0.0,0.0,0.0,0.0,0.0,0.0,1.0,0.0,0.0,0.0,0.0,0.0,0.0,0.0,0.0,0.0,0.0,0.0,0.0,0.0,0.0,0.0,0.0,0.0,0.0,0.0,0.0,0.0,0.0,0.0,0.0,0.0,0.0,0.0,0.0,0.0,0.0,0.0,0.0,0.0,0.0,0.0,0.0,0.0,0.0,0.0,0.0,0.0,0.0,0.0,0.0,0.0,0.0,0.0,0.0,0.0,0.0,0.0,0.0,0.0,0.0,0.0,0.0,0.0,0.0,0.0,0.1631307765016098,0.0,0.0,0.23119198375570835,0.0,0.1262595698307126,0.14652749314814886,0.0,0.0,0.0,0.15298845939666575,0.0,0.0,0.0,0.0,0.0,0.0,0.0,0.0,0.0,0.0,0.0,0.0,0.12152450931052015,0.0,0.0,0.09077719402754152,0.0,0.151479628134139,0.0,0.0,0.23823457598579323,0.0,0.0,0.1385022509180626,0.25541199764969585,0.0,0.0,0.0,0.0,0.1335269109897524,0.0,0.0,0.0,0.0,0.0,0.0,0.0,0.0,0.0,0.0,0.29705267446301437,0.17583273389903864,0.0,0.3018666115239402,0.0,0.0,0.0,0.0,0.0,0.1723456897195695,0.0,0.0,0.13198743886920322,0.1631307765016098,0.0,0.0,0.0,0.0,0.0,0.0,0.30752021880915825,0.0,0.0,0.0,0.0,0.10886822936198433,0.47468053562286094,0.0,0.0,0.0,0.1336538429629435,0.07663002863020525,0.0,0.0,0.0,0.0,0.0,0.1211152593517482,0.0,0.0,0.0,0.0,0.0,0.0,0.0,0.0,0.0
22.0,5.0,4.0,1,0.0,0.0,0.0,0.0,0.0,0.0,0.0,0.0,0.0,0.0,0.0,0.0,0.0,0.0,0.0,0.0,0.0,0.0,1.0,0.0,0.0,0.0,0.0,0.0,0.0,0.0,0.0,0.0,0.0,0.0,0.6014888062644819,0.0,0.0,0.0,0.0,0.0,0.0,0.0,0.0,0.0,0.0,0.0,0.0,0.0,0.0,0.0,0.0,0.0,0.0,0.0,0.0,0.0,0.0,0.0,0.471165474484636,0.0,0.0,0.0,0.0,0.0,0.0,0.0,0.6451467364810867,0.0,0.0,0.0,0.0,0.0,0.0,0.0,0.0,0.0,0.0,0.0,0.0,0.0,0.0,0.10776664333357701,0.0,0.20432488578133703,0.32440286305078087,0.0,0.0,0.0,0.0,0.0,0.0,0.0,0.0,0.0,0.0,0.0,0.2457393057380788,0.0,0.0,0.0,0.0,0.0,0.0,0.1074020001953981,0.0,0.0,0.08022786733309356,0.0,0.1338759986999037,0.0,0.0,0.0,0.0,0.1432500302468464,0.0,0.0,0.0,0.0,0.3026708492500164,0.0,0.0,0.0,0.0,0.0,0.0,0.0,0.0,0.0,0.0,0.0,0.0,0.0,0.0,0.0,0.0,0.0,0.0,0.0,0.11001931575294271,0.0,0.1523171902191324,0.0,0.0,0.0,0.0,0.0,0.0,0.21265119567255736,0.0,0.0,0.08704771832271123,0.1358914625042262,0.1503747739149308,0.15332101979808124,0.0,0.1294993572655909,0.0,0.0,0.1622846860565772,0.6014990956597231,0.27457493576074243,0.0,0.0,0.0,0.0,0.0,0.0,0.0,0.0,0.0,0.0,0.0,0.0,0.0,0.0,0.0,0.0,0.0
22.0,5.0,0.0,1,0.0,0.0,0.0,0.0,0.0,1.0,0.0,0.0,0.0,0.0,0.0,0.0,1.0,0.0,0.0,0.0,0.0,0.0,0.0,0.0,0.0,0.0,0.0,0.0,1.0,0.0,0.0,0.0,0.0,0.0,0.0,0.0,0.0,0.0,0.0,0.0,0.0,0.0,0.0,0.0,0.0,0.0,0.0,0.0,0.0,0.0,0.0,0.0,0.0,0.0,0.0,0.0,0.0,0.0,0.0,0.0,0.0,0.0,0.0,0.0,0.0,0.0,0.0,0.0,0.0,0.0,0.0,0.0,0.0,0.0,0.0,0.0,0.0,0.0,0.0,0.0,0.0,0.0,0.0,0.11563950832043685,0.0,0.0,0.2931653076861449,0.0,0.0,0.0,0.0,0.0,0.0,0.16901861134788557,0.0,0.0,0.0,0.0,0.0,0.0,0.0,0.0,0.0,0.0,0.0,0.0,0.0,0.0,0.0,0.0,0.33416684804602487,0.0,0.0,0.0,0.0,0.38326222234280394,0.0,0.0,0.0,0.0,0.0,0.0,0.0,0.30457144082344856,0.0,0.0,0.0,0.0,0.0,0.0,0.0,0.0,0.0,0.0,0.20132016671691289,0.1880893730626481,0.0,0.0,0.0,0.0,0.0,0.0,0.0,0.0,0.0,0.0,0.3174296571172046,0.24070371670383836,0.0,0.0,0.0,0.0,0.0,0.0,0.0,0.0,0.21781842623815575,0.35614442285363573,0.0,0.0,0.0,0.13370415733534316,0.306635504896796,0.0,0.0,0.0,0.0,0.0,0.0,0.0,0.0,0.0,0.0,0.0,0.0,0.0,0.0,0.0
22.0,5.0,2.0,1,1.0,0.0,0.0,0.0,0.0,1.0,0.0,0.0,0.0,0.0,0.0,0.0,0.0,0.0,0.0,0.0,0.0,0.0,0.0,0.0,0.0,0.0,0.0,0.0,0.0,0.0,0.0,0.0,0.0,0.0,0.0,0.0,0.0,0.0,0.0,0.0,0.0,0.0,0.0,0.413396260567959,0.0,0.6045284924280948,0.0,0.0,0.0,0.0,0.0,0.0,0.0,0.0,0.0,0.0,0.0,0.0,0.0,0.0,0.0,0.0,0.0,0.0,0.0,0.0,0.0,0.0,0.0,0.0,0.5024809202812207,0.0,0.0,0.45952340347840864,0.0,0.0,0.0,0.0,0.0,0.0,0.0,0.0,0.0,0.12491990666090201,0.0,0.0,0.0,0.0,0.2557698460954178,0.0,0.0,0.0,0.0,0.0,0.29799683204899036,0.0,0.0,0.0,0.3724940133897843,0.0,0.32739579807472574,0.0,0.0,0.2626532306781552,0.0,0.0,0.0,0.0,0.0,0.27288720693645285,0.0,0.0,0.0,0.0,0.14967377307762741,0.27601340140052966,0.0,0.0,0.0,0.0,0.0,0.0,0.0,0.0,0.0,0.0,0.0,0.0,0.0,0.0,0.0,0.0,0.0,0.0,0.21747668076853496,0.0,0.0,0.0,0.26905391582035565,0.0,0.0,0.0,0.0,0.0,0.0,0.0,0.0,0.0,0.0,0.0,0.21287652370557797,0.0,0.0,0.0,0.0,0.0,0.0,0.0,0.0,0.0,0.0,0.1444342949662459,0.0,0.0,0.28972625530226537,0.0,0.26905391582035565,0.0,0.0,0.0,0.0,0.0,0.0,0.0,0.0,0.0,0.0,0.0
22.0,5.0,0.0,1,0.0,0.0,0.0,0.0,0.0,1.0,0.0,0.0,0.0,0.0,0.0,0.0,0.0,0.0,0.0,0.0,0.0,0.0,0.0,0.0,0.0,0.0,0.0,0.0,0.0,0.0,0.0,0.0,0.0,0.0,0.0,0.0,0.0,0.0,0.0,0.0,0.6542415607980496,0.0,0.0,0.0,0.0,0.0,0.0,0.0,0.0,0.0,0.0,0.0,0.0,0.0,0.0,0.0,0.0,0.0,0.0,0.0,0.0,0.0,0.0,0.0,0.0,0.0,0.0,0.0,0.0,0.0,0.0,0.0,0.0,0.0,0.0,0.0,0.0,0.7562856471760733,0.0,0.0,0.0,0.21524161663198793,0.0,0.20404838349464766,0.0,0.22287157803801125,0.0,0.0,0.0,0.0,0.0,0.0,0.2756308570131045,0.0,0.0,0.0,0.0,0.0,0.0,0.0,0.0,0.0,0.5080251513837539,0.21451331726098086,0.0,0.0,0.160238598229879,0.0,0.0,0.22287157803801125,0.0,0.0,0.0,0.0,0.12224109136960055,0.0,0.0,0.0,0.0,0.0,0.0,0.0,0.0,0.0,0.0,0.0,0.0,0.0,0.31698904477439727,0.0,0.0,0.0,0.0,0.0,0.177616868058748,0.0,0.0,0.0,0.0,0.0,0.0,0.0,0.0,0.0,0.0,0.0,0.0,0.2123634258218813,0.0,0.0,0.0,0.2714151352506821,0.0,0.0,0.0,0.0,0.19217263379434926,0.10473740741002961,0.0,0.0,0.0,0.0,0.1352662251963213,0.0,0.0,0.0,0.21974086462086442,0.0,0.0,0.0,0.0,0.0,0.0,0.0,0.0,0.1634539436004121,0.0,0.0
22.0,4.0,0.0,1,0.0,1.0,0.0,1.0,0.0,0.0,0.0,0.0,0.0,1.0,0.0,0.0,0.0,0.0,0.0,0.0,0.0,0.0,0.0,0.0,0.0,0.0,0.0,0.0,0.0,0.0,0.0,0.0,0.0,0.0,0.0,0.0,0.0,0.0,0.0,0.0,0.0,0.0,0.0,0.0,0.0,0.0,0.0,0.0,0.0,0.0,0.0,0.0,0.0,0.0,0.0,0.0,0.0,0.0,0.0,0.0,0.0,0.0,0.0,0.0,0.0,0.0,0.0,0.0,0.0,0.0,0.0,0.0,0.0,0.0,0.0,0.0,0.0,0.0,0.21039670671404131,0.0,0.0,0.0,0.0,0.2840662268906204,0.0,0.15513548103182348,0.0,0.0,0.0,0.0,0.0,0.0,0.0,0.2075954831407773,0.0,0.0,0.17082167234010198,0.0,0.0,0.0,0.0,0.0,0.0,0.0,0.20398884081766788,0.0,0.2230763764055879,0.0,0.18612343609771323,0.0,0.0,0.0,0.0,0.09957792326319201,0.25526714548021545,0.31382542463760355,0.0,0.1666800573044673,0.0,0.0,0.0,0.0,0.0,0.0,0.0,0.0,0.0,0.0,0.0,0.0,0.0,0.24332629258068655,0.0,0.0,0.0,0.0,0.0,0.20775370317253822,0.0,0.0,0.0,0.0,0.0,0.1621733294877065,0.0,0.0,0.0,0.0,0.0,0.0,0.0,0.0,0.20906114535288867,0.0,0.0,0.0,0.13376669312115783,0.36452580054442385,0.0,0.0,0.0,0.08211042239257015,0.09415552713325923,0.0,0.0,0.0,0.15295626762014736,0.0,0.0,0.0,0.0,0.29863499827096557,0.0,0.0,0.0,0.0,0.0,0.0
22.0,5.0,4.0,1,0.0,0.0,0.0,0.0,0.0,1.0,0.0,0.0,0.0,0.0,0.0,0.0,0.0,0.0,0.0,0.0,0.0,0.0,0.0,0.0,0.0,1.0,0.0,0.0,0.0,0.0,1.0,0.0,0.0,0.0,0.0,0.0,0.0,0.0,0.0,0.0,0.0,0.0,0.0,0.0,0.0,0.0,0.0,0.0,0.0,0.0,0.0,0.0,0.0,0.0,0.0,0.0,0.0,0.0,0.0,0.0,0.0,0.0,0.0,0.0,0.0,0.0,0.0,0.0,0.0,0.0,0.0,0.0,0.0,0.0,0.0,0.0,0.0,0.0,0.0,0.0,0.0,0.21424170624503902,0.12931932770499313,0.10155023577800662,0.0,0.4436724449438261,0.0,0.0,0.0,0.0,0.0,0.1449849004274746,0.0,0.0,0.0,0.0,0.0,0.0,0.0,0.0,0.0,0.0,0.0,0.10675839510361203,0.0,0.0,0.0,0.0,0.0,0.11091811123595653,0.0,0.0,0.12931932770499313,0.21358740945058038,0.06083660864027088,0.0,0.15663409959855826,0.0,0.0,0.14672633385051279,0.0,0.0,0.15042854905770908,0.13373155107665868,0.0,0.0,0.0,0.0,0.3155164641304744,0.0,0.0,0.0,0.0,0.0,0.0883958721975863,0.0,0.0,0.0,0.10936002643165829,0.0,0.0,0.0,0.0,0.0,0.14330919738023787,0.0,0.1393773503163843,0.0,0.0,0.24426671613884177,0.173052172001581,0.0,0.0,0.0,0.29524670288957966,0.0,0.0,0.2606271178214121,0.0,0.0,0.0,0.11741392625330128,0.2019567637767787,0.0,0.0,0.0,0.21872005286331658,0.0,0.0,0.0,0.0,0.0,0.0,0.0,0.0,0.1626946141614716,0.0,0.0
22.0,5.0,11.0,1,0.0,0.0,0.0,0.0,0.0,0.0,0.0,0.0,0.0,0.0,0.0,0.0,0.0,0.0,0.0,0.0,0.0,0.0,0.0,1.0,0.0,0.0,0.0,0.0,0.0,0.0,0.0,0.4128706808952183,0.0,0.0,0.0,0.0,0.40940532870167307,0.0,0.0,0.0,0.0,0.0,0.0,0.0,0.0,0.0,0.0,0.0,0.0,0.0,0.0,0.0,0.0,0.0,0.0,0.0,0.0,0.0,0.0,0.0,0.0,0.0,0.5752934371639372,0.0,0.0,0.0,0.0,0.0,0.0,0.0,0.0,0.0,0.0,0.0,0.0,0.5752934371639372,0.0,0.0,0.0,0.0,0.0,0.0,0.0,0.23651677811687874,0.0,0.1722234261913266,0.0,0.0,0.0,0.0,0.0,0.0,0.0,0.0,0.0,0.0,0.0,0.0,0.0,0.0,0.0,0.0,0.0,0.0,0.0,0.0,0.12382395565278627,0.0,0.0,0.0,0.22782313588509792,0.0,0.2007951401438304,0.22109257022751572,0.0944614820892461,0.08709820844586315,0.0,0.0,0.0,0.0,0.0,0.0,0.0,0.0,0.0,0.0,0.0,0.0,0.0,0.0,0.0,0.0,0.0,0.0,0.0,0.12823268091481257,0.0,0.2306374681428984,0.3396083512523545,0.0,0.0,0.0,0.0,0.0,0.0,0.2036483017840676,0.0,0.1641032791831997,0.2544113115273727,0.0,0.0,0.0,0.0,0.0,0.22921594217902816,0.0,0.0,0.08093555631160684,0.0,0.0,0.0,0.09115476470250279,0.20905324004395767,0.0,0.0,0.23984333155326526,0.16980417562617725,0.22511919847345457,0.0,0.0,0.0,0.0,0.20868276900003535,0.0,0.0,0.0,0.0,0.3628585792033869
22.0,5.0,3.0,1,0.0,0.0,1.0,0.0,0.0,0.0,0.0,1.0,0.0,0.0,0.0,0.0,0.0,0.0,0.0,0.0,0.0,0.0,0.0,0.0,0.0,0.0,0.0,0.0,0.0,0.0,0.0,0.0,0.0,0.0,0.0,0.0,0.0,0.4703693922522033,0.0,0.0,0.0,0.0,0.0,0.0,0.0,0.6786451688552723,0.0,0.0,0.0,0.0,0.0,0.0,0.0,0.0,0.0,0.0,0.0,0.0,0.0,0.0,0.0,0.0,0.0,0.0,0.0,0.0,0.0,0.0,0.0,0.0,0.5640863139819045,0.0,0.0,0.0,0.0,0.0,0.0,0.0,0.0,0.1221727968445586,0.0,0.0,0.0,0.1770657738458027,0.0,0.09669992909934229,0.1122227663022158,0.0,0.0,0.0,0.0,0.0,0.0,0.0,0.10559774074596473,0.0,0.0,0.0,0.0,0.1311456701372486,0.0,0.32680860223709424,0.0,0.09307343158158878,0.1271514827744602,0.10972452669754329,0.2085738507917493,0.13286636580542538,0.0,0.09669992909934229,0.0,0.0,0.0,0.12413895332474131,0.2651909447702333,0.19561544599718025,0.0,0.0,0.0,0.2558360563888059,0.0,0.0,0.0,0.0,0.0,0.0,0.2513249615750267,0.09567671678328392,0.0,0.0,0.0,0.07583576330849642,0.0,0.0,0.07706473252142916,0.07200002593668899,0.0,0.0,0.0,0.0,0.0,0.0,0.0,0.30326040230697243,0.2498778436007172,0.11434435360636526,0.0,0.0,0.0,0.0,0.07543462729653538,0.0,0.0,0.13286636580542538,0.0,0.0,0.08338021485888189,0.3181056091508444,0.0,0.0,0.0,0.20472613926532526,0.23475823164475595,0.0,0.0,0.0,0.0,0.0,0.0,0.0,0.0,0.0,0.0,0.0,0.12086049223076828,0.0,0.0,0.0
22.0,3.0,1.0,1,0.0,0.0,0.0,0.0,0.0,0.0,0.0,0.0,0.0,0.0,0.0,1.0,0.0,0.0,0.0,0.0,0.0,0.0,0.0,0.0,0.0,0.0,0.0,0.0,0.0,0.0,0.0,1.0,0.0,0.0,0.0,0.0,0.0,0.0,0.0,0.0,0.0,0.0,0.0,0.0,0.0,0.0,0.0,0.0,0.0,0.0,0.0,0.0,0.0,0.0,0.0,0.0,0.0,0.0,0.0,0.0,0.0,0.0,0.0,0.0,0.0,0.0,0.0,0.0,0.0,0.0,0.0,0.0,0.0,0.0,0.0,0.0,0.0,0.0,0.17837337338155043,0.0,0.0,0.0,0.0,0.12041502917418831,0.12745381803452677,0.0,0.15263602202487156,0.0,0.12327312076473418,0.0,0.0,0.0,0.0,0.0879992543726493,0.1436252162851871,0.0,0.0,0.0,0.0,0.0,0.0,0.0,0.0,0.0,0.0,0.0,0.09456156990916835,0.0,0.0,0.0,0.17398340472447896,0.24816624652472505,0.15334273228497705,0.1688434231142776,0.14427621852678071,0.06651494279517048,0.0,0.1413105963547089,0.0,0.0,0.0,0.0,0.0,0.0,0.0,0.10453470298032297,0.0,0.0,0.0,0.0,0.0,0.10314546343882147,0.0,0.24106479783232684,0.0,0.0,0.0,0.17613264697038067,0.0,0.0,0.0,0.0,0.1844316727784196,0.0,0.16993147333694542,0.0,0.0,0.0,0.0,0.0,0.0,0.0,0.0,0.0,0.0,0.0,0.0,0.37085198381603596,0.1912788560365528,0.5317232715570357,0.1618155751008898,0.0,0.0,0.0,0.0,0.0,0.0,0.0,0.12616438728853677,0.0,0.0,0.0,0.0,0.0,0.0,0.0,0.0,0.0
22.0,5.0,0.0,1,0.0,0.0,1.0,0.0,0.0,0.0,0.0,1.0,0.0,0.0,0.0,0.0,0.0,0.0,0.0,0.0,0.0,0.0,0.0,0.0,0.0,0.0,0.0,0.0,0.0,0.0,0.7389383451529093,0.0,0.0,0.0,0.0,0.0,0.0,0.6737730493739563,0.0,0.0,0.0,0.0,0.0,0.0,0.0,0.0,0.0,0.0,0.0,0.0,0.0,0.0,0.0,0.0,0.0,0.0,0.0,0.0,0.0,0.0,0.0,0.0,0.0,0.0,0.0,0.0,0.0,0.0,0.0,0.0,0.0,0.0,0.0,0.0,0.0,0.0,0.0,0.0,0.0,0.13110233985939718,0.13407063937790822,0.0,0.0,0.23750926822251806,0.0,0.0,0.0,0.0,0.0,0.0,0.0,0.0,0.0,0.0,0.2266316439211251,0.0,0.0,0.0,0.14164400679169972,0.1407310355618476,0.0,0.3506948645366167,0.0,0.09987611787765394,0.0,0.23548846488822134,0.14921226644298874,0.14257749593690902,0.0,0.10376767411890696,0.0,0.0,0.0,0.06660610082159603,0.3414883273546035,0.1049564360693937,0.0,0.0,0.0,0.0,0.0,0.0,0.0,0.0,0.0,0.0,0.2696941657927396,0.0,0.0,0.0,0.0,0.08137855784227398,0.0,0.0,0.08269735174396094,0.07726246852027949,0.0,0.0,0.0,0.0,0.0,0.0,0.0,0.10847517984365158,0.26814127875581645,0.12270171997926602,0.0,0.0,0.0,0.0,0.0,0.0,0.0,0.14257749593690902,0.0,0.0,0.08947442923719526,0.2925906638036059,0.0,0.0,0.0,0.21968946100344894,0.25191658261732475,0.0,0.0,0.0,0.0,0.0,0.0,0.0,0.0,0.09987611787765394,0.0,0.0,0.1296941196179052,0.0,0.0,0.0
22.0,4.0,0.0,1,1.0,0.0,0.0,0.0,0.0,1.0,0.0,0.0,1.0,0.0,0.0,0.0,0.0,0.0,0.0,0.0,0.0,0.0,0.0,0.0,0.0,0.0,0.0,0.0,0.0,0.0,0.0,0.0,0.0,0.0,0.0,0.0,0.0,0.0,0.0,0.0,0.0,0.0,0.0,0.0,0.0,0.0,0.0,0.0,0.0,0.0,0.0,0.0,0.0,0.0,0.0,0.0,0.0,0.0,0.0,0.0,0.0,0.0,0.0,0.0,0.0,0.0,0.0,0.0,0.0,0.0,0.0,0.0,0.0,0.0,0.0,0.0,0.0,0.0,0.0,0.0,0.0,0.0,0.0,0.09268986256157301,0.0,0.0,0.0,0.27286381829805795,0.0,0.0,0.24534551838039,0.26466960694219205,0.0,0.0,0.0,0.0,0.0,0.0,0.0,0.2746069751719014,0.0,0.0,0.23077262683052643,0.0,0.0,0.0,0.0,0.0,0.0,0.0,0.26784858970682873,0.19102677996717154,0.0,0.0,0.0,0.0,0.0,0.0,0.0,0.0,0.0,0.0,0.0,0.0,0.0,0.16093185906461507,0.0,0.0,0.0,0.0,0.2631256808215062,0.0,0.0,0.0,0.0,0.1507614343201786,0.0,0.0,0.0,0.0,0.0,0.0,0.0,0.0,0.0,0.0,0.0,0.0,0.0,0.0,0.15795317377571427,0.0,0.0,0.0,0.0,0.0,0.0,0.47577421254825936,0.0,0.0,0.0,0.0,0.0,0.2149752389532588,0.2149752389532588,0.0,0.0,0.0,0.0,0.0,0.0,0.0,0.0,0.0,0.0,0.2969986492025645,0.0,0.0
22.0,5.0,1.0,1,1.0,0.0,1.0,0.0,0.0,0.0,0.0,1.0,0.0,0.0,0.0,0.0,0.0,0.0,0.0,0.0,0.0,0.0,0.0,0.0,0.0,0.0,0.0,0.0,0.0,0.0,0.0,0.0,0.0,0.0,0.0,0.0,0.4659005901817002,0.0,0.0,0.0,0.0,0.4781279629236821,0.0,0.42634502749080194,0.0,0.0,0.0,0.0,0.0,0.0,0.0,0.0,0.0,0.0,0.0,0.0,0.0,0.0,0.0,0.0,0.0,0.0,0.0,0.0,0.0,0.0,0.0,0.6103771036602381,0.0,0.0,0.0,0.0,0.0,0.0,0.0,0.0,0.0,0.0,0.0,0.0,0.0,0.0,0.0,0.22122272246387514,0.0,0.0,0.0,0.0,0.22647351887232872,0.14020906098670013,0.0,0.15792161457327827,0.0,0.08083473782557331,0.13193187585874352,0.0,0.0,0.0,0.0,0.0,0.14494765427965334,0.30623149440979947,0.0,0.11628423424995167,0.0,0.0,0.08686277817324328,0.1660007946705398,0.0,0.0,0.0,0.0,0.2817164679423867,0.15509692597187488,0.19879481449394346,0.30549792726435465,0.0,0.12980570221579726,0.0,0.0,0.255538157435056,0.1353073846458517,0.0,0.14566415125400672,0.0,0.09602394212688813,0.0,0.0,0.0,0.0,0.0,0.09474780842649742,0.0,0.0,0.0,0.0,0.0,0.16179269292536327,0.11911800396416414,0.0,0.0,0.1510008769560317,0.0,0.0,0.0,0.0,0.0,0.0,0.17847009652908627,0.0,0.0942466364680951,0.0,0.0,0.0,0.0,0.0,0.10417370748774979,0.17032941413865138,0.0,0.0,0.0,0.06394526861983284,0.21997696391547314,0.12827025067593034,0.0,0.0,0.11911800396416414,0.0,0.0,0.0,0.0,0.0,0.0,0.0,0.0,0.0,0.0,0.2545460941498584
22.0,5.0,0.0,1,0.0,0.0,0.0,0.0,0.0,1.0,0.0,0.0,0.0,0.0,0.0,0.0,1.0,0.0,0.0,0.0,0.0,0.0,0.0,0.0,0.0,0.0,0.0,0.0,0.5944952564855494,0.0,0.0,0.0,0.0,0.0,0.0,0.0,0.0,0.0,0.0,0.0,0.0,0.0,0.0,0.0,0.0,0.0,0.0,0.0,0.0,0.0,0.0,0.0,0.0,0.0,0.0,0.0,0.0,0.0,0.0,0.0,0.0,0.0,0.0,0.0,0.8040991170348223,0.0,0.0,0.0,0.0,0.0,0.0,0.0,0.0,0.0,0.0,0.0,0.0,0.0,0.0,0.14393441757847422,0.0,0.0,0.0,0.156453766856156,0.11039945245182167,0.0,0.0,0.15352477977522777,0.0,0.0,0.0,0.1489143682458149,0.0,0.1524484656281898,0.0,0.0,0.0,0.0,0.0,0.0,0.0,0.0,0.3895274602542591,0.10965182522399305,0.0,0.0,0.0,0.0,0.0,0.22784856096078626,0.0,0.0,0.0,0.07312539455215823,0.0,0.057614698231023664,0.0,0.0,0.0,0.1507029990430171,0.24096323596972588,0.0,0.0,0.0,0.14804568979974625,0.2716413085745733,0.0,0.0,0.0,0.0,0.0,0.0,0.0,0.0,0.1815832603951203,0.0848247896953497,0.0,0.0,0.0,0.0,0.0,0.0,0.0,0.0,0.0,0.0,0.0,0.10855287470968118,0.0,0.0,0.0,0.0,0.0,0.0,0.30324865629338266,0.0,0.0,0.42830526471291436,0.0,0.0,0.0,0.06029807448816831,0.20743031724074076,0.0,0.0,0.0,0.0,0.1489143682458149,0.0,0.0,0.0,0.10965182522399305,0.0,0.0,0.0,0.0835520306370505,0.0,0.24002775618898617
22.0,4.0,0.0,1,0.0,0.0,0.0,0.0,0.0,1.0,0.0,0.0,0.0,0.0,0.0,0.0,0.0,0.0,0.0,0.0,0.0,0.0,0.0,0.0,0.0,0.0,0.0,0.0,0.0,0.0,0.0,0.0,0.0,0.0,0.0,0.0,0.0,0.0,0.0,0.0,0.0,0.0,0.0,0.0,0.0,0.7276516514579515,0.0,0.0,0.0,0.0,0.0,0.0,0.0,0.0,0.0,0.0,0.0,0.0,0.0,0.0,0.0,0.0,0.0,0.0,0.0,0.0,0.0,0.0,0.0,0.0,0.0,0.0,0.685946844974533,0.0,0.0,0.0,0.0,0.0,0.0,0.0,0.0,0.0,0.0,0.0,0.0,0.0,0.0,0.0,0.0,0.0,0.0,0.0,0.0,0.20592322260168125,0.0,0.0,0.0,0.0,0.0,0.0,0.0,0.0,0.0,0.0,0.0,0.0,0.0,0.0,0.0,0.0,0.40713098804633274,0.0,0.0,0.197551570468747,0.16880724771830033,0.15564872076694647,0.0,0.0,0.0,0.0,0.0,0.0,0.0,0.0,0.0,0.24461710573434273,0.0,0.30451498343774436,0.0,0.0,0.0,0.0,0.0,0.0,0.0,0.0,0.0,0.0,0.0,0.0,0.0,0.0,0.0,0.0,0.0,0.0,0.0,0.0,0.0,0.0,0.0,0.0,0.4147541566949349,0.0,0.0,0.0,0.0,0.14463576265512842,0.0,0.0,0.0,0.3257959668958139,0.18679413713344226,0.3267632715047495,0.3267632715047495,0.0,0.0,0.0,0.0,0.0,0.0,0.0,0.0,0.0,0.0,0.0,0.0,0.0
22.0,5.0,2.0,1,1.0,0.0,0.0,0.0,0.0,1.0,0.0,0.0,0.0,0.0,0.0,0.0,1.0,0.0,0.0,0.0,0.0,0.0,0.0,0.0,0.0,0.0,0.0,0.0,0.0,0.0,0.0,0.0,0.0,0.0,0.0,0.0,0.0,0.0,0.0,0.0,0.0,0.0,0.0,0.0,0.0,0.0,0.0,0.0,0.0,0.0,0.0,0.0,0.0,0.0,0.0,0.0,0.0,0.0,1.0,0.0,0.0,0.0,0.0,0.0,0.0,0.0,0.0,0.0,0.0,0.0,0.0,0.0,0.0,0.0,0.0,0.0,0.0,0.0,0.0,0.0,0.0,0.0,0.0,0.13214460145958734,0.0,0.0,0.0,0.0,0.0,0.0,0.0,0.0,0.0,0.0,0.0,0.0,0.0,0.0,0.3940370615156831,0.0,0.0,0.0,0.0,0.0,0.0,0.0,0.20754553737580306,0.0,0.0,0.0,0.0,0.0,0.0,0.0,0.15833009822834088,0.43796479561003937,0.0,0.0,0.0,0.0,0.0,0.0,0.0,0.0,0.0,0.0,0.0,0.0,0.0,0.0,0.0,0.0,0.0,0.0,0.0,0.21493515151650536,0.0,0.0,0.0,0.0,0.0,0.0,0.0,0.3017652640668059,0.0,0.0,0.0,0.0,0.0,0.0,0.0,0.3515445137426651,0.0,0.0,0.0,0.0,0.0,0.0,0.0,0.0,0.0,0.15278759691376503,0.1752006177493637,0.0,0.0,0.0,0.0,0.0,0.2769080037761673,0.0,0.0,0.2778436793445108,0.0,0.0,0.0,0.0,0.3139402302016806,0.0
22.0,5.0,0.0,1,0.0,0.0,0.0,0.0,1.0,0.0,0.0,0.0,0.0,0.0,1.0,0.0,0.0,0.0,0.0,0.0,0.0,0.0,0.0,0.0,0.0,0.0,0.0,0.0,0.0,0.0,0.0,0.0,0.0,0.0,0.0,0.0,0.0,0.0,0.0,0.0,0.0,0.0,0.0,0.0,0.0,0.0,0.0,0.0,0.0,0.0,0.0,0.0,0.0,0.0,0.0,0.0,0.0,0.0,0.0,0.0,0.0,0.0,0.0,0.0,0.0,0.0,0.0,0.0,0.0,0.0,0.0,0.0,0.0,0.0,0.0,0.0,0.0,0.0,0.0,0.0,0.0,0.0,0.0,0.0,0.0,0.0,0.0,0.0,0.0,0.0,0.0,0.0,0.0,0.24526014398750975,0.0,0.0,0.0,0.0,0.0,0.0,0.0,0.0,0.0,0.0,0.0,0.0,0.0,0.0,0.0,0.36656433791128923,0.0,0.0,0.0,0.23528927920792936,0.40210802218853336,0.3707636971145703,0.0,0.0,0.0,0.0,0.0,0.0,0.0,0.0,0.0,0.0,0.0,0.0,0.0,0.0,0.0,0.0,0.0,0.0,0.2921324029514766,0.0,0.0,0.0,0.0,0.0,0.0,0.0,0.0,0.383193830032576,0.0,0.0,0.0,0.0,0.0,0.0,0.0,0.0,0.0,0.0,0.0,0.0,0.0,0.17226511670884498,0.0,0.0,0.0,0.19401591705365268,0.0,0.38918392013563163,0.0,0.0,0.0,0.0,0.0,0.0,0.0,0.0,0.0,0.0,0.0,0.0,0.0,0.0
22.0,5.0,2.0,1,0.0,0.0,0.0,0.0,1.0,0.0,0.0,0.0,0.0,0.0,0.0,0.0,0.0,0.0,0.0,0.0,1.0,0.0,0.0,0.0,0.0,0.0,0.0,0.0,0.0,0.0,0.0,0.0,0.0,0.0,0.0,0.0,0.0,0.0,0.0,0.0,0.0,0.0,0.0,0.0,0.0,0.0,0.0,0.0,0.0,0.0,0.0,0.0,0.0,0.0,0.0,0.0,0.0,0.0,1.0,0.0,0.0,0.0,0.0,0.0,0.0,0.0,0.0,0.0,0.0,0.0,0.0,0.0,0.0,0.0,0.0,0.0,0.0,0.0,0.0,0.0,0.0,0.0,0.0,0.08973734366370202,0.0,0.1960309907752169,0.0,0.0,0.0,0.0,0.0,0.0,0.0,0.13116002854369102,0.4281374337056625,0.0,0.0,0.0,0.0,0.0,0.0,0.0,0.0,0.18867932146097416,0.0,0.0,0.0,0.0,0.0,0.1960309907752169,0.0,0.0,0.0,0.25165563450462725,0.21503901453544394,0.29741508122282584,0.0,0.0,0.0,0.0,0.20731428668394053,0.0,0.0,0.0,0.2547441434702712,0.3116111545364824,0.0,0.0,0.0,0.0,0.0,0.0,0.0,0.0,0.0,0.0,0.0,0.0,0.0,0.0,0.0,0.0,0.0,0.0,0.0,0.23179993135237975,0.0,0.0,0.0,0.0,0.0,0.0,0.0,0.0,0.0,0.0,0.3380582857107442,0.09212380477834597,0.0,0.0,0.0,0.20751136165021095,0.0,0.0,0.0,0.0,0.0,0.0,0.0,0.0,0.0,0.0,0.23753034572280995,0.0,0.0,0.0,0.0,0.0
22.0,3.0,1.0,1,0.0,0.0,0.0,0.0,1.0,0.0,0.0,0.0,0.0,0.0,0.0,0.0,0.0,0.0,0.0,0.0,1.0,0.0,0.0,0.0,0.0,0.0,0.0,0.0,0.0,0.0,0.0,0.0,0.0,0.0,0.0,0.0,0.0,0.0,0.0,0.0,0.0,0.0,0.0,0.0,0.0,0.0,0.0,0.0,0.0,0.0,0.0,0.0,0.0,0.0,0.0,0.0,0.0,0.0,0.0,0.0,0.0,0.0,0.0,0.0,0.0,0.0,0.0,0.0,0.0,1.0,0.0,0.0,0.0,0.0,0.0,0.0,0.0,0.0,0.0,0.0,0.0,0.0,0.0,0.15077746322730926,0.0,0.0,0.0,0.0,0.0,0.0,0.13303351575982955,0.14351160175545422,0.0,0.07345873922437197,0.11989337164675735,0.254830562329297,0.0,0.0,0.0,0.0,0.0,0.0,0.0,0.10567354418969317,0.0,0.0,0.07893673365900464,0.0,0.13172148785698076,0.0,0.0,0.103580307115744,0.1280052184893949,0.21141699000844524,0.24087361168213076,0.38867064391663236,0.0,0.0,0.0,0.0,0.11611042092697697,0.0,0.0,0.0,0.14267443985714792,0.0,0.0,0.0,0.0,0.1194023087637144,0.14267443985714792,0.0,0.15289811315507287,0.0,0.17499523288622498,0.0,0.0,0.0,0.0,0.0,0.0,0.0,0.0,0.0,0.0,0.12982408511576102,0.0,0.0,0.0,0.0,0.08564683052505317,0.0,0.0,0.0,0.0,0.1274152811646485,0.18933615468367712,0.412765909047676,0.0,0.0,0.0,0.058110398308122445,0.13326968794451144,0.0,0.0,0.0,0.10824873842001824,0.0,0.0,0.0,0.09276283973638548,0.0,0.0,0.2608949903081663,0.0,0.08052067700311308,0.0,0.23131930224212693
22.0,5.0,1.0,1,0.0,0.0,1.0,0.0,0.0,0.0,0.0,1.0,0.0,0.0,0.0,0.0,0.0,0.0,0.0,0.0,0.0,0.0,0.0,0.0,0.0,0.0,0.0,0.0,0.0,0.0,0.0,0.0,0.0,0.0,0.0,0.0,0.0,0.0,0.0,0.0,0.0,0.0,0.0,0.0,0.0,0.0,0.0,0.0,0.0,0.0,0.0,0.0,0.0,0.0,0.0,0.0,0.0,0.0,0.0,0.0,0.0,0.0,0.0,0.0,0.0,0.0,0.0,0.0,0.0,0.0,0.0,0.0,0.0,0.0,0.0,0.0,0.0,0.0,0.0,0.0,0.0,0.0,0.0,0.24846360398626371,0.0,0.0,0.0,0.0,0.0,0.3149481953416796,0.0,0.0,0.0,0.0,0.0,0.0,0.0,0.0,0.0,0.0,0.0,0.45858689323129503,0.0,0.0,0.0,0.0,0.19511774086143155,0.0,0.0,0.0,0.0,0.0,0.0,0.0,0.0,0.0,0.0,0.0,0.0,0.0,0.0,0.0,0.0,0.0,0.0,0.0,0.0,0.0,0.0,0.0,0.0,0.21282969207913854,0.0,0.0,0.21627873943822154,0.0,0.0,0.0,0.0,0.0,0.0,0.0,0.0,0.0,0.0,0.0,0.0,0.0,0.0,0.0,0.21170392172775132,0.0,0.0,0.3728835379029499,0.0,0.0,0.0,0.3826068102807025,0.0,0.0,0.0,0.14363869788961545,0.0,0.0,0.0,0.0,0.0,0.0,0.0,0.0,0.0,0.0,0.32883548445319477,0.0,0.0,0.19903297059832462,0.0,0.0
22.0,5.0,1.0,1,1.0,0.0,0.0,0.0,0.0,1.0,0.0,0.0,0.0,0.0,0.0,0.0,0.0,0.0,0.0,0.0,0.0,0.0,0.0,0.0,0.0,0.0,0.0,0.0,0.0,0.0,0.0,0.0,0.0,0.0,0.0,0.0,0.0,0.0,0.0,0.0,0.0,0.0,0.0,0.0,0.0,0.0,0.0,0.0,0.0,0.6203450236163724,0.4152027910630306,0.0,0.0,0.0,0.0,0.0,0.0,0.0,0.0,0.0,0.0,0.0,0.0,0.0,0.0,0.0,0.0,0.0,0.0,0.0,0.491041669303812,0.0,0.0,0.4490621036952434,0.0,0.0,0.0,0.0,0.0,0.0,0.0,0.0,0.0,0.13032217206285748,0.13794007706410283,0.0,0.0,0.0,0.0,0.0,0.0,0.0,0.17604065936859975,0.09523939036850607,0.0,0.0,0.0,0.0,0.19430141361353337,0.0,0.0,0.0,0.0,0.0,0.18716951397519863,0.0,0.10234162021760465,0.0,0.0,0.28468844147204087,0.0,0.13429205848135664,0.0,0.0913675053258943,0.3122930800976121,0.1439749154096696,0.0,0.0,0.0,0.1882978840937374,0.0,0.0,0.1930490372894886,0.0,0.0,0.0,0.0,0.14083803183667595,0.0,0.0,0.0,0.2232635066563381,0.0,0.0,0.11344082047592004,0.0,0.18497767340736745,0.0,0.0,0.0,0.0,0.0,0.0,0.0,0.0,0.33663432975097674,0.0,0.0,0.0,0.0,0.0,0.0,0.0,0.0,0.0,0.0,0.12273733620524671,0.06689396993074205,0.0,0.0,0.0,0.1506804763428463,0.0,0.0,0.4533835627630211,0.0,0.0,0.1860630553466205,0.0,0.0,0.0,0.0,0.17247819760213876,0.0,0.0,0.0,0.0,0.0
22.0,2.0,1.0,0,0.0,0.0,0.0,0.0,0.0,0.0,0.0,0.0,0.0,0.0,0.0,0.0,0.0,0.0,0.0,0.0,0.0,0.0,1.0,0.0,0.0,0.0,0.0,0.0,0.0,0.0,0.0,0.0,0.0,0.0,0.0,0.0,0.0,0.0,0.0,0.0,0.0,0.0,0.0,0.0,0.0,0.0,0.0,0.0,0.0,0.0,0.0,0.0,0.0,0.0,0.0,0.0,0.0,0.0,0.0,0.0,0.0,0.0,0.0,0.0,0.0,0.0,0.0,0.0,0.0,0.0,0.0,0.0,0.0,0.0,0.0,0.0,0.0,0.0,0.0,0.0,0.0,0.0,0.0,0.08603407148083696,0.0,0.0,0.0,0.2532702563065579,0.3523044774816989,0.0,0.0,0.0,0.0,0.0,0.0,0.0,0.0,0.0,0.0,0.0,0.0,0.0,0.0,0.1808929211272755,0.0,0.0,0.0,0.0,0.0,0.0,0.0,0.0,0.0,0.0,0.10308240244464963,0.095047127957847,0.0,0.0,0.0,0.0,0.19875886037374885,0.0,0.0,0.0,0.0,0.0,0.2442313863309841,0.18595253756839958,0.0,0.0,0.0,0.0,0.0,0.0,0.0,0.0,0.0,0.25168633589148315,0.0,0.0,0.0,0.2348984787279384,0.0,0.0,0.0,0.0,0.0,0.0,0.0,0.0,0.0,0.0,0.0,0.0,0.0,0.0,0.0,0.17664409668932063,0.5466592961320831,0.2532702563065579,0.23122782679899703,0.0,0.22813224762035045,0.0,0.0,0.0,0.0,0.0,0.0,0.0,0.0,0.0,0.0,0.0,0.0,0.0,0.0,0.0
22.0,5.0,0.0,1,0.0,0.0,0.0,0.0,0.0,1.0,0.0,0.0,0.0,0.0,0.0,0.0,0.0,0.0,0.0,0.0,0.0,0.0,0.0,0.0,0.0,1.0,0.0,0.0,0.0,0.0,0.0,0.0,0.0,0.0,0.0,0.0,0.0,0.0,0.0,0.0,0.0,0.0,0.0,0.0,0.0,0.0,0.0,0.0,0.0,0.0,0.0,0.0,0.0,0.0,0.0,0.0,0.0,0.0,0.0,0.0,0.0,0.0,0.0,0.0,0.0,0.0,0.0,0.0,0.0,0.0,0.0,0.0,0.0,0.0,0.0,0.0,0.0,0.0,0.0,0.22518795379579254,0.0,0.0,0.0,0.0,0.0,0.0,0.0,0.0,0.0,0.0,0.0,0.2329791751009472,0.0,0.11925416662558669,0.0,0.20684813449144623,0.0,0.0,0.0,0.0,0.0,0.0,0.0,0.0,0.2343646291777344,0.0,0.0,0.0,0.0,0.17823656107164712,0.2357775197644013,0.0,0.0,0.3432179373095233,0.19551915896289512,0.09013921910742913,0.0,0.0,0.24172668441862158,0.2357775197644013,0.0,0.19961677155491298,0.24172668441862158,0.0,0.0,0.1416625513050508,0.0,0.0,0.0,0.19383973881304364,0.0,0.0,0.0,0.0,0.0,0.1327098906850401,0.23162011223698656,0.0,0.0,0.0,0.0,0.0,0.0,0.0,0.0,0.0,0.0,0.0,0.0,0.0,0.0,0.0,0.0,0.0,0.2372189555177075,0.0,0.15368576684885327,0.1675227992430677,0.0,0.0,0.0,0.18867481788244075,0.21635227802823187,0.0,0.0,0.0,0.0,0.0,0.0,0.0,0.0,0.0,0.0,0.0,0.0,0.0,0.0,0.0
22.0,5.0,0.0,1,0.0,1.0,0.0,1.0,0.0,0.0,0.0,0.0,0.0,0.0,0.0,0.0,0.0,0.0,0.0,1.0,0.0,0.0,0.0,0.0,0.0,0.0,0.0,0.0,0.0,0.0,0.0,0.0,0.0,0.0,0.0,0.0,0.0,0.0,0.0,0.0,0.0,0.0,0.0,0.0,0.0,0.0,0.0,0.0,0.0,0.0,0.6456757622734037,0.0,0.0,0.0,0.0,0.0,0.0,0.0,0.0,0.0,0.0,0.0,0.0,0.0,0.0,0.0,0.0,0.0,0.0,0.0,0.7636116879754128,0.0,0.0,0.0,0.0,0.0,0.0,0.0,0.0,0.0,0.0,0.0,0.0,0.0,0.0,0.25694625605236376,0.0,0.0,0.0,0.0,0.0,0.0,0.0,0.0,0.2805890798988014,0.0,0.0,0.0,0.0,0.0,0.0,0.43418980537338714,0.0,0.0,0.3378606143220677,0.0,0.0,0.0,0.0,0.25694625605236376,0.0,0.0,0.2995734124819382,0.0,0.0,0.2598898310636439,0.0,0.0,0.0,0.0,0.0,0.0,0.0,0.0,0.0,0.0,0.0,0.0,0.0,0.0,0.0,0.0,0.0,0.0,0.0,0.0,0.0,0.0,0.2533368900740263,0.0,0.0,0.0,0.0,0.0,0.0,0.0,0.0,0.0,0.0,0.0,0.0,0.0,0.0,0.0,0.0,0.0,0.0,0.0,0.0,0.0,0.0,0.13599703611529831,0.15594698274448857,0.0,0.0,0.0,0.2533368900740263,0.0,0.0,0.0,0.0,0.24731010669373626,0.31134124655975376,0.0,0.0,0.0,0.0,0.0
22.0,5.0,2.0,1,0.0,0.0,1.0,0.0,0.0,0.0,0.0,1.0,0.0,0.0,0.0,0.0,0.0,0.0,0.0,0.0,0.0,0.0,0.0,0.0,0.0,0.0,0.0,0.0,0.0,0.0,0.0,0.0,0.0,0.0,0.0,0.0,0.0,0.6705133828647449,0.0,0.0,0.0,0.0,0.0,0.0,0.0,0.0,0.0,0.0,0.0,0.0,0.0,0.0,0.0,0.0,0.0,0.0,0.0,0.0,0.74189743455499,0.0,0.0,0.0,0.0,0.0,0.0,0.0,0.0,0.0,0.0,0.0,0.0,0.0,0.0,0.0,0.0,0.0,0.0,0.0,0.0,0.0,0.0,0.2750119053638769,0.16600108044252135,0.13035521570911326,0.0,0.0,0.165236031685471,0.0,0.26689848200222904,0.0,0.0,0.0,0.0,0.0,0.1554813894787217,0.0,0.1567767924362198,0.0,0.0,0.0,0.1708204521643532,0.24059537263993985,0.0,0.13704068253383686,0.18721697146544578,0.0,0.0,0.0,0.0,0.0,0.0,0.0,0.0,0.0,0.23427919733193597,0.21601713113571286,0.0,0.0,0.0,0.0,0.0,0.0,0.0,0.1716648420769854,0.0,0.0,0.0,0.0,0.0,0.0,0.0,0.11166005795285032,0.0,0.0,0.0,0.0,0.0,0.0,0.14038027313512727,0.0,0.0,0.0,0.0,0.0,0.0,0.0,0.0,0.13566723591546487,0.0,0.0,0.11106942803909395,0.17339210385486278,0.0,0.0,0.0,0.0,0.12276845668962588,0.13382186226538587,0.0,0.0,0.0,0.1507186819089377,0.3456564107323393,0.0,0.0,0.0,0.14038027313512727,0.0,0.27315835959338297,0.0,0.0,0.0,0.0,0.0,0.0,0.3132650263376752,0.0,0.0
22.0,5.0,11.0,1,1.0,0.0,1.0,0.0,0.0,0.0,0.0,1.0,0.0,0.0,0.0,0.0,0.0,0.0,0.0,0.0,0.0,0.0,0.0,0.0,0.0,0.0,0.0,0.0,0.0,0.0,1.0,0.0,0.0,0.0,0.0,0.0,0.0,0.0,0.0,0.0,0.0,0.0,0.0,0.0,0.0,0.0,0.0,0.0,0.0,0.0,0.0,0.0,0.0,0.0,0.0,0.0,0.0,0.0,0.0,0.0,0.0,0.0,0.0,0.0,0.0,0.0,0.0,0.0,0.0,0.0,0.0,0.0,0.0,0.0,0.0,0.0,0.0,0.0,0.0,0.0,0.0,0.0,0.0,0.23269394276657168,0.0,0.12707982620610384,0.0,0.0,0.23821701248264546,0.0,0.0,0.0,0.0,0.25507895817808246,0.0,0.0,0.0,0.0,0.0,0.0,0.0,0.2147404903073095,0.14483620682931186,0.12231400394971383,0.16709824384904035,0.1441963185820541,0.0,0.0,0.0,0.12707982620610384,0.0,0.0,0.0,0.24470891696894323,0.2788040858910036,0.19280347807969775,0.0,0.0,0.1723472718537694,0.0,0.13439438028473333,0.14232357539048793,0.0,0.0,0.0,0.10100314038556063,0.0,0.0,0.0,0.27640928631131056,0.0,0.0,0.0,0.0,0.0,0.09462003610643432,0.0,0.0,0.0,0.0,0.0,0.0,0.0,0.0,0.0,0.0,0.0,0.0,0.0,0.0,0.0,0.0,0.0,0.0,0.0,0.14747942186599586,0.0,0.4777643393784165,0.0,0.0,0.0,0.06726106844131363,0.07712786233591656,0.1349215398717135,0.0,0.0,0.0,0.0,0.0,0.0,0.10737024515365474,0.0,0.1539823623487323,0.0,0.0,0.09320030363808887,0.0,0.0
22.0,2.0,12.0,0,0.0,0.0,0.0,0.0,0.0,1.0,0.0,0.0,1.0,0.0,0.0,0.0,0.0,0.0,0.0,0.0,0.0,0.0,0.0,0.0,0.0,0.0,0.0,0.0,0.0,0.0,0.0,0.0,0.0,0.0,0.0,0.0,0.0,0.0,0.0,0.0,0.0,0.0,0.0,0.0,0.0,0.0,0.0,0.0,0.0,0.0,0.0,0.0,0.0,0.0,0.0,0.0,0.0,0.0,0.0,0.0,0.0,0.0,0.0,0.0,0.0,0.0,0.0,0.0,0.0,0.0,0.0,0.0,0.0,0.0,0.0,0.0,0.0,0.0,0.0,0.0,0.0,0.0,0.0,0.1752848298026746,0.0,0.0,0.0,0.17200330445310108,0.0,0.0,0.0,0.0,0.0,0.17079744315702114,0.0,0.0,0.0,0.31736390488373206,0.0,0.0,0.0,0.0,0.1454705671120319,0.12284972045199423,0.0,0.0,0.0,0.0,0.0,0.0,0.0,0.12041624865594285,0.0,0.0819269014475898,0.0,0.32274654604009856,0.0,0.0,0.0,0.0,0.13498300697511523,0.0,0.0,0.0,0.0,0.0,0.0,0.12628585527425779,0.0,0.0,0.0,0.0,0.0,0.11697045446138044,0.0,0.19006891458825886,0.0,0.0,0.0,0.0,0.1742251001323103,0.0,0.0,0.0,0.0,0.3018513798643409,0.0,0.0,0.0,0.0,0.0,0.0,0.0,0.0,0.0,0.0,0.0,0.5398389828162102,0.0,0.0,0.0,0.0,0.30986268198440126,0.0,0.0,0.0,0.0,0.0,0.0,0.0,0.21568102058716776,0.0,0.0,0.0,0.0,0.0936085066161959,0.0,0.0
22.0,5.0,0.0,1,0.0,0.0,0.0,0.0,0.0,1.0,0.0,0.0,0.0,0.0,0.0,0.0,1.0,0.0,0.0,0.0,0.0,0.0,0.0,0.0,0.0,0.0,0.0,0.0,0.0,0.0,0.0,0.0,0.0,0.0,0.0,0.0,0.0,0.0,0.0,0.0,0.6546079365392259,0.0,0.0,0.5055981715128022,0.0,0.0,0.0,0.0,0.0,0.0,0.0,0.0,0.0,0.0,0.0,0.0,0.0,0.0,0.0,0.0,0.0,0.0,0.0,0.0,0.0,0.0,0.0,0.0,0.0,0.0,0.0,0.0,0.0,0.5620132902189839,0.0,0.0,0.0,0.0,0.0,0.0,0.0,0.12808458193164748,0.0,0.12142378552390193,0.0,0.26524993952496473,0.0,0.0,0.12430582028881564,0.0,0.0,0.0,0.0,0.2662093593089033,0.0,0.0,0.0,0.0,0.0,0.1798676658652419,0.0,0.0,0.0,0.12765119027664976,0.0,0.0,0.0,0.0,0.0,0.13262496976248236,0.0,0.0,0.0,0.08512894003327665,0.14548486791672544,0.0,0.0,0.0,0.0,0.17544092099519903,0.0,0.0,0.0,0.0,0.0,0.0,0.0,0.13122162330978301,0.18863178000683636,0.1442352194425102,0.1723474140048344,0.10400954694983862,0.0,0.24308427702170626,0.10569509115056683,0.19749758560714956,0.0,0.0,0.13076196517509042,0.0,0.18103453004314,0.0,0.0,0.0,0.0,0.0,0.0,0.0,0.0,0.14603505902196123,0.0,0.0,0.0,0.0,0.0,0.0,0.11435684159693667,0.43628518849858927,0.0,0.0,0.0,0.2105880398456119,0.08049334591909063,0.14080885755046843,0.14080885755046843,0.184697374209983,0.0,0.0,0.0,0.0,0.11205535876165536,0.12765119027664976,0.16070140131711422,0.0,0.0,0.09726711013759638,0.0,0.0
22.0,5.0,8.0,1,0.0,0.0,1.0,0.0,0.0,0.0,0.0,1.0,0.0,0.0,0.0,0.0,0.0,0.0,0.0,0.0,0.0,0.0,0.0,0.0,0.0,0.0,0.0,0.0,0.0,0.0,0.0,0.0,0.0,0.0,0.0,0.0,0.0,0.0,0.0,0.0,0.0,0.0,0.0,0.0,0.0,0.0,0.0,0.0,0.0,0.0,0.0,0.0,0.0,0.0,0.0,0.0,0.0,0.0,0.0,0.0,0.0,0.0,0.0,0.0,0.0,0.0,0.0,0.0,0.0,0.0,0.0,0.0,0.0,0.0,0.0,0.0,0.0,0.0,0.0,0.0,0.0,0.0,0.0,0.0,0.0,0.0,0.0,0.0,0.0,0.6816177176202944,0.0,0.0,0.0,0.0,0.0,0.0,0.0,0.0,0.0,0.39827574787278436,0.0,0.0,0.0,0.0,0.0,0.3332219651988289,0.0,0.0,0.0,0.2936676181606324,0.0,0.0,0.0,0.188498539158074,0.0,0.0,0.0,0.0,0.0,0.0,0.0,0.0,0.0,0.0,0.0,0.0,0.0,0.0,0.0,0.0,0.0,0.0,0.0,0.0,0.0,0.0,0.0,0.0,0.0,0.0,0.0,0.0,0.0,0.0,0.3794264992994537,0.0,0.0,0.0,0.0,0.0,0.0,0.0,0.0,0.0,0.0,0.0,0.0,0.0,0.0,0.0,0.0,0.0,0.0,0.0,0.0,0.0,0.0,0.0,0.0,0.0,0.0,0.0,0.0,0.0,0.0,0.0,0.0,0.0
22.0,5.0,0.0,1,1.0,0.0,0.0,0.0,1.0,0.0,0.0,0.0,0.0,0.0,1.0,0.0,0.0,0.0,0.0,0.0,0.0,0.0,0.0,0.0,0.0,0.0,0.0,0.0,0.0,0.0,0.0,0.0,0.0,0.0,0.0,0.0,0.0,0.0,0.0,0.0,0.0,0.0,0.0,0.0,0.0,0.0,0.0,0.0,0.0,0.0,0.0,0.0,0.0,0.0,0.0,0.0,0.0,0.0,0.0,0.0,0.0,0.0,0.0,0.0,0.0,0.0,0.0,0.0,0.0,0.0,0.0,0.0,0.0,0.0,0.0,0.0,0.0,0.0,0.0,0.0,0.0,0.0,0.0,0.0,0.0,0.0,0.0,0.0,0.0,0.0,0.0,0.0,0.0,0.0,0.0,0.0,0.0,0.0,0.0,0.0,0.0,0.0,0.0,0.0,0.0,0.0,0.0,0.0,0.0,0.0,0.0,0.0,0.0,0.0,0.0,0.0,0.0,0.0,0.0,0.0,0.0,0.0,0.0,0.0,0.0,0.0,0.0,0.0,0.0,0.0,0.0,0.0,0.0,0.0,0.0,0.0,0.0,0.0,0.0,0.0,0.0,0.0,0.0,0.0,0.0,0.0,0.0,0.0,0.0,0.0,0.0,0.0,0.0,0.0,0.0,0.0,0.0,0.0,0.0,0.0,0.0,0.0,0.0,0.0,0.0,0.0,0.0,0.0,0.0,0.0,0.0,0.0,0.0,0.0,0.0,0.0,0.0,0.0
22.0,5.0,0.0,1,1.0,0.0,1.0,0.0,0.0,0.0,0.0,1.0,0.0,0.0,0.0,0.0,0.0,0.0,0.0,0.0,0.0,0.0,0.0,0.0,0.0,0.0,0.0,0.0,0.0,0.0,0.0,0.0,0.0,0.0,0.0,0.0,0.0,0.0,0.0,0.0,0.0,0.0,0.0,0.0,0.0,0.0,0.0,0.0,0.0,0.0,0.0,0.0,0.0,0.0,0.0,0.0,0.0,0.0,0.0,0.0,0.0,0.0,0.0,0.0,0.0,0.0,0.0,0.0,0.0,0.0,0.0,0.0,0.0,0.0,0.0,0.0,0.0,0.0,0.0,0.0,0.0,0.0,0.0,0.21803447614866187,0.0,0.0,0.0,0.0,0.0,0.0,0.0,0.0,0.0,0.21245267538665077,0.0,0.0,0.0,0.39476475418731544,0.0,0.0,0.0,0.40242414353715794,0.0,0.0,0.0,0.18014947537700604,0.11414789056558572,0.0,0.0,0.0,0.0,0.0,0.0,0.10190778665625133,0.0,0.3211681201338925,0.0,0.17057993542142993,0.0,0.0,0.0,0.0,0.0,0.0,0.0,0.0,0.0,0.0,0.0,0.0,0.20631695273423759,0.0,0.0,0.14549799769933566,0.0,0.23642420322995591,0.0,0.0,0.1565350448931505,0.0,0.0,0.0,0.0,0.0,0.0,0.0,0.0,0.0,0.0,0.0,0.0,0.0,0.21395263026748512,0.0,0.0,0.0,0.27379296891486943,0.14922190098058316,0.0,0.0,0.0,0.08403159187524203,0.0,0.0,0.0,0.0,0.1565350448931505,0.0,0.15229652687999376,0.0,0.13414138117905264,0.0,0.0,0.0,0.0,0.11643838046964515,0.0,0.16725172916392816
22.0,5.0,2.0,1,0.0,0.0,0.0,0.0,0.0,1.0,0.0,0.0,0.0,0.0,0.0,0.0,1.0,0.0,0.0,0.0,0.0,0.0,0.0,0.0,0.0,0.0,0.0,0.0,0.0,0.0,0.0,0.0,0.0,0.0,0.0,0.0,0.0,0.0,0.0,0.0,0.0,0.0,0.0,0.0,0.0,0.0,0.0,0.0,0.0,1.0,0.0,0.0,0.0,0.0,0.0,0.0,0.0,0.0,0.0,0.0,0.0,0.0,0.0,0.0,0.0,0.0,0.0,0.0,0.0,0.0,0.0,0.0,0.0,0.0,0.0,0.0,0.0,0.0,0.25815796265846364,0.0,0.0,0.0,0.0,0.08713772133067485,0.0,0.0,0.0,0.0,0.0,0.22090855673814874,0.0,0.0,0.0,0.12736042265519426,0.0,0.0,0.0,0.0,0.0,0.0,0.0,0.0,0.0,0.18321342557164932,0.0,0.0,0.0,0.0,0.0,0.0,0.0,0.17958423779534674,0.0,0.24436536290775387,0.1044047492314608,0.09626639779702421,0.26880761855712665,0.0,0.25815796265846364,0.0,0.0,0.21318564469213575,0.0,0.0,0.0,0.15129200864964454,0.0,0.0,0.0,0.0,0.0,0.0,0.0,0.0,0.0,0.14173079437330885,0.0,0.0,0.0,0.0,0.0,0.0,0.0,0.0,0.0,0.0,0.23919244733663664,0.0,0.0,0.0,0.0,0.0,0.0,0.0,0.0,0.0,0.0,0.17891009697769875,0.0,0.0,0.0,0.402999831869082,0.0,0.0,0.0,0.2650898793012641,0.0,0.0,0.0,0.0,0.32165851470541923,0.0,0.0,0.0,0.0,0.13960418547717784,0.20701592037543828,0.0
22.0,4.0,0.0,1,1.0,0.0,1.0,0.0,0.0,0.0,0.0,1.0,0.0,0.0,0.0,0.0,0.0,0.0,0.0,0.0,0.0,0.0,0.0,0.0,0.0,0.0,0.0,0.0,0.0,0.0,0.0,0.0,0.0,0.0,0.0,0.0,0.0,0.0,0.0,0.0,0.0,0.0,0.0,0.0,0.0,0.0,0.0,0.0,0.0,0.0,0.0,0.0,0.0,0.0,0.0,0.0,0.0,0.0,0.0,0.0,0.0,0.0,0.0,0.0,0.0,0.0,0.0,0.0,0.0,0.0,0.0,0.0,0.0,0.0,0.0,0.0,0.0,0.0,0.0,0.0,0.0,0.0,0.0,0.0,0.0,0.0,0.0,0.0,0.0,0.0,0.0,0.0,0.0,0.0,0.0,0.0,0.0,0.0,0.0,0.0,0.0,0.0,0.0,0.0,0.0,0.0,0.0,0.0,0.0,0.0,0.0,0.0,0.0,0.0,0.0,0.0,0.0,0.0,0.0,0.0,0.0,0.0,0.0,0.0,0.0,0.0,0.0,0.0,0.0,0.0,0.0,0.0,0.0,0.0,0.0,0.0,0.0,0.0,0.0,0.0,0.0,0.0,0.0,0.0,0.0,0.0,0.0,0.0,0.0,0.0,0.0,0.0,0.0,0.0,0.0,0.0,0.0,0.0,0.0,0.0,0.0,0.0,0.0,0.0,0.0,0.0,0.0,0.0,0.0,0.0,0.0,0.0,0.0,0.0,0.0,0.0,0.0,0.0
22.0,5.0,0.0,1,0.0,0.0,1.0,0.0,0.0,0.0,0.0,1.0,0.0,0.0,0.0,0.0,0.0,0.0,0.0,0.0,0.0,0.0,0.0,0.0,0.0,0.0,0.0,0.0,0.0,0.0,0.0,0.0,0.0,0.0,0.0,0.0,0.0,0.0,0.0,0.0,0.0,0.0,0.0,0.0,0.0,0.0,0.0,0.0,0.0,0.0,0.0,0.0,0.0,0.0,0.0,0.0,0.0,0.0,0.0,0.0,0.0,0.0,0.0,0.0,0.0,0.0,0.0,0.0,0.0,0.0,0.0,0.0,0.0,0.0,0.0,0.0,0.0,0.0,0.0,0.0,0.0,0.3725109259472209,0.0,0.2942826665485742,0.0,0.0,0.14921106071525025,0.0,0.0,0.0,0.0,0.0,0.0,0.2580739837078804,0.14040244617930342,0.0,0.0,0.0,0.0,0.17437089811788758,0.0,0.21726187919546197,0.0,0.0,0.0,0.0,0.09243972662460491,0.17665873002826288,0.0,0.0,0.0,0.0,0.0,0.0,0.07051942037266384,0.26008972289029836,0.0,0.1381397634233087,0.0,0.0,0.13597238030045058,0.4319840296383343,0.0,0.0,0.16708046565097376,0.10218907507106036,0.0,0.0,0.0,0.0,0.0,0.1008310083262311,0.0,0.1178278027312836,0.0,0.0,0.0,0.0,0.0,0.0,0.0,0.0,0.0,0.0,0.16611842374521046,0.0,0.0,0.12250991487005407,0.0,0.0,0.10029765906201311,0.0,0.0,0.0,0.0,0.0,0.0,0.1208435098073351,0.0,0.0,0.0,0.0,0.23410039185599837,0.13650572956466855,0.13650572956466855,0.0,0.0,0.0,0.0,0.0,0.10863093959773099,0.0,0.0,0.0,0.0,0.0,0.0,0.13544450138150171
22.0,5.0,1.0,1,0.0,0.0,0.0,0.0,0.0,1.0,0.0,0.0,0.0,0.0,0.0,0.0,1.0,0.0,0.0,0.0,0.0,0.0,0.0,0.0,0.0,0.0,0.0,0.0,0.0,0.0,0.0,0.0,0.0,0.0,0.0,0.0,0.0,0.0,0.0,0.0,0.0,0.0,0.0,0.0,0.7500694345280315,0.0,0.0,0.0,0.0,0.0,0.0,0.0,0.0,0.0,0.0,0.0,0.0,0.0,0.0,0.0,0.0,0.0,0.0,0.0,0.0,0.0,0.0,0.0,0.0,0.0,0.661359088080597,0.0,0.0,0.0,0.0,0.0,0.0,0.0,0.28424948454621746,0.0,0.0,0.0,0.0,0.19188912182069567,0.0,0.0,0.0,0.0,0.19644367526102752,0.24323535380445083,0.0,0.0,0.0,0.14023249222500977,0.0,0.24323535380445083,0.0,0.2605702433331608,0.0,0.0,0.0,0.0,0.0,0.0,0.0,0.0,0.0,0.0,0.0,0.0,0.0,0.0,0.0,0.0,0.3448702009530699,0.3179875647197452,0.0,0.0,0.0,0.0,0.0,0.0,0.0,0.0,0.0,0.0,0.0,0.0,0.0,0.22793861577466992,0.0,0.0,0.0,0.0,0.1670326627862236,0.0,0.0,0.0,0.0,0.25654228053039674,0.0,0.0,0.0,0.0,0.0,0.0,0.0,0.0,0.0,0.0,0.0,0.0,0.0,0.0,0.0,0.24323535380445083,0.1807210491218378,0.09849609580569987,0.0,0.0,0.0,0.11093255976046425,0.12720569857199285,0.0,0.222523848217663,0.0,0.0,0.0,0.0,0.0,0.0,0.20173044923501499,0.0,0.0,0.0,0.0,0.22793861577466992,0.0
22.0,5.0,2.0,1,0.0,0.0,0.0,0.0,0.0,1.0,0.0,0.0,1.0,0.0,0.0,0.0,0.0,0.0,0.0,0.0,0.0,0.0,0.0,0.0,0.0,0.0,0.0,0.0,0.0,0.0,0.0,0.0,0.0,0.0,0.0,0.0,0.0,0.0,0.0,0.0,0.0,0.0,0.0,0.0,0.0,0.0,0.0,0.0,0.0,0.0,0.0,0.0,0.0,0.0,0.0,0.0,0.0,0.0,0.0,0.0,0.0,0.0,0.0,0.0,0.0,0.0,0.0,0.0,0.0,0.0,0.0,0.0,0.0,0.0,0.0,0.0,1.0,0.0,0.0,0.0,0.0,0.0,0.0,0.154277278844945,0.0,0.16850915455787033,0.0,0.0,0.1579391024254649,0.0,0.0,0.0,0.0,0.0,0.18401446807725447,0.1955592278904832,0.0,0.0,0.0,0.0,0.0,0.0,0.0,0.0,0.0,0.0,0.12115349544772357,0.0,0.0,0.16850915455787033,0.0,0.0,0.0,0.10816217895548264,0.1848485404936614,0.17043959458120111,0.0,0.0,0.0,0.0,0.17820832838077624,0.0,0.0,0.0,0.0,0.1339312013730407,0.0,0.0,0.4793393254471456,0.0,0.0,0.0,0.0,0.0,0.0,0.1254671395495234,0.0,0.0,0.16614207897232205,0.0,0.0,0.0,0.0,0.1761537106924143,0.0,0.0,0.0,0.0,0.0,0.1855475961703909,0.0,0.0,0.0,0.0,0.4485450728969289,0.0,0.0,0.23757015760310002,0.0,0.0,0.0,0.2675666024123131,0.0,0.0,0.0,0.0,0.0,0.0,0.0,0.0,0.0,0.0,0.0,0.0,0.0,0.1235845597169759,0.0,0.0
22.0,5.0,0.0,1,1.0,0.0,0.0,0.0,0.0,0.0,0.0,0.0,0.0,0.0,0.0,0.0,0.0,0.0,0.0,0.0,0.0,0.0,0.0,1.0,0.0,0.0,0.0,0.0,1.0,0.0,0.0,0.0,0.0,0.0,0.0,0.0,0.0,0.0,0.0,0.0,0.0,0.0,0.0,0.0,0.0,0.0,0.0,0.0,0.0,0.0,0.0,0.0,0.0,0.0,0.0,0.0,0.0,0.0,0.0,0.0,0.0,0.0,0.0,0.0,0.0,0.0,0.0,0.0,0.0,0.0,0.0,0.0,0.0,0.0,0.0,0.0,0.0,0.0,0.24700550100336943,0.0,0.0,0.0,0.0,0.2501200771643488,0.0,0.0,0.0,0.0,0.17070450806359785,0.21136527485393358,0.0,0.0,0.0,0.0,0.0,0.0,0.0,0.0,0.0,0.0,0.0,0.0,0.0,0.0,0.0,0.0,0.0,0.0,0.21850870814374831,0.0,0.0,0.0,0.0,0.1169043717871955,0.09989444883079476,0.3684307014632238,0.0,0.0,0.0,0.0,0.0,0.0,0.0,0.0,0.0,0.14475617180071662,0.0,0.0,0.0,0.0,0.23667822194787114,0.28566479839379455,0.0,0.16690924781548327,0.14514709365719075,0.0,0.0,0.0,0.0,0.0,0.0,0.0,0.0,0.0,0.0,0.0,0.0,0.0,0.2690438174295784,0.0,0.28415376411410787,0.0,0.0,0.0,0.0,0.0,0.0,0.256771732024798,0.0,0.0,0.0,0.0,0.0,0.0,0.0,0.0,0.0,0.0,0.3494164751184937,0.0,0.0,0.0,0.0,0.21639532099466777,0.0,0.0,0.0,0.0
22.0,5.0,11.0,1,1.0,0.0,0.0,0.0,1.0,0.0,0.0,0.0,0.0,0.0,1.0,0.0,0.0,0.0,0.0,0.0,0.0,0.0,0.0,0.0,0.0,0.0,0.0,0.0,0.0,0.0,0.0,0.0,0.0,0.0,0.0,0.0,1.0,0.0,0.0,0.0,0.0,0.0,0.0,0.0,0.0,0.0,0.0,0.0,0.0,0.0,0.0,0.0,0.0,0.0,0.0,0.0,0.0,0.0,0.0,0.0,0.0,0.0,0.0,0.0,0.0,0.0,0.0,0.0,0.0,0.0,0.0,0.0,0.0,0.0,0.0,0.0,0.0,0.0,0.0,0.0,0.0,0.2535263960710516,0.15303212278322392,0.30042779424465754,0.0,0.0,0.30465368805667764,0.0,0.12302341996672617,0.0,0.0,0.0,0.0,0.08782100396489906,0.14333429048645657,0.30465368805667764,0.0,0.0,0.1791668882939666,0.0,0.0,0.0,0.0,0.1263342774631907,0.0,0.0,0.0,0.0,0.0,0.0,0.0,0.0,0.0,0.0842507077842624,0.0,0.19914063238092317,0.0,0.0,0.0,0.0,0.0,0.0,0.0,0.0,0.0,0.10432295853358722,0.0,0.0,0.0,0.0,0.0,0.2058730660435568,0.0,0.0,0.0,0.09773005141718578,0.0,0.0,0.0,0.0,0.0,0.0,0.0,0.0,0.0,0.15520660460652105,0.0,0.0,0.0,0.0,0.0,0.15984571700391187,0.0,0.0,0.0,0.0,0.0,0.370100789754206,0.0,0.0,0.0,0.20841550947254697,0.2389888102549828,0.0,0.0,0.0,0.0,0.0,0.2518176599400674,0.0,0.1108993402595939,0.1263342774631907,0.0,0.0,0.16405135923708727,0.09626365452240998,0.14274721758193792,0.0
22.0,5.0,0.0,1,1.0,0.0,0.0,0.0,0.0,1.0,0.0,0.0,0.0,0.0,0.0,0.0,0.0,0.0,0.0,0.0,0.0,0.0,0.0,0.0,0.0,1.0,0.0,0.0,0.0,0.0,0.0,0.0,0.0,0.0,0.0,0.0,0.0,0.0,0.0,0.0,0.0,0.0,0.0,0.0,0.0,0.0,1.0,0.0,0.0,0.0,0.0,0.0,0.0,0.0,0.0,0.0,0.0,0.0,0.0,0.0,0.0,0.0,0.0,0.0,0.0,0.0,0.0,0.0,0.0,0.0,0.0,0.0,0.0,0.0,0.0,0.0,0.0,0.0,0.0,0.0,0.30047094135430735,0.0,0.0,0.2129165154558126,0.11268121182030837,0.0,0.0,0.0,0.0,0.0,0.28178978484055567,0.0,0.0,0.07779965147303412,0.0,0.13494465834310745,0.0,0.0,0.1587219552893056,0.0,0.0,0.0,0.0,0.0,0.0,0.0,0.08360135814926636,0.0,0.27901066517032136,0.0,0.0,0.0,0.0,0.07463676576268563,0.19133070383240994,0.17641647321121287,0.0,0.12493191248288502,0.0,0.0,0.0,0.0,0.15769890756559843,0.0,0.0,0.18483709928419528,0.0,0.0,0.16538284130244435,0.0,0.0,0.09119033068829062,0.0,0.0,0.09266813092453494,0.0,0.0,0.0,0.0,0.0,0.0,0.0,0.16305501637533631,0.0,0.0,0.0,0.0,0.0,0.0,0.2560723647939579,0.0,0.1416055443562462,0.0,0.1597679947633714,0.15475813201578384,0.0,0.0,0.38251287290749314,0.16910857302024726,0.0,0.0,0.06154432791886471,0.07057251038800176,0.0,0.12345411224664068,0.0,0.0,0.15199216208718785,0.11154123326762852,0.0,0.0,0.11191813247389268,0.0,0.0,0.1453312760740491,0.0,0.12645817373095553,0.0
22.0,5.0,4.0,1,0.0,0.0,0.0,0.0,0.0,1.0,0.0,0.0,0.0,0.0,0.0,0.0,1.0,0.0,0.0,0.0,0.0,0.0,0.0,0.0,0.0,0.0,0.0,0.0,0.0,0.0,0.0,0.0,0.0,0.0,0.0,0.0,0.0,0.0,0.0,0.0,0.0,0.0,0.0,0.0,0.0,0.0,0.0,0.0,0.0,0.0,0.0,0.0,0.0,0.0,0.0,0.0,0.0,0.0,0.0,0.0,0.0,1.0,0.0,0.0,0.0,0.0,0.0,0.0,0.0,0.0,0.0,0.0,0.0,0.0,0.0,0.0,0.0,0.0,0.0,0.0,0.0,0.0,0.0,0.09193104609137616,0.0,0.0,0.0,0.0,0.0,0.0,0.0,0.0,0.0,0.1343663422285309,0.0,0.0,0.0,0.0,0.0,0.0,0.0,0.0,0.0,0.0,0.0,0.0,0.0,0.5518647103189671,0.0,0.0,0.0,0.0,0.0,0.0,0.22029581832494444,0.20312375668730254,0.0,0.0,0.2723588728462241,0.0,0.0,0.0,0.0,0.0,0.0,0.0,0.0,0.0,0.0,0.0,0.0,0.0,0.0,0.0,0.0,0.0,0.26097157146346844,0.0,0.0,0.0,0.0,0.0,0.0,0.0,0.0,0.0,0.2523500909252329,0.19135453614476697,0.0,0.0,0.15666007152625028,0.0,0.0,0.27593235515948356,0.0,0.23306042895483706,0.0,0.09437584619096226,0.0,0.0,0.0,0.10629207291805623,0.0,0.0,0.0,0.0,0.0,0.26250285805123486,0.0,0.0,0.0,0.0,0.0,0.0,0.0,0.0,0.21840357800340568,0.21155773198199979
22.0,5.0,1.0,1,1.0,0.0,1.0,0.0,0.0,0.0,0.0,1.0,0.0,0.0,0.0,0.0,0.0,0.0,0.0,0.0,0.0,0.0,0.0,0.0,0.0,0.0,0.0,0.0,0.0,0.0,0.0,0.0,0.0,0.0,0.0,0.0,0.0,0.6705133828647449,0.0,0.0,0.0,0.0,0.0,0.0,0.0,0.0,0.0,0.0,0.0,0.0,0.0,0.0,0.0,0.0,0.0,0.0,0.0,0.0,0.74189743455499,0.0,0.0,0.0,0.0,0.0,0.0,0.0,0.0,0.0,0.0,0.0,0.0,0.0,0.0,0.0,0.0,0.0,0.0,0.0,0.0,0.0,0.0,0.0,0.0,0.0,0.0,0.11366010478511665,0.0,0.0,0.21306112393057736,0.0,0.0,0.0,0.0,0.07604747866111129,0.0,0.0,0.0,0.0,0.0,0.0,0.0,0.19206373945106792,0.0,0.0,0.0,0.0,0.1634370432134871,0.0,0.0,0.0,0.0,0.21446110505753072,0.3975486466702167,0.07295582620494792,0.06234054326903081,0.40236768029969117,0.0,0.0,0.0,0.0,0.1202022366706692,0.0,0.15414727548146054,0.13703751298211622,0.0,0.09033713581910191,0.0,0.11245743152419689,0.0,0.12361013303075272,0.29540478192478054,0.08913657832414723,0.0,0.0,0.09058109613114702,0.0,0.0,0.0,0.0,0.0,0.0,0.0,0.0,0.1188163887482504,0.0,0.0,0.0,0.0,0.0,0.0,0.26599526151075786,0.0,0.0,0.0,0.0,0.0,0.1960084985818364,0.16024203004182638,0.16529997698801638,0.0,0.0,0.12031650207956317,0.1379662087471641,0.0,0.0,0.0,0.0,0.0,0.0,0.0,0.0,0.0,0.0,0.1350445598286862,0.0,0.0,0.12361013303075272,0.2394711628174108
22.0,5.0,0.0,1,1.0,0.0,1.0,0.0,0.0,0.0,0.0,1.0,0.0,0.0,0.0,0.0,0.0,0.0,0.0,0.0,0.0,0.0,0.0,0.0,0.0,0.0,0.0,0.0,0.0,0.0,0.0,0.0,0.0,0.0,0.0,0.0,0.0,0.0,0.0,0.0,0.0,0.0,0.0,0.0,0.0,0.0,0.0,0.0,0.0,0.0,1.0,0.0,0.0,0.0,0.0,0.0,0.0,0.0,0.0,0.0,0.0,0.0,0.0,0.0,0.0,0.0,0.0,0.0,0.0,0.0,0.0,0.0,0.0,0.0,0.0,0.0,0.0,0.0,0.0,0.0,0.0,0.0,0.0,0.11127316320095977,0.0,0.0,0.0,0.0,0.0,0.0,0.0,0.0,0.0,0.0,0.0,0.0,0.0,0.3022003012637424,0.0,0.0,0.29162978939272266,0.4107516223194453,0.0,0.0,0.0,0.0,0.0,0.0,0.0,0.0,0.0,0.0,0.0,0.0,0.0,0.0,0.0,0.0,0.0,0.0,0.0,0.0,0.0,0.0,0.0,0.0,0.0,0.0,0.0,0.0,0.0,0.1906293934466254,0.0,0.0,0.0,0.0,0.0,0.0,0.2396614045366238,0.0,0.0,0.0,0.0,0.25410327100767266,0.0,0.0,0.0,0.0,0.0,0.0,0.1896210523775356,0.0,0.0,0.0,0.0,0.0,0.0,0.0,0.0,0.0,0.0,0.2573114454723624,0.4425862286405082,0.0,0.0,0.0,0.2396614045366238,0.0,0.0,0.0,0.20537581115972264,0.23395995549248247,0.0,0.0,0.0,0.1782718101519899,0.0,0.0
22.0,5.0,0.0,1,0.0,0.0,0.0,0.0,0.0,1.0,0.0,0.0,0.0,0.0,0.0,0.0,0.0,0.0,0.0,0.0,0.0,0.0,0.0,0.0,0.0,1.0,0.0,0.0,0.4145708418442163,0.0,0.0,0.0,0.0,0.0,0.0,0.0,0.0,0.0,0.0,0.5399332680635731,0.0,0.0,0.0,0.39167234934259026,0.0,0.0,0.0,0.0,0.0,0.0,0.0,0.0,0.0,0.0,0.0,0.0,0.0,0.0,0.0,0.0,0.0,0.0,0.0,0.0,0.0,0.6190281527452719,0.0,0.0,0.0,0.0,0.0,0.0,0.0,0.0,0.0,0.0,0.0,0.0,0.17773528239982322,0.0,0.0,0.0,0.0,0.17997640687388858,0.0,0.0,0.1520900006804613,0.0,0.12283213865424232,0.1520900006804613,0.0,0.0,0.0,0.08768445665621101,0.0,0.0,0.0,0.0,0.0,0.0,0.0,0.0,0.0,0.25227569661677834,0.0,0.0,0.0942232969717163,0.0,0.0,0.0,0.17336101787704622,0.0,0.15279418284214538,0.08411971170264618,0.07188005125794265,0.06627700041429217,0.0,0.14080508919606166,0.0,0.0,0.0,0.1467729694360558,0.0,0.0,0.0,0.0,0.0,0.0,0.5591864862617614,0.0,0.0,0.0,0.0,0.0,0.0,0.0,0.0,0.0,0.0,0.0,0.0,0.0,0.0,0.27399594760190665,0.0,0.15496528370158014,0.0,0.0,0.0,0.14430377094563088,0.3066985308301177,0.0,0.0,0.0,0.0,0.0,0.0,0.24635022900749978,0.0,0.0,0.0,0.13872763827760298,0.15907814780845342,0.0,0.0,0.0,0.12921174406612287,0.0,0.0,0.0,0.0,0.0,0.1587962394894461,0.0,0.0,0.09611398027187688,0.0,0.0
22.0,4.0,0.0,1,1.0,0.0,1.0,0.0,0.0,0.0,0.0,1.0,0.0,0.0,0.0,0.0,0.0,0.0,0.0,0.0,0.0,0.0,0.0,0.0,0.0,0.0,0.0,0.0,0.0,0.0,0.0,0.0,0.0,0.0,0.0,0.0,0.0,0.0,0.0,0.0,0.0,0.0,0.0,1.0,0.0,0.0,0.0,0.0,0.0,0.0,0.0,0.0,0.0,0.0,0.0,0.0,0.0,0.0,0.0,0.0,0.0,0.0,0.0,0.0,0.0,0.0,0.0,0.0,0.0,0.0,0.0,0.0,0.0,0.0,0.0,0.0,0.0,0.0,0.0,0.0,0.0,0.0,0.0,0.361942699283888,0.306479875476159,0.0,0.0,0.0,0.29642682568597967,0.1835169387027951,0.0,0.0,0.0,0.10580303100381946,0.1726830905544005,0.0,0.0,0.19659581810622898,0.0,0.0,0.0,0.1336068344251526,0.18022783758124203,0.15220219391508594,0.0,0.0,0.2273860337611943,0.0,0.0,0.15813257457313487,0.0,0.0,0.0,0.30450506753560413,0.17346580184942137,0.2399162108228723,0.0,0.0,0.0,0.0,0.0,0.17710122897437924,0.0,0.0,0.0,0.0,0.0,0.0,0.0,0.0,0.0,0.24802716213724676,0.0,0.0,0.0,0.11774103225044204,0.0,0.0,0.15591126049952228,0.1935567886591928,0.0,0.0,0.0,0.0,0.0,0.0,0.0,0.15067679587505603,0.0,0.0,0.12335760674768842,0.0,0.0,0.0,0.0,0.0,0.0,0.07431362955144762,0.0,0.0,0.0,0.08369673014751011,0.0,0.0,0.0,0.0,0.15591126049952228,0.0,0.0,0.0,0.0,0.0,0.0,0.0,0.0,0.0,0.0,0.0
22.0,3.0,2.0,0,1.0,0.0,0.0,0.0,0.0,1.0,0.0,0.0,0.0,0.0,0.0,0.0,0.0,0.0,0.0,0.0,0.0,0.0,0.0,0.0,0.0,1.0,0.0,0.0,0.0,0.0,0.6277048065543938,0.0,0.0,0.0,0.0,0.0,0.0,0.0,0.0,0.7784514601621035,0.0,0.0,0.0,0.0,0.0,0.0,0.0,0.0,0.0,0.0,0.0,0.0,0.0,0.0,0.0,0.0,0.0,0.0,0.0,0.0,0.0,0.0,0.0,0.0,0.0,0.0,0.0,0.0,0.0,0.0,0.0,0.0,0.0,0.0,0.0,0.0,0.0,0.0,0.0,0.0,0.0,0.0,0.0,0.4585607106315874,0.10785902311999537,0.0,0.0,0.0,0.10432106772223626,0.0,0.1348653002000207,0.0,0.0,0.07447021798398161,0.12154422490287266,0.0,0.0,0.0,0.0,0.0,0.1335352065316856,0.0,0.0,0.21425719945749977,0.0,0.12629420341833486,0.0,0.0,0.0,0.0,0.0,0.10500654015033789,0.0,0.14288537572415963,0.12209514183035297,0.16886673612616265,0.0,0.0,0.0,0.0,0.0,0.0,0.0,0.0,0.0,0.08846350089365032,0.0,0.11012501120314258,0.0,0.12104640040533597,0.0,0.17457568705798543,0.0,0.20400341083364307,0.0,0.0,0.0,0.14905395173503488,0.0,0.0,0.0,0.13911182896334595,0.0,0.0,0.0,0.0,0.0,0.21210987487755908,0.0,0.0,0.08682613132464048,0.13554553981009976,0.0,0.0,0.2962705258391504,0.0,0.095971594805593,0.4707556036376352,0.0,0.0,0.0,0.05891054045896432,0.13510472432110845,0.0,0.0,0.0,0.0,0.0,0.0,0.0,0.0,0.0,0.0,0.0,0.0,0.0,0.12104640040533597,0.0
22.0,4.0,0.0,1,1.0,0.0,1.0,0.0,0.0,0.0,0.0,1.0,0.0,0.0,0.0,0.0,0.0,0.0,0.0,0.0,0.0,0.0,0.0,0.0,0.0,0.0,0.0,0.0,0.0,0.0,0.0,0.0,0.0,0.0,0.0,0.0,0.0,0.0,0.0,0.0,0.0,0.0,0.0,0.0,0.0,0.0,0.0,0.0,0.0,0.0,0.0,0.0,0.0,0.0,0.0,0.0,0.0,0.0,0.0,0.0,0.0,0.0,0.0,0.0,0.0,0.0,0.0,0.0,0.0,0.0,0.0,0.0,0.0,0.0,0.0,0.0,0.0,0.0,0.0,0.0,0.21057479865950327,0.0,0.0,0.22382290366236793,0.1579375588522622,0.0,0.0,0.0,0.0,0.0,0.1974827480476229,0.0,0.4031233357438041,0.10904645800936674,0.0,0.0,0.0,0.0,0.0,0.0,0.19553509692910695,0.550810384983427,0.0,0.0,0.0,0.0,0.0,0.0,0.0,0.0,0.0,0.0,0.0,0.1046132571238655,0.17878345353595024,0.08242364061170196,0.0,0.0,0.22103578841783705,0.0,0.0,0.182530325885132,0.0,0.0,0.0,0.0,0.0,0.0,0.0,0.0,0.0,0.0,0.0,0.0,0.12988659018827745,0.0,0.0,0.0,0.0,0.0,0.0,0.0,0.0,0.0,0.0,0.1927184810909926,0.0,0.15529584302534846,0.0,0.0,0.0,0.0,0.0,0.0,0.0,0.0,0.0,0.30636695404739506,0.0,0.0,0.0,0.08626248116863763,0.0,0.0,0.0,0.0,0.0,0.0,0.0,0.0,0.0,0.0,0.0,0.0,0.0,0.1195296123567634,0.0,0.0
22.0,5.0,1.0,1,0.0,0.0,0.0,0.0,0.0,0.0,0.0,0.0,0.0,0.0,0.0,0.0,0.0,0.0,0.0,0.0,0.0,0.0,0.0,1.0,0.0,0.0,0.0,0.0,0.0,0.0,0.0,0.0,0.0,0.0,0.0,0.0,0.0,0.0,0.0,0.0,0.0,0.0,0.0,0.0,0.0,0.0,0.0,0.0,0.0,0.0,0.0,0.0,0.0,0.0,0.0,0.0,0.0,0.0,0.0,0.0,0.0,0.0,0.0,0.0,0.0,0.0,0.0,0.0,0.0,0.0,0.0,0.0,0.0,0.0,0.0,0.0,0.0,0.0,0.0,0.0,0.0,0.0,0.0,0.19421393412152074,0.0,0.0,0.2461822459323356,0.0,0.0,0.0,0.0,0.0,0.0,0.1419314641094332,0.0,0.0,0.0,0.0,0.0,0.0,0.2545023753962208,0.0,0.2417700194265642,0.20417449309421176,0.0,0.24070187633336196,0.0,0.0,0.0,0.0,0.0,0.0,0.0,0.0,0.11634947976356373,0.107280036443217,0.0,0.22791579289829328,0.2876932790245398,0.0,0.0,0.23757577155805873,0.0,0.0,0.0,0.16860101315646286,0.0,0.20988530043636752,0.0,0.23070018189555277,0.0,0.0,0.0,0.0,0.1690563292942596,0.15794592021147258,0.0,0.0,0.0,0.0,0.0,0.0,0.0,0.22175336134922335,0.0,0.0,0.0,0.0,0.3133618390002545,0.0,0.0,0.0,0.0,0.0,0.0,0.0,0.0,0.19937882961296716,0.0,0.0,0.0,0.11227655142109691,0.0,0.0,0.0,0.0,0.0,0.0,0.0,0.0,0.0,0.0,0.0,0.2520408622870086,0.0,0.0,0.0,0.0
22.0,5.0,0.0,1,0.0,0.0,1.0,0.0,0.0,0.0,0.0,1.0,0.0,0.0,0.0,0.0,0.0,0.0,0.0,0.0,0.0,0.0,0.0,0.0,0.0,0.0,0.0,0.0,0.0,0.0,0.0,0.0,0.0,0.0,0.0,0.0,0.0,0.0,0.0,0.0,0.0,0.0,0.0,0.0,0.0,0.0,0.0,0.0,0.0,0.0,0.0,0.0,0.0,0.0,0.0,0.0,0.0,0.0,0.0,0.0,0.0,0.0,0.0,0.0,0.0,0.0,0.0,0.0,0.0,0.0,0.0,0.0,0.0,0.0,0.0,0.0,0.0,0.0,0.0,0.1989459050398691,0.0,0.0,0.0,0.21625012813300593,0.15259393377514427,0.0,0.0,0.0,0.14758859888476195,0.3654865957841322,0.0,0.20582918430855288,0.0,0.0,0.0,0.0,0.0,0.0,0.0,0.0,0.0,0.2660871930008905,0.0,0.0,0.0,0.1786751701910168,0.11321372838344007,0.0,0.0,0.0,0.0,0.14855837342260528,0.0,0.0,0.1727345329838597,0.39817468524929617,0.0,0.0,0.0,0.0,0.16652948567772577,0.0,0.0,0.0,0.0,0.12515405022596196,0.0,0.0,0.0,0.17125082235004233,0.0,0.0,0.0,0.0,0.1254920354949213,0.11724467878961072,0.0,0.0,0.155253995209314,0.0,0.0,0.0,0.0,0.1646095168972758,0.0,0.0,0.0,0.0,0.0,0.0,0.1228375758471707,0.0,0.0,0.0,0.0,0.1827432978920661,0.13577615259659018,0.22200105077854596,0.0,0.0,0.0,0.0833438951088244,0.09556994287269062,0.0,0.0,0.0,0.155253995209314,0.0,0.0,0.0,0.0,0.0,0.0,0.0,0.0,0.0,0.17125082235004233,0.16588297640372157
22.0,5.0,0.0,1,1.0,0.0,0.0,0.0,0.0,1.0,0.0,0.0,0.0,0.0,0.0,0.0,1.0,0.0,0.0,0.0,0.0,0.0,0.0,0.0,0.0,0.0,0.0,0.0,0.0,0.0,0.0,0.0,0.0,0.0,0.0,0.0,0.0,0.0,0.0,0.0,0.0,0.0,0.0,0.0,0.0,0.0,0.0,0.0,0.0,0.0,0.0,0.0,0.0,0.0,0.0,0.0,0.0,0.0,0.0,0.0,0.0,0.0,0.0,0.0,0.0,0.0,0.0,0.0,0.0,0.0,0.0,0.0,0.0,0.0,0.0,0.0,0.0,0.0,0.0,0.0,0.0,0.0,0.28019732109574075,0.2200297861627351,0.0,0.0,0.0,0.0,0.0,0.0,0.0,0.0,0.29721871592300864,0.0,0.0,0.0,0.0,0.0,0.0,0.0,0.0,0.0,0.0,0.0,0.31600814722672466,0.0,0.0,0.0,0.2883320575819255,0.0,0.0,0.0,0.0,0.15426057086727077,0.1318152133023788,0.12154021587020532,0.0,0.0,0.0,0.0,0.0,0.0,0.3259348560676276,0.0,0.0,0.0,0.0,0.0,0.34181614450020775,0.0,0.0,0.18847376793199272,0.0,0.0,0.0,0.1789408530680487,0.0,0.0,0.0,0.0,0.0,0.0,0.0,0.0,0.0,0.0,0.0,0.0,0.0,0.0,0.37495365824400395,0.29267281194660333,0.0,0.0,0.0,0.0,0.0,0.11294061222627906,0.0,0.0,0.0,0.12720089169717214,0.0,0.0,0.0,0.0,0.0,0.0,0.0,0.0,0.0,0.0,0.0,0.0,0.0,0.0,0.0,0.0
22.0,5.0,18.0,1,1.0,0.0,0.0,0.0,0.0,1.0,0.0,0.0,0.0,0.0,0.0,0.0,1.0,0.0,0.0,0.0,0.0,0.0,0.0,0.0,0.0,0.0,0.0,0.0,0.5944952564855494,0.0,0.0,0.0,0.0,0.0,0.0,0.0,0.0,0.0,0.0,0.0,0.0,0.0,0.0,0.0,0.0,0.0,0.0,0.0,0.0,0.0,0.0,0.0,0.8040991170348223,0.0,0.0,0.0,0.0,0.0,0.0,0.0,0.0,0.0,0.0,0.0,0.0,0.0,0.0,0.0,0.0,0.0,0.0,0.0,0.0,0.0,0.0,0.0,0.0,0.0,0.0,0.0,0.0,0.0,0.0,0.11605391845139279,0.3685133435403828,0.0,0.0,0.0,0.11880849759861872,0.0,0.15359451398268026,0.0,0.0,0.08481215642919064,0.13842349458067232,0.0,0.0,0.0,0.0,0.0,0.0,0.0,0.0,0.0,0.0,0.0,0.0,0.0,0.0,0.0,0.0,0.0,0.0,0.1627283653173642,0.06952545962996567,0.0641059492314972,0.0,0.0,0.0,0.0,0.0,0.0,0.0,0.0,0.0,0.2014974705104247,0.0,0.12541845491759274,0.0,0.0,0.0,0.0,0.17652928470536242,0.11616703737481336,0.10102081265359512,0.18876341727862941,0.0,0.0,0.24995824957189405,0.0,0.17302842680997682,0.0,0.0,0.0,0.0,0.0,0.0,0.0,0.0,0.0,0.19776795694705285,0.0,0.1708218916392418,0.0,0.0,0.0,0.32789851292613337,0.297850596270289,0.18435124678523285,0.0,0.15595504718732697,0.2683666092562558,0.23080078164755538,0.0,0.0,0.17652928470536242,0.0,0.0,0.0,0.0,0.0,0.12200592134951482,0.0,0.0,0.0,0.0,0.0,0.13353543127746367
22.0,4.0,0.0,1,1.0,0.0,0.0,0.0,0.0,1.0,0.0,0.0,0.0,0.0,0.0,0.0,0.0,0.0,0.0,0.0,0.0,0.0,0.0,0.0,0.0,1.0,0.0,0.0,0.0,0.0,0.0,0.0,0.0,0.0,0.0,0.0,0.0,0.0,0.0,0.0,0.0,0.0,0.0,0.0,0.0,0.0,0.0,0.0,0.0,0.0,0.0,0.0,0.0,0.0,0.0,0.0,0.0,0.0,0.0,0.0,0.0,0.0,0.0,0.0,0.0,0.0,0.0,0.0,1.0,0.0,0.0,0.0,0.0,0.0,0.0,0.0,0.0,0.0,0.0,0.2547329859337464,0.0,0.0,0.0,0.09229651453383189,0.0,0.0,0.2339869519912825,0.0,0.0,0.0,0.0,0.0,0.0,0.13490051060690356,0.0,0.0,0.22200801744591028,0.0,0.0,0.0,0.0,0.0,0.0,0.0,0.0,0.0,0.0,0.0,0.0,0.0,0.0,0.0,0.0,0.0,0.0,0.1019656338002599,0.0,0.0,0.0,0.0,0.42645314186484,0.22580682227233587,0.0,0.0,0.0,0.0,0.0,0.0,0.0,0.0,0.0,0.1581192452581438,0.0,0.1847729537526525,0.0,0.0,0.0,0.0,0.0,0.0,0.0,0.0,0.0,0.0,0.0,0.2384105084855545,0.0,0.0,0.0,0.0,0.0,0.0,0.0,0.5540586278767646,0.26834247498828345,0.2339869519912825,0.0,0.0,0.0,0.0,0.0,0.10671463308664324,0.0,0.0,0.0,0.0,0.0,0.0,0.0,0.0,0.0,0.0,0.0,0.0,0.0,0.0,0.0,0.0
22.0,5.0,0.0,1,0.0,1.0,0.0,1.0,0.0,0.0,0.0,0.0,0.0,0.0,0.0,0.0,0.0,0.0,1.0,0.0,0.0,0.0,0.0,0.0,0.0,0.0,0.0,0.0,0.0,0.0,0.0,0.0,0.0,0.0,0.0,0.0,0.0,0.0,0.0,0.0,0.0,0.0,0.0,0.0,0.0,0.0,0.0,0.0,0.0,0.0,0.0,0.0,0.0,0.0,0.0,0.0,0.0,0.0,0.0,0.0,0.0,0.0,0.0,0.0,0.0,0.0,0.0,0.0,0.0,0.0,0.0,0.0,0.0,0.0,0.0,0.0,0.0,0.0,0.0,0.0,0.0,0.0,0.0,0.21204639831982292,0.4488828886506587,0.46321479838682744,0.0,0.0,0.0,0.0,0.0,0.0,0.0,0.0,0.0,0.0,0.0,0.0,0.0,0.0,0.0,0.0,0.0,0.0,0.0,0.0,0.16651941585880908,0.0,0.0,0.0,0.0,0.0,0.0,0.0,0.0,0.0,0.0,0.0,0.0,0.0,0.0,0.0,0.31410889189754415,0.0,0.0,0.0,0.0,0.0,0.0,0.0,0.0,0.0,0.0,0.0,0.0,0.0,0.0,0.0,0.22835397227128892,0.0,0.0,0.0,0.0,0.24211445899651624,0.0,0.0,0.29103295443406857,0.0,0.0,0.0,0.0,0.0,0.0,0.0,0.0,0.0,0.0,0.0,0.0,0.0,0.0,0.0,0.2811364184901802,0.0,0.0,0.0,0.0,0.0,0.0,0.0,0.0,0.22292152252223865,0.0,0.0,0.0,0.16986079202410345,0.0,0.2439875157022807
22.0,4.0,1.0,0,0.0,0.0,1.0,0.0,0.0,0.0,0.0,1.0,0.0,0.0,0.0,0.0,0.0,0.0,0.0,0.0,0.0,0.0,0.0,0.0,0.0,0.0,0.0,0.0,0.0,0.0,0.0,0.4461726970872812,0.0,0.0,0.0,0.0,0.44242783070151864,0.0,0.0,0.0,0.0,0.0,0.0,0.0,0.0,0.0,0.0,0.0,0.6398790148265201,0.0,0.0,0.0,0.0,0.0,0.44242783070151864,0.0,0.0,0.0,0.0,0.0,0.0,0.0,0.0,0.0,0.0,0.0,0.0,0.0,0.0,0.0,0.0,0.0,0.0,0.0,0.0,0.0,0.0,0.0,0.0,0.0,0.0,0.0,0.0,0.2377208336006629,0.0,0.0,0.0,0.0,0.0,0.20088722945457413,0.0,0.0,0.0,0.11581752570903135,0.0,0.0,0.0,0.0,0.0,0.23476065683398828,0.0,0.14625302162070195,0.1972868075187288,0.0,0.22761075971710365,0.0,0.0,0.0,0.0,0.1731001782018723,0.0,0.0,0.2018173445368224,0.0,0.0,0.35016642593775116,0.0,0.0,0.0,0.0,0.1830636055394616,0.0,0.0,0.20870311497946029,0.0,0.1375801503799153,0.0,0.0,0.0,0.0,0.0,0.0,0.0,0.0,0.13795169300315177,0.12888548560750765,0.0,0.0,0.0,0.0,0.0,0.21634941139635527,0.0,0.0,0.0,0.20468503100251342,0.0,0.0,0.0,0.0,0.0,0.0,0.0,0.0,0.0,0.0,0.1492568834849438,0.16269516325662756,0.0,0.0,0.0,0.09161881378682976,0.0,0.18378166930435139,0.0,0.0,0.0,0.0,0.0,0.23476065683398828,0.2925060432414039,0.0,0.20974512759626815,0.0,0.0,0.0,0.0,0.18235290666092818
22.0,5.0,0.0,1,1.0,0.0,0.0,0.0,0.0,0.0,0.0,0.0,0.0,0.0,0.0,0.0,0.0,0.0,0.0,0.0,0.0,1.0,0.0,0.0,0.0,0.0,0.0,0.0,0.0,0.0,0.0,0.0,0.0,0.0,0.0,0.0,0.0,0.0,0.0,0.0,0.0,0.0,0.0,0.0,0.0,0.0,0.0,0.0,0.0,0.0,0.0,0.0,0.0,0.0,0.0,1.0,0.0,0.0,0.0,0.0,0.0,0.0,0.0,0.0,0.0,0.0,0.0,0.0,0.0,0.0,0.0,0.0,0.0,0.0,0.0,0.0,0.0,0.0,0.16244417720513887,0.0,0.0,0.0,0.0,0.2193233212615468,0.2321437354664468,0.11977780434457798,0.0,0.0,0.0,0.0,0.0,0.0,0.14813220758464452,0.0,0.0,0.0,0.13188888003750204,0.0,0.0,0.0,0.0,0.0,0.0,0.11528582679936868,0.0,0.0,0.25835094321386914,0.1645755246735296,0.0,0.11977780434457798,0.31689248784190927,0.11300218458212524,0.0,0.07688263787451266,0.06569599252551847,0.0,0.0,0.0,0.0,0.0,0.0,0.0,0.0,0.0,0.0,0.09519948797906477,0.15565239992842392,0.11851039778350497,0.0,0.130263387994901,0.0,0.0,0.0,0.10976854895610177,0.0954565793356074,0.0,0.0,0.16040355336479867,0.11809526598576578,0.0,0.0,0.0,0.3359229100968115,0.0,0.0,0.0,0.0,0.0,0.0,0.0,0.18687488425866966,0.0,0.0,0.0,0.0,0.13900523682230423,0.0,0.05628899298311273,0.34839433483306986,0.0,0.294730064896101,0.1267924789683726,0.07269608623326267,0.0,0.0,0.0,0.0,0.15656571179234627,0.0,0.0,0.10120073815324526,0.11528582679936868,0.0,0.0,0.0,0.0,0.0,0.0
22.0,3.0,0.0,1,1.0,0.0,1.0,0.0,0.0,0.0,0.0,1.0,0.0,0.0,0.0,0.0,0.0,0.0,0.0,0.0,0.0,0.0,0.0,0.0,0.0,0.0,0.0,0.0,0.0,0.0,0.0,0.0,0.0,0.0,0.0,0.0,0.6842321510325209,0.0,0.0,0.0,0.0,0.0,0.0,0.0,0.0,0.0,0.0,0.0,0.0,0.0,0.0,0.0,0.0,0.0,0.0,0.0,0.0,0.0,0.0,0.0,0.0,0.0,0.0,0.0,0.0,0.0,0.0,0.0,0.0,0.7292642617689488,0.0,0.0,0.0,0.0,0.0,0.0,0.0,0.0,0.0,0.0,0.0,0.0,0.0,0.27745197955362766,0.0,0.0,0.1172311207120468,0.0,0.09467913215509809,0.0,0.0,0.0,0.0,0.0675872646251824,0.0,0.0,0.0,0.1255859445280944,0.0,0.0,0.0,0.3413936401765176,0.0,0.09722717637740344,0.0,0.0,0.0,0.0,0.0,0.0,0.0,0.09530124939398325,0.11777390500838655,0.0648395557416969,0.055405213545314504,0.2554318824787284,0.0,0.0,0.0,0.0,0.10682984526814823,0.11313274784825668,0.0,0.24358442427192528,0.13127063197234135,0.16057442039058556,0.0,0.09994664277253705,0.0,0.21971723240775223,0.13127063197234135,0.0792202136486901,0.0,0.0,0.24151209042196492,0.15042658472923118,0.13127063197234135,0.0,0.0,0.0,0.0,0.0,0.0,0.0,0.0,0.0,0.0,0.0,0.0,0.0,0.07880117546428539,0.0,0.0,0.0,0.0,0.0,0.08710136414561884,0.47471749137037,0.0,0.0,0.12428141775504747,0.10693139875242398,0.1226175913271425,0.10724888345255296,0.0,0.0,0.0,0.0,0.09689975092101016,0.0,0.0853484100441294,0.09722717637740344,0.0,0.0,0.0,0.1481694992827389,0.0,0.10641510498701896
22.0,5.0,2.0,1,1.0,0.0,0.0,0.0,0.0,1.0,0.0,0.0,1.0,0.0,0.0,0.0,0.0,0.0,0.0,0.0,0.0,0.0,0.0,0.0,0.0,0.0,0.0,0.0,0.0,0.0,0.0,0.0,0.0,0.0,0.0,0.0,0.0,0.0,0.0,0.0,0.0,0.0,0.0,0.0,0.5960660249565175,0.0,0.0,0.0,0.0,0.0,0.0,0.0,0.0,0.0,0.0,0.0,0.0,0.0,0.0,0.0,0.0,0.0,0.0,0.0,0.0,0.0,0.0,0.0,0.0,0.0,0.5255695866998247,0.6070271027134716,0.0,0.0,0.0,0.0,0.0,0.0,0.134754386179819,0.0,0.0,0.1919184210710687,0.11584467666033207,0.1819380666023899,0.0,0.0,0.0,0.13389898899115377,0.0,0.23062156718754226,0.0,0.1298779479349454,0.0,0.0,0.10850345818742009,0.0,0.0,0.0,0.0,0.0,0.11920789910041056,0.0,0.0,0.0,0.0,0.0,0.07143771554991524,0.0,0.0,0.0,0.0,0.0,0.11584467666033207,0.12755486657526696,0.1634928989065081,0.20099816734364803,0.0,0.0,0.0,0.0,0.0,0.0,0.0,0.0,0.0,0.0,0.0,0.0,0.282640680375226,0.0,0.0,0.0,0.0,0.0,0.0,0.14796248004033608,0.0,0.0,0.09796506930844237,0.0,0.0,0.0,0.0,0.10386839134110352,0.0,0.0,0.0,0.0,0.0,0.21881492312221995,0.0,0.0,0.0,0.0,0.5289659239382496,0.0,0.0,0.3735529991224353,0.0,0.0,0.12224559127674259,0.1577696686599994,0.12060901962238636,0.0,0.0,0.0,0.09796506930844237,0.1298779479349454,0.0,0.0,0.08395033657355214,0.0,0.0,0.0,0.0,0.07287118370622897,0.0,0.0
22.0,5.0,3.0,1,0.0,0.0,0.0,0.0,0.0,0.0,0.0,0.0,0.0,0.0,0.0,0.0,0.0,0.0,0.0,0.0,0.0,0.0,0.0,1.0,0.0,0.0,0.0,0.0,0.0,0.0,0.0,0.0,0.0,0.0,0.0,0.0,0.0,0.0,0.0,0.0,0.0,0.0,0.0,0.0,0.0,0.0,0.7832263602269648,0.0,0.0,0.0,0.6217366553820203,0.0,0.0,0.0,0.0,0.0,0.0,0.0,0.0,0.0,0.0,0.0,0.0,0.0,0.0,0.0,0.0,0.0,0.0,0.0,0.0,0.0,0.0,0.0,0.0,0.0,0.0,0.0,0.16685083665859193,0.0,0.0,0.0,0.0,0.22527295395154723,0.0,0.12302704357807995,0.0,0.0,0.0,0.0,0.0,0.0,0.0,0.08231469158797364,0.1343473358615829,0.0,0.0,0.0,0.0,0.0,0.0,0.0,0.14021714430403973,0.11841321115536835,0.0,0.0,0.0,0.0,0.14760141220690934,0.0,0.0,0.1160676200659766,0.0,0.15793650070550114,0.06747814237845515,0.24887288153559078,0.0,0.13218223540614196,0.0,0.0,0.0,0.0,0.0,0.0,0.1598748173237305,0.0,0.0,0.0,0.0,0.13379707199652366,0.0,0.1929649761737996,0.0,0.0,0.0,0.09160244905077362,0.1598748173237305,0.0,0.0,0.15058705986093052,0.0,0.0,0.0,0.0,0.0,0.0,0.0,0.35167935731836136,0.36347519268677553,0.0,0.2879164214331425,0.14982350807666087,0.0,0.0,0.0,0.0,0.0,0.28907978529884976,0.0,0.0,0.0,0.06511600342305357,0.0,0.0,0.0,0.17133102421348453,0.1212988626256567,0.0,0.0,0.0,0.0,0.0,0.0,0.0,0.0,0.2706839824893317,0.0,0.0
22.0,3.0,0.0,0,0.0,1.0,0.0,1.0,0.0,0.0,0.0,0.0,0.0,0.0,0.0,0.0,0.0,0.0,0.0,0.0,0.0,0.0,0.0,0.0,1.0,0.0,0.0,0.0,0.0,0.0,0.0,0.52192756909784,0.0,0.0,0.678038974942488,0.0,0.0,0.0,0.0,0.0,0.0,0.0,0.0,0.0,0.0,0.0,0.0,0.0,0.0,0.0,0.0,0.0,0.0,0.0,0.5175468684810676,0.0,0.0,0.0,0.0,0.0,0.0,0.0,0.0,0.0,0.0,0.0,0.0,0.0,0.0,0.0,0.0,0.0,0.0,0.0,0.0,0.0,0.0,0.0,0.0,0.0,0.0,0.0,0.0,0.28261268795433914,0.0,0.0,0.0,0.0,0.0,0.0,0.0,0.0,0.0,0.0,0.0,0.0,0.0,0.0,0.0,0.0,0.0,0.0,0.0,0.0,0.0,0.0,0.22193491653399638,0.0,0.0,0.0,0.0,0.0,0.0,0.0,0.1693073124068193,0.0,0.0,0.0,0.0,0.0,0.0,0.0,0.0,0.37217277561715756,0.0,0.0,0.0,0.0,0.0,0.0,0.0,0.0,0.0,0.2828881533882769,0.24600430372647705,0.22983686141930426,0.0,0.0,0.0,0.0,0.0,0.0,0.0,0.32268700903098285,0.0,0.0,0.0,0.0,0.0,0.0,0.0,0.0,0.0,0.0,0.0,0.0,0.2661644442251145,0.4351926694625388,0.0,0.0,0.0,0.16338054287858486,0.0,0.0,0.0,0.0,0.0,0.0,0.0,0.0,0.26080776515640275,0.0,0.0,0.0,0.0,0.22638825932605888,0.0,0.0
22.0,5.0,9.0,1,1.0,0.0,0.0,0.0,0.0,1.0,0.0,0.0,0.0,0.0,0.0,0.0,0.0,0.0,0.0,0.0,0.0,0.0,0.0,0.0,0.0,1.0,0.0,0.0,0.0,0.0,0.0,0.0,0.0,0.0,0.0,0.0,0.0,0.0,0.0,0.0,0.0,0.0,0.0,0.0,0.8017085331485411,0.0,0.0,0.0,0.0,0.0,0.5977151728681602,0.0,0.0,0.0,0.0,0.0,0.0,0.0,0.0,0.0,0.0,0.0,0.0,0.0,0.0,0.0,0.0,0.0,0.0,0.0,0.0,0.0,0.0,0.0,0.0,0.0,0.0,0.0,0.0,0.16235030649837714,0.0,0.1241012939180105,0.0,0.11764764086891219,0.0,0.0,0.14912812815803153,0.0,0.0,0.0,0.0,0.0,0.0,0.0,0.0,0.0,0.14149353113936744,0.0,0.0,0.0,0.3083363116692238,0.0,0.0,0.12368138026136767,0.0,0.0,0.09238834797424997,0.0,0.0,0.0,0.0,0.0,0.14981859674363468,0.08248152469776711,0.14096045036545837,0.12997258159631556,0.0,0.0,0.0,0.0,0.0,0.0,0.0,0.15493023106615736,0.0,0.10213227766425395,0.0,0.0,0.3655310829745048,0.0,0.0,0.0,0.0,0.11776231320962798,0.10240809139360159,0.0,0.0,0.0,0.12669541352096927,0.0,0.0,0.0,0.0,0.13433001053963337,0.0,0.0,0.0,0.1224418229975339,0.0,0.4244805934181023,0.10024191291753032,0.15648911209922456,0.0,0.0,0.1710241133522138,0.0,0.0,0.18116451620170748,0.0,0.0,0.0,0.13602599071315008,0.15598018480756687,0.0,0.0,0.0,0.12669541352096927,0.3359348477377085,0.0,0.0,0.0,0.0,0.0,0.0,0.0,0.09424221121464128,0.0,0.13536922037480598
22.0,5.0,1.0,1,1.0,0.0,1.0,0.0,0.0,0.0,0.0,1.0,0.0,0.0,0.0,0.0,0.0,0.0,0.0,0.0,0.0,0.0,0.0,0.0,0.0,0.0,0.0,0.0,0.0,1.0,0.0,0.0,0.0,0.0,0.0,0.0,0.0,0.0,0.0,0.0,0.0,0.0,0.0,0.0,0.0,0.0,0.0,0.0,0.0,0.0,0.0,0.0,0.0,0.0,0.0,0.0,0.0,0.0,0.0,0.0,0.0,0.0,0.0,0.0,0.0,0.0,0.0,0.0,0.0,0.0,0.0,0.0,0.0,0.0,0.0,0.0,0.0,0.0,0.0,0.0,0.0,0.0,0.0,0.12339225567608178,0.0,0.0,0.0,0.0,0.0,0.0,0.3266132465442307,0.0,0.3333593003609427,0.0,0.0,0.0,0.0,0.0,0.0,0.0,0.3233920605862523,0.22774390402235467,0.0,0.259441232869024,0.0,0.0,0.0,0.0,0.0,0.0,0.0,0.0,0.0,0.17301802754209428,0.0,0.2726380214811572,0.0,0.0,0.0,0.356570187399165,0.28506501778876026,0.0,0.0,0.0,0.0,0.21423858609065072,0.0,0.0,0.0,0.0,0.0,0.0,0.0,0.24702505470144065,0.0,0.0,0.0,0.0,0.0,0.0,0.0,0.0,0.0,0.0,0.0,0.0,0.0,0.0,0.0,0.0,0.0,0.0,0.0,0.0,0.0,0.0,0.0,0.2533474606884561,0.0,0.0,0.0,0.14266800167605043,0.0,0.0,0.0,0.0,0.0,0.0,0.0,0.0,0.0,0.0,0.0,0.0,0.0,0.19768792533007198,0.0,0.0
22.0,4.0,0.0,1,1.0,0.0,0.0,0.0,1.0,0.0,0.0,0.0,0.0,0.0,1.0,0.0,0.0,0.0,0.0,0.0,0.0,0.0,0.0,0.0,0.0,0.0,0.0,0.0,0.5066719669339462,0.0,0.0,0.0,0.0,0.0,0.685311576153486,0.0,0.5230980419704424,0.0,0.0,0.0,0.0,0.0,0.0,0.0,0.0,0.0,0.0,0.0,0.0,0.0,0.0,0.0,0.0,0.0,0.0,0.0,0.0,0.0,0.0,0.0,0.0,0.0,0.0,0.0,0.0,0.0,0.0,0.0,0.0,0.0,0.0,0.0,0.0,0.0,0.0,0.0,0.0,0.0,0.0,0.0,0.0,0.13882514658363662,0.0,0.19740871114086933,0.0,0.0,0.0,0.0,0.1347295159381722,0.0,0.0,0.18789572214512923,0.0,0.0,0.0,0.16682126025986213,0.15828086541979497,0.0,0.0,0.0,0.0,0.0,0.1638313891444322,0.0,0.0,0.0,0.10334965531156239,0.0,0.0,0.0,0.0,0.0,0.0,0.0,0.31536907580365225,0.14539302631190035,0.0,0.15444330544806767,0.0,0.1901525633032407,0.0,0.16098922758799472,0.0,0.0,0.0,0.11424964212724488,0.0,0.1422252453511136,0.0,0.15633009984226695,0.0,0.0,0.20018521871740066,0.0,0.22911635890693877,0.10702939752131259,0.0,0.19250154551142898,0.0,0.0,0.0,0.0,0.0,0.0,0.18572406541927008,0.16997503983143689,0.0,0.0,0.0,0.0,0.22426999453839983,0.0,0.0,0.0,0.0,0.0,0.37183878944950194,0.2702114240546278,0.0,0.0,0.0,0.1521646350634616,0.0,0.0,0.0,0.0,0.0,0.0,0.0,0.0,0.0,0.0,0.0,0.0,0.0,0.21084693596961587,0.0,0.0
22.0,4.0,9.0,1,0.0,0.0,0.0,0.0,0.0,1.0,0.0,0.0,0.0,0.0,0.0,0.0,1.0,0.0,0.0,0.0,0.0,0.0,0.0,0.0,0.0,0.0,0.0,0.0,0.0,0.0,0.0,0.0,0.6841890104950538,0.0,0.0,0.0,0.511278960827726,0.0,0.0,0.0,0.0,0.0,0.0,0.0,0.0,0.0,0.0,0.0,0.0,0.0,0.0,0.0,0.0,0.0,0.0,0.0,0.0,0.0,0.0,0.0,0.0,0.0,0.0,0.0,0.0,0.0,0.0,0.0,0.0,0.0,0.0,0.0,0.0,0.5200761695489612,0.0,0.0,0.0,0.0,0.0,0.0,0.0,0.0,0.0,0.25303468466713236,0.0,0.0,0.1603712093364993,0.0,0.0,0.0,0.16744259879724263,0.0,0.0,0.09245882234897604,0.0,0.0,0.0,0.17180053962895683,0.0,0.0,0.0,0.0,0.15749693991907104,0.0,0.0,0.0,0.0993536985693991,0.1898718100298785,0.0,0.0,0.0,0.0,0.0,0.1773999583724655,0.07579387662457111,0.1397714860948275,0.0,0.0,0.5622385834577553,0.0,0.0,0.1547646689529749,0.0,0.0,0.0,0.0,0.0,0.0,0.0,0.0,0.1795771453169054,0.10837260097463808,0.0,0.0,0.22025770276189346,0.0,0.0,0.0,0.0,0.0,0.0,0.17271489501386658,0.0,0.0,0.0,0.0,0.0,0.0,0.0,0.0,0.0,0.16828715323746954,0.0,0.0,0.0,0.1603712093364993,0.0,0.1948228876134051,0.0,0.0,0.0,0.14628127437331104,0.08386992842695636,0.14671559083293598,0.0,0.0,0.0,0.0,0.0,0.0,0.23351184652315482,0.13300597794605074,0.0,0.0,0.17271489501386658,0.10134732843304883,0.0,0.0
22.0,4.0,3.0,1,1.0,0.0,1.0,0.0,0.0,0.0,0.0,1.0,0.0,0.0,0.0,0.0,0.0,0.0,0.0,0.0,0.0,0.0,0.0,0.0,0.0,0.0,0.0,0.0,0.0,0.0,0.0,0.0,0.0,0.0,0.0,0.0,0.0,0.0,0.0,0.0,0.0,0.0,0.0,0.0,0.0,0.0,0.7832263602269648,0.0,0.0,0.0,0.6217366553820203,0.0,0.0,0.0,0.0,0.0,0.0,0.0,0.0,0.0,0.0,0.0,0.0,0.0,0.0,0.0,0.0,0.0,0.0,0.0,0.0,0.0,0.0,0.0,0.0,0.0,0.0,0.0,0.0,0.0,0.0,0.17061973890903792,0.0,0.08087349105956788,0.0,0.0,0.0,0.0,0.0,0.0,0.0,0.0,0.0,0.11820462878367385,0.0,0.0,0.19453132661345357,0.0,0.0,0.0,0.21195693990078457,0.1492674275618514,0.0,0.0,0.0,0.0,0.25403886312447527,0.0,0.0,0.0,0.0,0.0,0.0,0.3401973282740289,0.09689921224247806,0.17869183500977712,0.0,0.0,0.2395992845140632,0.0,0.18683671062837748,0.0,0.0,0.0,0.229581658742074,0.0,0.0,0.0,0.0,0.0,0.0,0.0,0.0,0.0,0.0,0.0,0.0,0.0,0.17418624490895168,0.0,0.0,0.0,0.0,0.18468261371281586,0.0,0.0,0.0,0.0,0.0,0.19453132661345357,0.0,0.0,0.23807835031526067,0.0,0.0,0.0,0.0,0.08302422824143113,0.0,0.0,0.0,0.09350715970638507,0.1072240972138173,0.0,0.0,0.0,0.0,0.0,0.16946978325530296,0.0,0.2985348551237028,0.1700424237481817,0.0,0.20990692058233215,0.0,0.25913640323969117,0.0,0.18611136360857436
22.0,4.0,0.0,1,1.0,0.0,1.0,0.0,0.0,0.0,0.0,1.0,0.0,0.0,0.0,0.0,0.0,0.0,0.0,0.0,0.0,0.0,0.0,0.0,0.0,0.0,0.0,0.0,0.0,0.0,0.0,0.7100804651548502,0.0,0.0,0.0,0.0,0.7041205386902668,0.0,0.0,0.0,0.0,0.0,0.0,0.0,0.0,0.0,0.0,0.0,0.0,0.0,0.0,0.0,0.0,0.0,0.0,0.0,0.0,0.0,0.0,0.0,0.0,0.0,0.0,0.0,0.0,0.0,0.0,0.0,0.0,0.0,0.0,0.0,0.0,0.0,0.0,0.0,0.0,0.0,0.0,0.0,0.0,0.0,0.0,0.10070187320515336,0.0,0.0,0.0,0.14822493459989614,0.0,0.0,0.0,0.0,0.0,0.07359288800373538,0.0,0.0,0.0,0.0,0.0,0.0,0.0,0.3717289650058861,0.25072036104131923,0.0,0.0,0.0,0.2372426587041311,0.0,0.0,0.0,0.0,0.1037694632585308,0.0,0.07060102506549369,0.12065674496151038,0.389380425938572,0.0,0.0,0.0,0.0,0.0,0.24637084184790292,0.14917185132646837,0.0,0.0,0.17484263346953277,0.0,0.0,0.0,0.0,0.0,0.0,0.0,0.0,0.43828701359983246,0.08189654415040507,0.0,0.0,0.10844641995226344,0.0,0.0,0.0,0.0,0.0,0.0,0.0,0.13821297559478973,0.0,0.0,0.0,0.0,0.0,0.0,0.0,0.0,0.0,0.09484095816111451,0.3101397699958144,0.0,0.0,0.0,0.05821651827538115,0.20026959329991909,0.11677873209132107,0.0,0.0,0.0,0.0,0.0,0.0,0.0,0.10586652295728069,0.0,0.0,0.0,0.08066772214229645,0.0,0.0
22.0,5.0,2.0,1,0.0,0.0,1.0,0.0,0.0,0.0,0.0,1.0,0.0,0.0,0.0,0.0,0.0,0.0,0.0,0.0,0.0,0.0,0.0,0.0,0.0,0.0,0.0,0.0,0.0,0.0,0.0,0.0,0.0,0.0,0.0,0.0,0.0,0.0,0.0,0.0,0.0,0.0,0.0,0.0,0.0,0.0,0.0,0.0,0.0,0.0,0.0,0.0,0.0,0.0,0.0,0.0,0.0,0.0,0.0,0.0,0.0,0.0,0.0,0.0,0.0,0.0,0.0,0.0,0.0,0.0,0.0,0.0,0.0,0.0,0.0,0.0,0.0,0.0,0.0,0.0,0.0,0.0,0.0,0.23126378984097695,0.0,0.0,0.14657300322811043,0.0,0.0,0.0,0.0,0.0,0.0,0.0,0.13792012534745235,0.0,0.0,0.0,0.0,0.0,0.15152667630128375,0.3201310207971103,0.14394603357225905,0.12156225369566717,0.0,0.2866201562440785,0.09080538858182016,0.0,0.0,0.0,0.0,0.0,0.0,0.08106830639605386,0.13854526843224174,0.06387283156164464,0.0,0.0,0.0,0.0,0.0,0.0,0.0,0.0,0.0,0.10038236816003876,0.0,0.12496237777783588,0.0,0.4120656838307899,0.16412647637395555,0.0,0.0,0.0,0.20130691232860606,0.09403849487743361,0.0,0.0,0.0,0.0,0.0,0.0,0.0,0.0,0.0,0.0,0.0,0.0,0.0,0.0,0.39409756984499056,0.0,0.0,0.0,0.0,0.14657300322811043,0.1089020428239981,0.29676747937085757,0.0,0.0,0.0,0.13369535460659296,0.0,0.0,0.0,0.0,0.0,0.0,0.0,0.17128801370493485,0.10671034026570345,0.0,0.0,0.0,0.0,0.0,0.0,0.13304983721083896
22.0,4.0,1.0,1,0.0,0.0,1.0,0.0,0.0,0.0,0.0,1.0,0.0,0.0,0.0,0.0,0.0,0.0,0.0,0.0,0.0,0.0,0.0,0.0,0.0,0.0,0.0,0.0,0.0,0.0,0.0,0.0,0.0,0.0,0.0,0.0,0.0,0.0,0.0,0.0,0.0,0.0,0.0,0.0,0.0,0.0,1.0,0.0,0.0,0.0,0.0,0.0,0.0,0.0,0.0,0.0,0.0,0.0,0.0,0.0,0.0,0.0,0.0,0.0,0.0,0.0,0.0,0.0,0.0,0.0,0.0,0.0,0.0,0.0,0.0,0.0,0.0,0.0,0.22478431406149887,0.0,0.0,0.16006993115110502,0.0,0.30349159431678874,0.1606160074134332,0.0,0.0,0.0,0.0,0.0,0.0,0.0,0.0,0.0,0.0,0.0,0.0,0.0,0.0,0.0,0.0,0.28007576386769933,0.0,0.0,0.0,0.0,0.0,0.0,0.0,0.0,0.21925212013241688,0.31273658417028627,0.19324095429458213,0.0,0.2727231385669673,0.16764291113192237,0.0,0.35615635752168884,0.0,0.0,0.0,0.0,0.0,0.0,0.0,0.0,0.0,0.0,0.0,0.0,0.0,0.1299828657613369,0.0,0.0,0.0,0.0,0.0,0.0,0.0,0.0,0.2262425681761004,0.0,0.0,0.0,0.0,0.0,0.0,0.0,0.0,0.0,0.12929531669319258,0.0,0.0,0.0,0.0,0.0,0.0,0.2336719523213772,0.0,0.0,0.0,0.2631761960024354,0.0,0.0,0.0,0.0,0.0,0.0,0.15899107987928168,0.22478431406149887,0.0,0.0,0.0,0.0,0.0,0.0,0.0,0.17460367334839894
22.0,5.0,0.0,1,0.0,0.0,0.0,0.0,0.0,1.0,0.0,0.0,1.0,0.0,0.0,0.0,0.0,0.0,0.0,0.0,0.0,0.0,0.0,0.0,0.0,0.0,0.0,0.0,0.4273845693542238,0.0,0.0,0.0,0.0,0.0,0.0,0.6381613316128824,0.0,0.0,0.0,0.0,0.0,0.45282035329254877,0.0,0.0,0.0,0.0,0.0,0.0,0.0,0.0,0.0,0.0,0.0,0.0,0.0,0.0,0.0,0.0,0.45282035329254877,0.0,0.0,0.0,0.0,0.0,0.0,0.0,0.0,0.0,0.0,0.0,0.0,0.0,0.0,0.0,0.0,0.0,0.0,0.0,0.5067118590383645,0.0,0.0,0.36083181661656644,0.0,0.17103372025850483,0.0,0.0,0.0,0.0,0.0,0.0,0.0,0.0,0.0,0.0,0.0,0.0,0.0,0.0,0.0,0.0,0.0,0.0,0.0,0.0,0.0,0.0,0.268624559674426,0.0,0.0,0.0,0.0,0.0,0.0,0.0,0.2049254031551885,0.18895146556138057,0.0,0.0,0.0,0.0,0.0,0.0,0.0,0.0,0.0,0.0,0.0,0.0,0.0,0.0,0.0,0.0,0.0,0.0,0.0,0.0,0.0,0.0,0.0,0.0,0.0,0.0,0.0,0.3905724122518921,0.0,0.0,0.0,0.0,0.0,0.0,0.2914592620045422,0.0,0.0,0.0,0.0,0.0,0.0,0.1755821647078909,0.0,0.0,0.0,0.19775178721553574,0.226760784128029,0.0,0.0,0.0,0.0,0.0,0.0,0.0,0.0,0.0,0.0,0.0,0.0,0.27401477616347414,0.0,0.0
22.0,4.0,10.0,1,0.0,0.0,0.0,0.0,0.0,1.0,0.0,0.0,0.0,0.0,0.0,0.0,0.0,0.0,0.0,0.0,0.0,0.0,0.0,0.0,0.0,1.0,0.0,0.0,0.0,0.0,0.4421170469690524,0.43831746985865233,0.0,0.0,0.0,0.0,0.0,0.0,0.0,0.0,0.0,0.0,0.0,0.0,0.0,0.0,0.0,0.0,0.0,0.0,0.0,0.0,0.0,0.0,0.0,0.5583764042773816,0.0,0.0,0.0,0.0,0.0,0.0,0.0,0.0,0.0,0.0,0.0,0.0,0.5482938113295972,0.0,0.0,0.0,0.0,0.0,0.0,0.0,0.0,0.0,0.0,0.0,0.0,0.0,0.0,0.05340666749626595,0.0,0.11666672441888151,0.0,0.0,0.0,0.13539474818285266,0.0,0.15249911159312834,0.0,0.0,0.0,0.0,0.0,0.0,0.0,0.0,0.13997063394319742,0.0,0.0,0.0,0.0,0.0,0.0,0.0,0.0,0.0,0.0,0.0,0.13602163072627763,0.29954282680615735,0.06398962059239414,0.4720130312977624,0.0,0.0,0.0,0.0,0.0,0.0,0.0,0.0,0.0,0.0,0.0,0.0,0.0,0.0,0.0,0.0,0.0,0.0,0.09297721306761066,0.26060020712564774,0.0,0.0,0.1150278879073436,0.0,0.0,0.0,0.0,0.0,0.0,0.0,0.0,0.0,0.0,0.0,0.0,0.0,0.0,0.0,0.15527430704407688,0.0,0.20119345773117983,0.4386156495762776,0.0,0.0,0.0,0.0617496007842774,0.07080789554722895,0.0,0.0,0.1624734595335813,0.1150278879073436,0.0,0.0,0.0,0.2957165234506951,0.11229142041969395,0.0,0.2772337131940701,0.0,0.0,0.0,0.12290291396223658
22.0,5.0,0.0,1,0.0,0.0,1.0,0.0,0.0,0.0,0.0,1.0,0.0,0.0,0.0,0.0,0.0,0.0,0.0,0.0,0.0,0.0,0.0,0.0,0.0,0.0,0.0,0.0,0.0,0.0,0.0,0.0,0.0,0.0,0.0,0.0,0.0,0.0,0.0,0.0,0.0,0.0,0.0,0.0,0.0,0.0,0.0,0.0,0.0,0.0,0.0,0.0,0.0,0.0,0.0,0.0,0.0,0.0,0.0,0.0,0.0,0.0,0.0,0.0,0.0,0.0,0.0,0.0,0.0,0.0,0.0,0.0,0.0,0.0,0.0,0.0,0.0,0.0,0.0,0.0,0.0,0.0,0.0,0.22947229134707253,0.0,0.1253204039468949,0.0,0.0,0.0,0.0,0.0,0.0,0.0,0.2515473858563949,0.0,0.14543756687332798,0.0,0.0,0.0,0.0,0.0,0.21176740472890024,0.0,0.0,0.0,0.0,0.2703058779611783,0.0,0.0,0.0,0.0,0.11823124907160287,0.14611094802772817,0.08044030601211231,0.06873600969763353,0.2535121477228195,0.0,0.0,0.0,0.0,0.1325336879054248,0.0,0.0,0.0,0.0,0.09960475026535266,0.0,0.24798869879782265,0.0,0.1362911976249719,0.0,0.0,0.0,0.11484798015055526,0.09987373827051337,0.2799300605061399,0.16285506101128264,0.0,0.0,0.0,0.17106371804625656,0.0,0.0,0.0,0.0,0.0,0.0,0.0,0.0,0.0,0.09776116748414014,0.0,0.0,0.0,0.0,0.0,0.10805842677050152,0.17668113162554253,0.0,0.0,0.0,0.19898951356671674,0.07606002582834273,0.0,0.13305354895935548,0.17452482428745208,0.0,0.0,0.24042871754505105,0.0,0.31765110709335037,0.0,0.15185047403939086,0.0,0.0,0.09190994391946651,0.0,0.13201915885370685
22.0,5.0,0.0,1,1.0,0.0,0.0,0.0,0.0,1.0,0.0,0.0,0.0,0.0,0.0,0.0,1.0,0.0,0.0,0.0,0.0,0.0,0.0,0.0,0.0,0.0,0.0,0.0,0.0,0.0,0.0,0.0,0.0,0.0,0.0,0.0,0.0,0.0,0.0,0.0,0.0,0.0,0.0,0.0,0.0,0.0,0.0,0.0,0.0,0.0,0.0,0.0,0.0,0.0,0.0,0.0,0.0,0.0,0.0,0.0,0.0,0.0,0.0,0.0,0.0,0.0,0.0,0.0,0.0,0.0,0.0,0.0,0.0,0.0,0.0,0.0,0.0,0.0,0.0,0.0,0.0,0.0,0.0,0.0,0.0,0.0,0.0,0.0,0.0,0.0,0.0,0.0,0.0,0.0,0.0,0.0,0.0,0.0,0.0,0.0,0.0,0.0,0.0,0.0,0.0,0.0,0.0,0.0,0.0,0.0,0.0,0.0,0.0,0.0,0.0,0.0,0.0,0.0,0.0,0.0,0.0,0.0,0.0,0.0,0.0,0.0,0.0,0.0,0.0,0.0,0.0,0.0,0.0,0.0,0.0,0.0,0.0,0.0,0.0,0.0,0.0,0.0,0.0,0.0,0.0,0.0,0.0,0.0,0.0,0.0,0.0,0.0,0.0,0.0,0.0,0.0,0.0,0.0,0.0,0.0,0.0,0.0,0.0,0.0,0.0,0.0,0.0,0.0,0.0,0.0,0.0,0.0,0.0,0.0,0.0,0.0,0.0,0.0
22.0,4.0,1.0,1,0.0,0.0,0.0,0.0,0.0,0.0,0.0,0.0,0.0,0.0,0.0,1.0,0.0,0.0,0.0,0.0,0.0,0.0,0.0,0.0,0.0,0.0,0.0,0.0,0.0,0.0,0.0,0.0,0.0,0.0,0.0,0.0,0.0,0.0,0.0,0.0,0.0,0.0,0.0,0.0,0.0,0.0,0.0,0.0,0.0,0.0,0.0,0.0,0.0,0.0,0.0,0.0,0.0,0.0,0.0,0.0,0.0,0.0,0.0,0.0,0.0,0.0,0.0,0.0,0.0,0.0,0.0,0.0,0.0,0.0,0.0,0.0,0.0,0.0,0.13487196736121904,0.0,0.0,0.19208588125787002,0.0,0.1365726137541992,0.2891117692086005,0.19889500991789755,0.11541139908056522,0.0,0.09320947406613612,0.0,0.12050033589462594,0.0,0.0,0.0,0.0,0.0,0.10950292604986636,0.0,0.0,0.0,0.0,0.0,0.0,0.0,0.0,0.0,0.0,0.0,0.11931191505125123,0.0,0.0,0.0,0.0,0.06383308287474686,0.0,0.0,0.0,0.1068479996651675,0.0,0.1315526170668967,0.21034315514635027,0.11137664326409852,0.0,0.0,0.0,0.15808190181298795,0.0,0.0,0.0,0.0,0.0,0.07799051682798658,0.0,0.0,0.0,0.0,0.0,0.0,0.0,0.0,0.0,0.0,0.2789055572564384,0.0,0.0,0.0,0.0,0.0,0.0,0.0,0.23273394950812878,0.12110812085770976,0.40204747136356356,0.0,0.0,0.11541139908056522,0.0,0.18693947311702358,0.2892601641061034,0.1340158237878545,0.3670567733816506,0.0,0.12071425813384958,0.0,0.0,0.0,0.0,0.0,0.0,0.0,0.08402358821331751,0.0,0.0,0.0,0.0,0.07293476812906745,0.0,0.0
22.0,4.0,0.0,1,0.0,0.0,0.0,0.0,0.0,0.0,0.0,0.0,0.0,0.0,0.0,0.0,0.0,0.0,0.0,0.0,0.0,0.0,0.0,1.0,0.0,0.0,0.0,0.0,0.0,0.0,0.0,0.0,0.0,0.0,0.0,0.0,0.0,0.0,0.0,0.0,0.0,0.0,0.0,0.0,0.0,0.0,0.0,0.0,0.0,0.0,0.0,0.0,0.0,0.0,0.0,0.0,0.0,0.0,0.0,1.0,0.0,0.0,0.0,0.0,0.0,0.0,0.0,0.0,0.0,0.0,0.0,0.0,0.0,0.0,0.0,0.0,0.0,0.0,0.0,0.5897485266216566,0.0,0.0,0.0,0.14245435145646676,0.0,0.0,0.0,0.20968117330934455,0.0,0.18057268827294307,0.0,0.0,0.0,0.10410558213771162,0.0,0.0,0.0,0.0,0.0,0.2110206956426811,0.0,0.0,0.17733635578113838,0.0,0.0,0.17655288145272266,0.0,0.0,0.0,0.1555955776945276,0.0,0.0,0.0,0.09987324880617983,0.17068280663780822,0.07868903992327474,0.0,0.0,0.0,0.0,0.0,0.0,0.0,0.0,0.0,0.12366748087744812,0.0,0.15394917202593916,0.0,0.0,0.0,0.0,0.0,0.0,0.0,0.1158520562939719,0.0,0.0,0.0,0.0,0.0,0.0,0.0,0.0,0.0,0.0,0.0,0.0,0.45969675397292203,0.0,0.0,0.0,0.0,0.0,0.0,0.0,0.1341634148038874,0.21936414085170453,0.0,0.0,0.0,0.08235394328840118,0.09443477107875144,0.0,0.0,0.0,0.0,0.0,0.1492560031031704,0.0,0.0,0.0,0.0,0.0,0.0,0.0,0.0,0.0
22.0,3.0,6.0,1,1.0,0.0,1.0,0.0,0.0,0.0,0.0,1.0,0.0,0.0,0.0,0.0,0.0,0.0,0.0,0.0,0.0,0.0,0.0,0.0,0.0,0.0,0.0,0.0,0.0,0.0,0.3652436503314866,0.0,0.0,0.0,0.0,0.0,0.0,0.3330336416597745,0.0,0.0,0.0,0.36848899765768367,0.0,0.0,0.0,0.0,0.0,0.0,0.5193128527020943,0.0,0.0,0.0,0.47041224224917816,0.0,0.35906546949144047,0.0,0.0,0.0,0.0,0.0,0.0,0.0,0.0,0.0,0.0,0.0,0.0,0.0,0.0,0.0,0.0,0.0,0.0,0.0,0.0,0.0,0.0,0.0,0.0,0.0,0.0,0.0,0.2583706486184403,0.3043350218906148,0.0,0.0,0.0,0.14931876730268492,0.0,0.0,0.0,0.0,0.0,0.0,0.0,0.0,0.0,0.0,0.0,0.0,0.1329358547105395,0.1872360779757116,0.0,0.0,0.0,0.0,0.23899340178448814,0.0,0.1329358547105395,0.0,0.0,0.0,0.12918532430922014,0.14224405713575353,0.12154713694452723,0.2241450723711972,0.0,0.11904871490411573,0.0,0.0,0.0,0.12409447338720359,0.1502726718446685,0.0,0.0,0.0,0.0,0.43852292948148575,0.0,0.0,0.287979568350317,0.0,0.0,0.10154388676742235,0.0,0.08250090345391162,0.0,0.0,0.0,0.0,0.0,0.0,0.0,0.0,0.0,0.26204191886468875,0.0,0.0,0.0,0.0,0.17287285171662714,0.0,0.0,0.0,0.0,0.0,0.0,0.10414282021738801,0.0,0.0,0.0,0.17593838922578078,0.0,0.11764050610050851,0.0,0.0,0.0,0.0,0.10628861926011503,0.0,0.28085411696356744,0.0,0.0,0.0,0.0,0.0,0.0,0.0
22.0,5.0,1.0,1,1.0,0.0,1.0,0.0,0.0,0.0,0.0,1.0,0.0,0.0,0.0,0.0,0.0,0.0,0.0,0.0,0.0,0.0,0.0,0.0,0.0,0.0,0.0,0.0,0.0,0.0,0.0,0.0,0.0,0.0,0.0,0.0,0.0,1.0,0.0,0.0,0.0,0.0,0.0,0.0,0.0,0.0,0.0,0.0,0.0,0.0,0.0,0.0,0.0,0.0,0.0,0.0,0.0,0.0,0.0,0.0,0.0,0.0,0.0,0.0,0.0,0.0,0.0,0.0,0.0,0.0,0.0,0.0,0.0,0.0,0.0,0.0,0.0,0.0,0.0,0.0,0.0,0.0,0.0,0.2143859011710844,0.22691770142330836,0.0,0.0,0.0,0.0,0.0,0.0,0.0,0.0,0.0,0.0,0.0,0.0,0.0,0.0,0.31757444780428734,0.0,0.19784500182987436,0.2668813837965041,0.0,0.3079023645030476,0.0,0.0,0.0,0.0,0.0,0.0,0.0,0.0,0.0,0.12843408060665232,0.0,0.0,0.0,0.0,0.0,0.0,0.2622515017383928,0.0,0.0,0.0,0.5583381075215168,0.0,0.0,0.0,0.0,0.0,0.0,0.0,0.0,0.0,0.0,0.0,0.0,0.0,0.0,0.0,0.0,0.0,0.0,0.3025445602473045,0.0,0.0,0.0,0.0,0.0,0.0,0.0,0.0,0.0,0.0,0.0,0.0,0.11004362342577048,0.0,0.0,0.0,0.12393811888766129,0.0,0.0,0.0,0.0,0.0,0.0,0.0,0.0,0.0,0.0,0.28373448078707625,0.0,0.0,0.0,0.0,0.0
22.0,5.0,2.0,1,1.0,0.0,1.0,0.0,0.0,0.0,0.0,1.0,0.0,0.0,0.0,0.0,0.0,0.0,0.0,0.0,0.0,0.0,0.0,0.0,0.0,0.0,0.0,0.0,0.0,0.0,0.0,0.0,0.0,0.0,0.0,0.0,0.0,0.292447803075111,0.0,0.0,0.0,0.0,0.0,0.0,0.0,0.0,0.0,0.0,0.0,0.0,0.8896476663397379,0.0,0.0,0.0,0.0,0.0,0.0,0.0,0.0,0.0,0.0,0.0,0.0,0.0,0.0,0.0,0.0,0.0,0.0,0.0,0.3507154291627327,0.0,0.0,0.0,0.0,0.0,0.0,0.0,0.21334315008168683,0.0,0.0,0.0,0.0,0.28804435498618763,0.15244090815763267,0.31461606723484126,0.0,0.0,0.14744059276208543,0.0,0.0,0.0,0.0,0.10525134876796863,0.0,0.365120075237552,0.0,0.0,0.0,0.21334315008168683,0.0,0.13291017652753567,0.1792880866548646,0.0,0.0,0.178495989554041,0.0,0.0,0.18872995105898996,0.0,0.0,0.14840939478192738,0.0,0.0,0.08628065489498923,0.15911015365584408,0.0,0.0,0.0,0.0,0.0,0.17617778093092018,0.0,0.0,0.0,0.1250285421186205,0.0,0.0,0.0,0.0,0.0,0.12336694468183276,0.0,0.0,0.12536618844616051,0.0,0.0,0.0,0.0,0.0,0.0,0.0,0.0,0.1644444417049119,0.0,0.0,0.0,0.1498911311275481,0.0,0.0,0.1227143907674457,0.0,0.0,0.0,0.0,0.0,0.0,0.295704562257793,0.0,0.0,0.0,0.0832603154362953,0.09547410256526927,0.0,0.0,0.0,0.0,0.0,0.0,0.21334315008168683,0.13291017652753567,0.0,0.0,0.0,0.0,0.0,0.1710790870641685,0.16571662414927188
22.0,4.0,1.0,1,0.0,0.0,0.0,0.0,0.0,1.0,0.0,0.0,0.0,0.0,0.0,0.0,0.0,0.0,0.0,0.0,0.0,0.0,0.0,0.0,0.0,0.0,0.0,0.0,0.0,0.0,0.0,0.0,0.0,0.0,0.0,0.0,0.0,0.0,0.0,0.0,0.0,0.0,0.0,0.0,0.0,0.0,0.0,0.0,0.0,0.0,0.0,0.0,0.0,0.0,0.0,0.0,0.0,0.0,0.0,0.0,0.0,0.0,0.0,0.0,0.0,0.0,0.0,0.0,0.0,0.0,0.0,0.0,0.0,0.0,0.0,0.0,0.0,0.0,0.0,0.0,0.0,0.20109625646701695,0.2427690961400537,0.09531931301435356,0.0,0.0,0.0,0.0,0.0,0.0,0.0,0.0,0.0,0.13931863040854214,0.0,0.0,0.0,0.25887216899880633,0.28422910653187705,0.0,0.0,0.0,0.0,0.0,0.0,0.0,0.2994159098948357,0.0,0.0,0.0,0.0,0.0,0.0,0.0,0.11420758794475613,0.10530510511695707,0.0,0.0,0.2823970982257876,0.0,0.0,0.0,0.0,0.0,0.0,0.0,0.0,0.0,0.2961569943705462,0.22645319400008773,0.0,0.0,0.0,0.0,0.0,0.0,0.0,0.0,0.2052998205436926,0.0,0.0,0.0,0.0,0.21767107656864515,0.0,0.0,0.0,0.0,0.0,0.22927899079943964,0.16243403104343085,0.0,0.0,0.28610228699118323,0.0,0.0,0.0,0.19570844032666126,0.0,0.0,0.0,0.11020963863883547,0.0,0.0,0.2210737131960785,0.0,0.2052998205436926,0.0,0.0,0.0,0.0,0.0,0.0,0.0,0.0,0.0,0.0,0.0
22.0,5.0,1.0,1,0.0,0.0,0.0,0.0,0.0,0.0,0.0,0.0,0.0,0.0,0.0,1.0,0.0,0.0,0.0,0.0,0.0,0.0,0.0,0.0,0.0,0.0,0.0,0.0,0.0,0.0,0.0,0.0,0.0,0.0,0.0,0.0,0.0,0.0,0.0,0.0,0.0,0.0,0.0,0.0,0.0,0.0,0.0,0.0,0.0,1.0,0.0,0.0,0.0,0.0,0.0,0.0,0.0,0.0,0.0,0.0,0.0,0.0,0.0,0.0,0.0,0.0,0.0,0.0,0.0,0.0,0.0,0.0,0.0,0.0,0.0,0.0,0.0,0.0,0.0,0.0,0.0,0.11854209343703928,0.0,0.2247550721871378,0.3568394942391893,0.12274421574064683,0.14244783389510318,0.0,0.0,0.0,0.0,0.0,0.0,0.0,0.0,0.0,0.13515523375719862,0.0,0.0,0.0,0.0,0.0,0.0,0.0,0.0,0.0,0.0,0.0,0.0,0.0,0.0,0.11580079130195418,0.0,0.07878670962135055,0.0,0.0,0.0,0.0,0.0,0.16237031604937063,0.12980921756412903,0.0,0.16646726195880562,0.0,0.0,0.09755719396295978,0.0,0.0,0.0,0.0,0.0,0.19252136747343335,0.0,0.0,0.0,0.0,0.0,0.0,0.0,0.15024087408545223,0.0,0.0,0.344242360884581,0.1283126078549026,0.0,0.0,0.0,0.0,0.0,0.0,0.19150301873932193,0.1494790776363807,0.0,0.0,0.0,0.0,0.0,0.11536608700334226,0.0,0.33082111400315634,0.4530440034631441,0.06496630773099427,0.14899294808320937,0.0,0.0,0.0,0.0,0.0,0.0,0.0,0.0,0.11814099009355497,0.0,0.0,0.0,0.18004113663633417,0.0,0.0
22.0,5.0,0.0,1,1.0,0.0,0.0,0.0,0.0,1.0,0.0,0.0,0.0,0.0,0.0,0.0,1.0,0.0,0.0,0.0,0.0,0.0,0.0,0.0,0.0,0.0,0.0,0.0,0.0,0.0,0.0,0.0,0.0,0.0,0.0,0.0,0.0,0.0,0.0,0.0,0.0,0.0,0.0,0.0,0.0,0.0,0.0,0.0,0.0,0.0,0.0,0.0,0.0,0.0,0.0,0.0,0.0,0.0,0.0,0.0,0.0,0.0,0.0,0.0,0.0,0.0,0.0,0.0,0.0,0.0,0.0,0.0,0.0,0.0,0.0,0.0,0.0,0.0,0.3868353286409762,0.0,0.0,0.0,0.0,0.0,0.0,0.0,0.0,0.0,0.0,0.0,0.0,0.0,0.0,0.0,0.0,0.0,0.0,0.35461023218655374,0.0,0.0,0.0,0.0,0.0,0.0,0.0,0.0,0.2050740829707452,0.0,0.0,0.0,0.0,0.0,0.0,0.18308394305457087,0.15644470178153055,0.2884996708636206,0.0,0.3064579087395348,0.0,0.0,0.0,0.0,0.0,0.0,0.0,0.22670264858018677,0.0,0.0,0.0,0.0,0.0,0.0,0.0,0.0,0.0,0.2123757015098526,0.0,0.0,0.0,0.0,0.3893448641128757,0.0,0.0,0.0,0.0,0.0,0.0,0.0,0.0,0.0,0.22250661276598838,0.0,0.0,0.0,0.0,0.0,0.0,0.13404340785939348,0.0,0.0,0.0,0.15096820062991723,0.17311432698165866,0.0,0.0,0.0,0.2812253526998198,0.0,0.0,0.0,0.0,0.0,0.0,0.0,0.0,0.0,0.0,0.0
22.0,5.0,0.0,1,0.0,0.0,1.0,0.0,0.0,0.0,0.0,1.0,0.0,0.0,0.0,0.0,0.0,0.0,0.0,0.0,0.0,0.0,0.0,0.0,0.0,0.0,0.0,0.0,0.0,0.0,0.0,0.0,0.0,0.0,0.0,0.0,0.0,0.0,0.0,0.0,0.0,0.0,0.0,0.0,0.0,0.0,0.0,0.0,0.0,0.0,0.0,0.0,0.0,0.0,0.0,0.0,0.0,0.0,0.0,0.0,0.0,0.0,0.0,0.0,0.0,0.0,0.0,0.0,0.0,0.0,0.0,0.0,0.0,0.0,0.0,0.0,0.0,0.0,0.0,0.0,0.0,0.0,0.0,0.1299335111022506,0.0,0.0,0.16470148617148894,0.0,0.13301752709226658,0.0,0.0,0.18550815785926436,0.17551565176096817,0.09495535709648244,0.0,0.0,0.15626961291708927,0.0,0.19372194679781846,0.0,0.17026784081518542,0.23981703648760275,0.0,0.13659735016053864,0.0,0.0,0.10203640590300088,0.0,0.0,0.0,0.0,0.0,0.0,0.0,0.0,0.21531830662864854,0.0,0.3049616325510306,0.0,0.0,0.15008842512350165,0.15894356031143386,0.0,0.0,0.0,0.1127978881325203,0.0,0.1404180093349237,0.20185163373061632,0.15434363544101362,0.0,0.11129883296783441,0.0,0.0,0.11310250491871048,0.1056693901505107,0.0,0.0,0.0,0.0,0.0,0.0,0.0,0.0,0.0,0.16781519111345206,0.0,0.0,0.0,0.31253922583417854,0.11071011376669684,0.0,0.0,0.0,0.0,0.16470148617148894,0.0,0.20008341436660776,0.0,0.0,0.0,0.0751155503161138,0.08613454942546392,0.0,0.0,0.0,0.1399261370457373,0.18550815785926436,0.0,0.1924733054467061,0.11990851824380137,0.0,0.0,0.0,0.1773784709264665,0.10408386693280458,0.0,0.0
22.0,3.0,2.0,0,0.0,0.0,1.0,0.0,0.0,0.0,0.0,1.0,0.0,0.0,0.0,0.0,0.0,0.0,0.0,0.0,0.0,0.0,0.0,0.0,0.0,0.0,0.0,0.0,0.0,0.0,0.0,0.0,0.0,0.0,0.0,0.0,0.0,0.0,0.0,0.8094531597959088,0.0,0.0,0.0,0.5871844532141657,0.0,0.0,0.0,0.0,0.0,0.0,0.0,0.0,0.0,0.0,0.0,0.0,0.0,0.0,0.0,0.0,0.0,0.0,0.0,0.0,0.0,0.0,0.0,0.0,0.0,0.0,0.0,0.0,0.0,0.0,0.0,0.0,0.0,0.0,0.0,0.0,0.0,0.0,0.0,0.28280116309219816,0.0,0.0,0.0,0.2775068133950759,0.0,0.0,0.24952026769680963,0.0,0.0,0.0,0.0,0.0,0.0,0.0,0.0,0.0,0.0,0.1739877990229611,0.0,0.19820336915913334,0.0,0.0,0.14805528367201168,0.0,0.0,0.0,0.2724062466967105,0.0,0.0,0.0,0.0,0.10414261029534555,0.0,0.0,0.0,0.0,0.0,0.0,0.0,0.0,0.0,0.0,0.0,0.0,0.0,0.0,0.0,0.3229902139650323,0.0,0.37743574964633525,0.0,0.0,0.0,0.0,0.0,0.2520568636302149,0.0,0.0,0.0,0.0,0.0,0.0,0.0,0.19621693898315742,0.0,0.2267479108559494,0.0,0.0,0.0,0.0,0.0,0.0,0.0,0.19354795581669637,0.0,0.0,0.0,0.1089930011921796,0.1249816184359833,0.218633213787247,0.0,0.0,0.0,0.0,0.0,0.0,0.0,0.0,0.0,0.0,0.0,0.30205231766131985,0.0,0.0
22.0,5.0,2.0,1,0.0,0.0,0.0,0.0,0.0,1.0,0.0,0.0,0.0,0.0,0.0,0.0,1.0,0.0,0.0,0.0,0.0,0.0,0.0,0.0,0.0,0.0,0.0,0.0,0.0,0.0,0.0,0.0,0.0,0.0,0.0,0.0,0.0,0.0,0.0,0.0,0.0,0.0,0.0,0.0,0.0,0.0,0.0,0.0,0.0,0.0,0.0,0.0,0.0,0.0,0.0,0.0,0.0,0.0,0.0,0.0,0.0,0.0,0.0,0.0,0.0,0.0,0.0,0.0,0.0,0.0,0.0,0.0,0.0,0.0,0.0,0.0,0.0,0.0,0.0,0.0,0.0,0.0,0.0,0.0,0.0,0.0,0.0,0.0,0.0,0.4029183442827444,0.0,0.0,0.0,0.0,0.0,0.0,0.0,0.0,0.0,0.0,0.0,0.0,0.0,0.0,0.0,0.0,0.0,0.0,0.0,0.3471860176752431,0.0,0.0,0.0,0.0,0.0,0.0,0.49028214297740397,0.0,0.0,0.0,0.0,0.0,0.0,0.0,0.0,0.2759437050715135,0.0,0.0,0.0,0.0,0.0,0.0,0.0,0.0,0.0,0.0,0.0,0.0,0.0,0.0,0.0,0.0,0.0,0.0,0.0,0.0,0.4362665994873713,0.0,0.0,0.0,0.0,0.0,0.0,0.0,0.0,0.0,0.0,0.0,0.0,0.0,0.0,0.18375932037275647,0.0,0.0,0.0,0.0,0.0,0.0,0.0,0.0,0.0,0.3341656437926054,0.0,0.0,0.0,0.2546261136189479,0.0,0.0
22.0,5.0,1.0,1,1.0,0.0,0.0,0.0,0.0,0.0,0.0,0.0,0.0,0.0,0.0,0.0,0.0,0.0,0.0,0.0,0.0,1.0,0.0,0.0,0.0,0.0,0.0,0.0,0.0,0.0,0.0,0.0,0.0,0.0,0.0,0.0,0.0,0.0,0.0,0.0,0.0,0.0,0.0,0.0,0.0,0.0,0.0,0.0,0.0,0.0,0.0,0.0,0.0,0.0,0.0,0.0,0.0,0.0,0.0,0.0,0.0,0.0,0.0,0.0,0.0,0.0,0.0,0.0,0.0,0.0,0.0,0.0,0.0,0.0,0.0,0.0,0.0,0.0,0.0,0.0,0.0,0.0,0.0,0.06867689899004928,0.5815309299566803,0.0,0.0,0.0,0.14061393699786665,0.0,0.0,0.0,0.0,0.10037809973052023,0.16382895953914903,0.0,0.16519391080066254,0.0,0.0,0.0,0.0,0.0,0.0,0.0,0.0,0.1702314359928295,0.21572707093225563,0.0,0.0,0.0,0.0,0.0,0.0,0.19259460872744597,0.0,0.0,0.0,0.0,0.0,0.0,0.0,0.0,0.0,0.0,0.0,0.0,0.0,0.0,0.0,0.0,0.0,0.11765492434707145,0.0,0.0,0.0,0.111703993406225,0.0,0.0,0.1479170861841113,0.0,0.0,0.0,0.21037565574388317,0.15683048970683464,0.0,0.0,0.0,0.0,0.0,0.0,0.11703258437077065,0.0,0.0,0.0,0.0,0.0,0.1293597168839364,0.07050328187840725,0.0,0.40434715015024325,0.36915630822610573,0.0,0.09105355039302913,0.0,0.0,0.0,0.0,0.0,0.0,0.0,0.0,0.0,0.0,0.0,0.0,0.0,0.0,0.0
22.0,5.0,0.0,1,0.0,0.0,0.0,0.0,0.0,1.0,0.0,0.0,0.0,0.0,0.0,0.0,0.0,0.0,0.0,0.0,0.0,0.0,0.0,0.0,0.0,1.0,0.0,0.0,0.0,0.0,0.0,0.0,0.0,0.0,0.0,1.0,0.0,0.0,0.0,0.0,0.0,0.0,0.0,0.0,0.0,0.0,0.0,0.0,0.0,0.0,0.0,0.0,0.0,0.0,0.0,0.0,0.0,0.0,0.0,0.0,0.0,0.0,0.0,0.0,0.0,0.0,0.0,0.0,0.0,0.0,0.0,0.0,0.0,0.0,0.0,0.0,0.0,0.0,0.0,0.0,0.0,0.0,0.0,0.15824532546945116,0.0,0.34568649651116096,0.0,0.0,0.0,0.0,0.0,0.0,0.0,0.11564561952748272,0.0,0.0,0.0,0.2148846301065459,0.0,0.0,0.0,0.0,0.0,0.0,0.0,0.0,0.12426959084594244,0.237487808560142,0.0,0.0,0.0,0.0,0.0,0.11094413474519352,0.09480144345289933,0.08741166981720849,0.0,0.0,0.0,0.0,0.0,0.0,0.23441220518258993,0.0,0.0,0.0,0.0,0.0,0.0,0.0,0.0,0.0,0.0,0.0,0.13774693341571317,0.0,0.0,0.0,0.0,0.0,0.0,0.0,0.0,0.0,0.0,0.2043812201424178,0.0,0.0,0.0,0.0,0.1348332530780618,0.0,0.0,0.0,0.4600817539673564,0.0,0.0,0.0,0.0,0.0,0.4253050225287932,0.0,0.0,0.0,0.0,0.0,0.0,0.0,0.0,0.0,0.0,0.0,0.0,0.41072530109248473,0.0,0.0,0.0,0.0
22.0,5.0,7.0,1,0.0,0.0,0.0,0.0,0.0,1.0,0.0,0.0,0.0,0.0,0.0,0.0,0.0,0.0,0.0,0.0,0.0,0.0,0.0,0.0,0.0,1.0,0.0,0.0,0.0,0.0,0.0,0.0,0.0,0.0,0.0,0.0,0.0,0.0,0.0,0.0,0.0,0.0,0.0,0.0,0.0,0.0,0.0,0.0,0.0,0.0,0.0,0.0,0.0,0.0,0.0,0.0,0.0,0.0,1.0,0.0,0.0,0.0,0.0,0.0,0.0,0.0,0.0,0.0,0.0,0.0,0.0,0.0,0.0,0.0,0.0,0.0,0.0,0.0,0.0,0.0,0.0,0.0,0.28323622668849785,0.1112080696348197,0.2354173423103825,0.0,0.0,0.0,0.0,0.0,0.0,0.0,0.0,0.16254162416768378,0.0,0.0,0.0,0.30202351743975486,0.0,0.0,0.0,0.0,0.0,0.0,0.0,0.0,0.0,0.0,0.0,0.0,0.0,0.0,0.0,0.15593361795322158,0.0,0.2457167827255556,0.0,0.2610119143320516,0.0,0.0,0.0,0.27207463837731904,0.0,0.0,0.0,0.19308391332903255,0.0,0.0,0.0,0.0,0.0,0.0,0.0,0.0,0.0,0.0,0.0,0.0,0.0,0.2973547591109235,0.0,0.30363094446028027,0.0,0.0,0.0,0.0,0.0,0.0,0.0,0.0,0.18951012616532578,0.0,0.0,0.0,0.0,0.0,0.20947137414072461,0.22833103986693587,0.0,0.0,0.0,0.0,0.0,0.0,0.0,0.0,0.0,0.0,0.0,0.0,0.0,0.0,0.0,0.0,0.30363094446028027,0.0,0.0,0.2559192785281028
22.0,5.0,0.0,1,1.0,0.0,0.0,0.0,0.0,1.0,0.0,0.0,0.0,0.0,0.0,0.0,0.0,0.0,0.0,0.0,0.0,0.0,0.0,0.0,0.0,0.0,0.0,0.0,0.0,0.0,0.0,0.0,0.0,0.0,0.0,0.0,0.0,0.0,0.0,0.0,0.0,0.0,0.0,0.0,0.0,0.0,0.0,0.0,0.0,0.0,0.0,0.0,0.0,0.0,0.0,0.0,0.0,0.0,0.0,0.0,0.0,0.0,0.0,0.0,0.0,0.0,0.0,0.0,0.0,0.0,0.0,0.6641039595350778,0.0,0.0,0.7476402416468978,0.0,0.0,0.0,0.0,0.0,0.0,0.0,0.0,0.0,0.0,0.0,0.0,0.0,0.0,0.0,0.0,0.0,0.0,0.11835625580900903,0.0,0.0,0.0,0.0,0.0,0.0,0.21222882773315635,0.0,0.0,0.0,0.0,0.0,0.25436473155730616,0.0,0.0,0.0,0.0,0.16688793539352398,0.0,0.0,0.09702350973793858,0.17892105201822273,0.0,0.0,0.0,0.0,0.0,0.0,0.0,0.21327790516526154,0.0,0.14059591907977895,0.0,0.0,0.0,0.0,0.0,0.4161823055207012,0.0,0.0,0.0,0.0,0.0,0.0,0.0,0.0,0.0,0.0,0.0,0.0,0.0,0.0,0.0,0.0,0.0,0.0,0.0,0.0,0.23838374539518667,0.0,0.0,0.0,0.15252860717626193,0.24939218279019493,0.0,0.0,0.0,0.09362710604537124,0.5368081947938664,0.0,0.0,0.0,0.0,0.0,0.0,0.23990663057281858,0.0,0.0,0.0,0.0,0.0,0.0,0.19238024433089887,0.1863500980197004
22.0,3.0,0.0,1,0.0,0.0,0.0,0.0,0.0,1.0,0.0,0.0,0.0,0.0,0.0,0.0,1.0,0.0,0.0,0.0,0.0,0.0,0.0,0.0,0.0,0.0,0.0,0.0,0.0,0.0,0.0,0.0,0.0,0.0,0.0,0.0,0.0,0.0,0.0,0.0,0.0,0.0,0.0,0.0,0.0,0.0,0.0,0.0,0.0,0.0,0.0,0.0,0.0,0.0,0.0,0.0,0.0,0.0,0.0,0.0,0.0,0.0,0.0,0.0,0.0,0.0,0.0,0.0,0.0,0.0,0.0,0.0,0.0,0.5962463906836973,0.0,0.0,0.0,0.8028014957613517,0.0,0.0,0.0,0.0,0.0,0.2733482215042056,0.0,0.0,0.0,0.0,0.27983623432560933,0.0,0.0,0.0,0.0,0.0,0.3260365230483066,0.0,0.0,0.0,0.0,0.0,0.35820175312253194,0.0,0.0,0.0,0.3925844156453303,0.0,0.0,0.0,0.0,0.2985642348013218,0.0,0.0,0.0,0.0,0.0,0.0,0.0,0.0,0.0,0.0,0.0,0.0,0.0,0.0,0.0,0.0,0.0,0.0,0.0,0.0,0.0,0.0,0.0,0.0,0.0,0.0,0.0,0.0,0.2943702542857208,0.0,0.0,0.0,0.0,0.0,0.0,0.0,0.0,0.2844872562417248,0.0,0.0,0.0,0.0,0.0,0.0,0.0,0.0,0.0,0.0,0.0,0.0,0.0,0.0,0.18120595445918675,0.0,0.0,0.0,0.2943702542857208,0.0,0.2863995559275402,0.0,0.0,0.0,0.0,0.0,0.0,0.0,0.0,0.0
22.0,5.0,1.0,1,1.0,0.0,0.0,0.0,0.0,0.0,0.0,0.0,0.0,0.0,0.0,0.0,0.0,0.0,0.0,0.0,0.0,0.0,0.0,1.0,0.0,0.0,0.0,0.0,0.0,0.0,0.0,0.0,0.0,0.0,0.0,0.0,0.0,0.0,0.0,0.0,0.0,0.0,0.0,0.0,0.0,0.0,0.0,0.0,0.0,0.0,0.0,0.0,0.0,0.0,0.0,0.0,0.0,0.0,0.0,0.0,0.0,0.0,0.0,0.0,0.0,0.0,0.0,0.0,0.0,0.0,0.0,0.0,0.0,0.0,0.0,0.0,0.0,0.0,0.0,0.0,0.0,0.0,0.0,0.11965660062816134,0.0,0.0,0.0,0.0,0.0,0.0,0.0,0.34167129587938033,0.0,0.17488999019901716,0.0,0.30334930206230887,0.0,0.0,0.0,0.0,0.0,0.0,0.2979124931405378,0.25158674519558294,0.0,0.0,0.0,0.0,0.0,0.0,0.0,0.0,0.0,0.0,0.14336750137250218,0.13219200294896014,0.0,0.0,0.0,0.0,0.0,0.0,0.0,0.0,0.0,0.20775259188296066,0.0,0.0,0.0,0.0,0.0,0.0,0.0,0.0,0.2083136389726696,0.0,0.0,0.0,0.0,0.0,0.0,0.0,0.0,0.0,0.0,0.0,0.0,0.0,0.38612896228030996,0.0,0.0,0.0,0.0,0.0,0.0,0.30334930206230887,0.0,0.24567745972110927,0.0,0.0,0.0,0.13834878052462796,0.0,0.0,0.0,0.0,0.0,0.0,0.0,0.0,0.2208490412934684,0.0,0.3167251509219773,0.0,0.0,0.0,0.0,0.0
22.0,5.0,0.0,1,0.0,0.0,0.0,0.0,0.0,1.0,0.0,0.0,0.0,0.0,0.0,0.0,1.0,0.0,0.0,0.0,0.0,0.0,0.0,0.0,0.0,0.0,0.0,0.0,0.0,0.0,0.0,0.740556402017576,0.0,0.0,0.0,0.0,0.0,0.0,0.0,0.0,0.0,0.0,0.0,0.6719942078848464,0.0,0.0,0.0,0.0,0.0,0.0,0.0,0.0,0.0,0.0,0.0,0.0,0.0,0.0,0.0,0.0,0.0,0.0,0.0,0.0,0.0,0.0,0.0,0.0,0.0,0.0,0.0,0.0,0.0,0.0,0.0,0.0,0.0,0.0,0.0,0.0,0.0,0.0,0.0,0.09587798016947267,0.0,0.41889039008295864,0.0,0.0,0.19630735314630818,0.0,0.0,0.0,0.0,0.0,0.0,0.0,0.0,0.0,0.0,0.0,0.0,0.0,0.0,0.0,0.0,0.0,0.15058539431037862,0.0,0.0,0.20944519504147932,0.0,0.0,0.0,0.0,0.0,0.2118445981377873,0.29577008817593053,0.0,0.0,0.0,0.0,0.0,0.28405222957840165,0.0,0.0,0.0,0.27217602994205187,0.20722898966158163,0.0,0.0,0.0,0.0,0.0,0.19194286680520226,0.0,0.1559469548298145,0.0,0.0,0.20650308421673583,0.0,0.0,0.0,0.0,0.0,0.2706088524415084,0.0,0.0,0.0,0.0,0.0,0.0,0.0,0.0,0.0,0.0,0.0,0.0,0.0,0.0,0.0,0.0,0.11085557809578257,0.1271174241604566,0.22236942776343246,0.0,0.0,0.0,0.0,0.0,0.0,0.353922138693931,0.0,0.0,0.0,0.0,0.0,0.0,0.0
22.0,5.0,0.0,1,0.0,0.0,0.0,0.0,0.0,0.0,0.0,0.0,0.0,0.0,0.0,0.0,0.0,0.0,0.0,0.0,0.0,0.0,0.0,1.0,0.0,0.0,0.0,0.0,0.0,0.0,0.0,0.0,0.0,0.0,0.0,0.0,0.0,0.0,0.0,0.0,0.0,0.0,0.0,0.0,0.0,0.0,0.0,0.0,0.0,0.0,0.0,0.0,0.0,0.0,0.0,0.0,0.0,0.0,0.0,0.0,0.0,0.0,0.0,0.0,0.0,0.0,0.0,0.0,0.0,0.0,0.0,0.0,0.0,0.0,0.0,0.0,0.0,0.0,0.0,0.0,0.0,0.0,0.0,0.0,0.0,0.0,0.0,0.0,0.0,0.0,0.0,0.0,0.0,0.0,0.0,0.0,0.0,0.0,0.0,0.0,0.0,0.0,0.0,0.0,0.0,0.0,0.0,0.0,0.0,0.0,0.0,0.0,0.0,0.0,0.0,0.0,0.0,0.0,0.0,0.0,0.0,0.0,0.0,0.0,0.0,0.0,0.0,0.0,0.0,0.0,0.0,0.0,0.0,0.0,0.0,0.0,0.0,0.0,0.0,0.0,0.0,0.0,0.0,0.0,0.0,0.0,0.0,0.0,0.0,0.0,0.0,0.0,0.0,0.0,0.0,0.0,0.0,0.0,0.0,0.0,0.0,0.0,0.0,0.0,0.0,0.0,0.0,0.0,0.0,0.0,0.0,0.0,0.0,0.0,0.0,0.0,0.0,0.0
22.0,5.0,6.0,1,0.0,0.0,1.0,0.0,0.0,0.0,0.0,1.0,0.0,0.0,0.0,0.0,0.0,0.0,0.0,0.0,0.0,0.0,0.0,0.0,0.0,0.0,0.0,0.0,0.0,0.0,0.0,0.0,0.0,0.0,0.0,0.0,0.0,0.3492049962178336,0.0,0.0,0.0,0.0,0.0,0.0,0.0,0.0,0.0,0.0,0.0,0.0,0.0,0.0,0.0,0.0,0.0,0.48368744439150274,0.0,0.0,0.0,0.0,0.0,0.0,0.0,0.0,0.0,0.0,0.0,0.0,0.0,0.8025598586738063,0.0,0.0,0.0,0.0,0.0,0.0,0.0,0.0,0.0,0.0,0.0,0.11587977800273798,0.13989334988564983,0.0,0.0,0.0,0.0,0.0,0.11246108346751052,0.0,0.0,0.0,0.0,0.08028101689717569,0.13102813765471322,0.0,0.0,0.0,0.0,0.1627286038335027,0.0,0.20275586493692457,0.0,0.11548768296669236,0.0,0.0,0.08626776494666401,0.0,0.0,0.0,0.0,0.11320004227645092,0.13989334988564983,0.15403450632221785,0.0658110209000194,0.1213621020887519,0.0,0.0,0.0,0.0,0.0,0.0,0.0,0.0,0.1559249347035699,0.0953661745901438,0.0,0.0,0.0,0.0,0.1559249347035699,0.18819756490511155,0.1670981034435747,0.0,0.4781185804643904,0.08933931013041976,0.0,0.0,0.23660408250818937,0.0,0.0,0.0,0.1682555419844624,0.0,0.0,0.0,0.0,0.0,0.0,0.0,0.093601043540509,0.0,0.0,0.0,0.0,0.0,0.31038034127524544,0.2819377523076277,0.0,0.0,0.0,0.19052172353081406,0.0,0.0,0.0,0.0,0.11830204125409469,0.0,0.0,0.1627286038335027,0.0,0.0,0.0,0.0,0.0,0.0,0.0,0.2528024440389768
22.0,5.0,1.0,1,0.0,0.0,0.0,0.0,0.0,0.0,0.0,0.0,0.0,0.0,0.0,0.0,0.0,0.0,0.0,0.0,0.0,0.0,0.0,1.0,0.0,0.0,0.0,0.0,0.0,0.0,0.0,0.0,0.0,0.0,0.0,0.0,0.0,0.0,0.0,0.0,0.0,0.0,0.0,0.0,0.0,0.0,0.0,0.0,0.0,0.0,0.0,0.0,0.0,0.0,0.0,0.0,0.0,0.0,0.0,0.0,0.0,0.0,0.0,0.0,0.0,0.0,0.0,0.0,0.0,0.0,0.0,0.0,0.0,0.0,0.0,0.0,0.0,0.0,0.0,0.0,0.0,0.0,0.0,0.31139087646251923,0.0,0.0,0.0,0.0,0.0,0.0,0.0,0.0,0.0,0.15170955062709765,0.0,0.0,0.0,0.0,0.0,0.0,0.27203581141895233,0.0,0.0,0.21824068955531625,0.0,0.25728455436405634,0.3260457916327891,0.0,0.0,0.0,0.0,0.0,0.0,0.29108382826217805,0.0,0.22934176325427474,0.0,0.0,0.0,0.0,0.0,0.0,0.0,0.0,0.0,0.0,0.0,0.0,0.0,0.24659381303907674,0.2946562299495528,0.0,0.0,0.0,0.0,0.0,0.0,0.0,0.0,0.0,0.0,0.0,0.0,0.0,0.0,0.0,0.0,0.0,0.3349502809451388,0.0,0.0,0.0,0.0,0.0,0.0,0.0,0.0,0.0,0.0,0.0,0.0,0.24002324317491122,0.13761660412194623,0.0,0.0,0.0,0.0,0.0,0.0,0.0,0.19157705236835057,0.0,0.27474545720995125,0.0,0.0,0.0,0.0,0.0
22.0,3.0,9.0,1,0.0,0.0,0.0,0.0,0.0,1.0,0.0,0.0,0.0,0.0,0.0,0.0,1.0,0.0,0.0,0.0,0.0,0.0,0.0,0.0,0.0,0.0,0.0,0.0,0.0,0.0,0.0,0.0,0.0,0.0,0.0,0.0,0.0,0.0,0.0,0.0,0.0,0.0,0.0,0.0,0.0,0.0,0.0,0.0,0.0,0.0,0.0,0.0,0.0,0.0,0.0,0.0,0.0,0.0,0.0,0.0,0.0,0.0,0.0,0.0,0.0,0.0,0.0,0.0,0.0,0.0,0.0,0.0,0.0,0.0,0.0,0.0,0.0,0.0,0.0,0.0,0.0,0.0,0.1547482027937848,0.12151869916754036,0.0,0.0,0.0,0.0,0.0,0.0,0.0,0.0,0.0,0.08880581595515703,0.0,0.0,0.0,0.0,0.0,0.0,0.0,0.0,0.1512743068169562,0.0,0.0,0.0,0.0,0.0,0.0,0.0,0.0,0.0,0.0,0.17039096598283857,0.07279929472435126,0.20137376652494496,0.18743405057281082,0.0,0.0,0.0,0.0,0.0,0.18000826348758048,0.0,0.0,0.10549282104693455,0.0,0.0,0.0,0.0,0.0,0.0,0.0,0.0,0.3173331303153087,0.0,0.0,0.0,0.0,0.0,0.0,0.0,0.0,0.0,0.0,0.15694706894059796,0.0,0.0,0.0,0.0,0.1035402560547475,0.0,0.0,0.0,0.0,0.0,0.11444623120428682,0.1871255231431131,0.0,0.0,0.0,0.14050176716128115,0.32222506144169877,0.28183784794672184,0.28183784794672184,0.0,0.0,0.0,0.0,0.0,0.0,0.3832529151354739,0.0,0.0,0.0,0.2920294235114232,0.0,0.27964677312313746
22.0,3.0,3.0,0,0.0,0.0,1.0,0.0,0.0,0.0,0.0,1.0,0.0,0.0,0.0,0.0,0.0,0.0,0.0,0.0,0.0,0.0,0.0,0.0,0.0,0.0,0.0,0.0,0.0,0.0,0.0,0.0,0.0,0.0,0.0,0.0,0.0,0.0,0.0,0.0,0.0,0.0,0.0,0.0,0.0,0.0,0.0,0.0,0.0,0.0,0.0,0.0,0.0,0.0,0.49926761815003506,0.0,0.0,0.0,0.0,0.0,0.6837933007629894,0.0,0.0,0.0,0.0,0.0,0.0,0.0,0.0,0.5321264579951337,0.0,0.0,0.0,0.0,0.0,0.0,0.0,0.0,0.0,0.16696299625931363,0.0,0.12762725441738473,0.0,0.060495120230985244,0.0,0.0,0.15336514997005413,0.0,0.0,0.0,0.0,0.0,0.0,0.08841961854794125,0.0,0.0,0.0,0.0,0.0,0.0,0.0,0.3349657913347532,0.15061644736887034,0.0,0.0,0.0,0.0,0.0,0.15854837469109975,0.0,0.0,0.0,0.0,0.2544749584389624,0.07248270623780574,0.06683267843136438,0.0,0.14198562380488605,0.0,0.0,0.0,0.0,0.0,0.0,0.0,0.0,0.0,0.0,0.0,0.0,0.0,0.0,0.36807582010299833,0.3633245126045471,0.10531770557787191,0.0,0.0,0.0,0.0,0.0,0.0,0.16516958302836238,0.0,0.0,0.0,0.1562645398692409,0.0,0.0,0.0,0.0,0.10308998173430216,0.0,0.0,0.0,0.0,0.0,0.0,0.3105195907674332,0.0,0.0,0.0,0.13989075517289604,0.0,0.0,0.14030609785965648,0.0,0.1302950780322995,0.0,0.12676706272018498,0.17922544623750955,0.11165526377825107,0.0,0.3202552301271469,0.0,0.0,0.09691981677076097,0.0,0.0
22.0,1.0,0.0,0,0.0,0.0,1.0,0.0,0.0,0.0,0.0,1.0,0.0,0.0,0.0,0.0,0.0,0.0,0.0,0.0,0.0,0.0,0.0,0.0,0.0,0.0,0.0,0.0,0.0,0.0,0.0,0.0,0.0,0.0,0.0,0.0,0.0,0.6800296137149511,0.0,0.0,0.0,0.0,0.0,0.0,0.0,0.0,0.0,0.0,0.0,0.0,0.0,0.0,0.0,0.0,0.7331846455502833,0.0,0.0,0.0,0.0,0.0,0.0,0.0,0.0,0.0,0.0,0.0,0.0,0.0,0.0,0.0,0.0,0.0,0.0,0.0,0.0,0.0,0.0,0.0,0.0,0.21040749633007225,0.0,0.0,0.0,0.15247242889938578,0.161385113980359,0.16653780958272552,0.0,0.0,0.0,0.0,0.0,0.0,0.0,0.11142678906072008,0.0,0.0,0.0,0.0,0.0,0.0,0.0,0.2814169011098482,0.0,0.16029221086627343,0.0,0.0,0.0,0.0,0.0,0.0,0.0,0.0,0.0,0.10689681762514981,0.0,0.08422283294399,0.0,0.0,0.0,0.0,0.0,0.0,0.0,0.0,0.0,0.13236437492058717,0.21641747302197495,0.0,0.0,0.0,0.0,0.0,0.0,0.3052420906236269,0.132721832060627,0.0,0.0,0.22302342719365958,0.0,0.0,0.22732592622804412,0.20814742915193168,0.0,0.0,0.0,0.0,0.0,0.0,0.0,0.0,0.1299144447536076,0.0,0.0,0.0,0.0,0.19327143111020376,0.14359843357144364,0.3130545144426618,0.0,0.0,0.0,0.1762909399992889,0.20215175979843428,0.0,0.0,0.0,0.0,0.0,0.0,0.0,0.4221253516647723,0.0,0.0,0.0,0.0,0.0,0.0,0.0
22.0,4.0,1.0,1,0.0,0.0,0.0,0.0,0.0,1.0,0.0,0.0,0.0,0.0,0.0,0.0,1.0,0.0,0.0,0.0,0.0,0.0,0.0,0.0,0.0,0.0,0.0,0.0,0.0,0.0,0.0,0.0,0.0,0.0,0.0,0.0,0.0,0.0,0.0,0.0,0.0,0.0,0.0,0.0,0.0,0.0,0.0,0.0,0.0,0.0,0.47054369700185694,0.0,0.0,0.0,0.0,0.0,0.0,0.0,0.0,0.0,0.0,0.0,0.0,0.0,0.0,0.0,0.0,0.0,0.0,0.5332348483980329,0.0,0.0,0.0,0.0,0.0,0.7030286094219435,0.0,0.0,0.0,0.22776280124924805,0.0,0.0,0.0,0.24757350468818,0.0,0.18027455621149446,0.0,0.0,0.16896649723807325,0.0,0.0,0.23564310905303076,0.22295005430327547,0.12061774439284284,0.0,0.0,0.0,0.0,0.0,0.24449063927196132,0.0,0.0,0.2054636340717336,0.0,0.0,0.0,0.12961249899220736,0.0,0.0,0.0,0.0,0.0,0.0,0.23142824330498274,0.09887738352041027,0.0,0.0,0.0,0.0,0.0,0.0,0.0,0.0,0.0,0.0,0.14328235135798167,0.0,0.0,0.0,0.0,0.0,0.0,0.0,0.0,0.0,0.0,0.0,0.0,0.0,0.0,0.0,0.0,0.0,0.0,0.23291959870997933,0.0,0.0,0.17177480718991858,0.0,0.0,0.0,0.0,0.0,0.0,0.0,0.0,0.0,0.1694382909279289,0.0,0.0,0.0,0.19083216629369873,0.0,0.19139875659175506,0.38279751318351013,0.0,0.17774221010944793,0.0,0.0,0.0,0.0,0.0,0.21843830657900237,0.0,0.0,0.1322133015029729,0.19605614404009167,0.189910776890346
22.0,5.0,0.0,1,0.0,0.0,0.0,0.0,0.0,0.0,0.0,0.0,0.0,0.0,0.0,0.0,0.0,0.0,0.0,0.0,0.0,1.0,0.0,0.0,0.0,0.0,0.0,0.0,0.0,0.0,0.0,0.0,0.0,0.0,0.0,0.0,0.0,0.0,0.0,0.0,0.0,0.0,0.0,0.0,0.0,0.0,0.0,0.0,0.0,0.0,0.5750102957279837,0.0,0.0,0.0,0.0,0.0,0.0,0.8181461726408165,0.0,0.0,0.0,0.0,0.0,0.0,0.0,0.0,0.0,0.0,0.0,0.0,0.0,0.0,0.0,0.0,0.0,0.0,0.0,0.0,0.0,0.0,0.0,0.0,0.0,0.22848114214416393,0.4836737426361947,0.0,0.0,0.0,0.0,0.0,0.0,0.0,0.1234539611477604,0.0,0.0,0.11584750801874145,0.10991670844213647,0.0,0.0,0.0,0.0,0.0,0.0,0.1921593178774991,0.0,0.0,0.0,0.0,0.0,0.0,0.0,0.09417646258354867,0.0,0.19222287328042176,0.0,0.0,0.0,0.0,0.0,0.0,0.0,0.0,0.0,0.0,0.0,0.0793396256080129,0.0,0.09876702900826186,0.0,0.0,0.0,0.0,0.0,0.09148153800603567,0.0795538865500427,0.0743255923632091,0.0,0.0,0.09842105654444093,0.0,0.0,0.0,0.4199392006094017,0.0,0.0,0.0,0.0,0.09511673114078578,0.0,0.0,0.15574225941093395,0.0,0.0,0.0,0.0,0.0,0.08607335594861365,0.2345573344950307,0.0,0.13452223389185244,0.4912583775539696,0.0,0.06058520258200597,0.0,0.0,0.0,0.0,0.0,0.0,0.0,0.0,0.09607965893874955,0.0,0.0,0.0,0.0,0.0,0.0
22.0,5.0,0.0,1,1.0,0.0,1.0,0.0,0.0,0.0,0.0,1.0,0.0,0.0,0.0,0.0,0.0,0.0,0.0,0.0,0.0,0.0,0.0,0.0,0.0,0.0,0.0,0.0,0.0,0.0,0.0,0.0,0.0,0.0,0.0,0.0,0.0,0.0,0.0,0.0,0.0,0.0,0.0,0.0,0.0,0.0,1.0,0.0,0.0,0.0,0.0,0.0,0.0,0.0,0.0,0.0,0.0,0.0,0.0,0.0,0.0,0.0,0.0,0.0,0.0,0.0,0.0,0.0,0.0,0.0,0.0,0.0,0.0,0.0,0.0,0.0,0.0,0.0,0.0,0.1481462836497095,0.0,0.22648735178405507,0.1367109727594251,0.10735465273087884,0.0,0.0,0.13608091324712596,0.1580172828325775,0.1099027518533916,0.0,0.0,0.0,0.0,0.15690947315365658,0.0,0.0,0.0,0.0,0.0,0.0,0.0,0.2972151808952674,0.0,0.0,0.15418341987826323,0.0,0.0,0.0,0.0,0.0,0.15511293003229296,0.0,0.0,0.15053043775877406,0.3215695632739803,0.11860128480906348,0.0,0.0,0.0,0.0,0.0,0.0,0.0,0.0,0.0,0.0,0.0,0.0,0.0,0.0,0.0,0.0919581673830947,0.0,0.10745929239236682,0.09344841092599679,0.3492278654723534,0.0,0.0,0.1156108360582761,0.0,0.0,0.0,0.0,0.0,0.0,0.0,0.0,0.11172939202650352,0.0,0.0,0.09147175133185456,0.0,0.0,0.0,0.0,0.0,0.0,0.4959433163388977,0.0,0.0,0.0,0.1241250813661046,0.28466696738225006,0.0,0.0,0.0,0.0,0.0,0.0,0.0,0.0,0.1128605004670645,0.0,0.0,0.0,0.0,0.0,0.0
22.0,5.0,14.0,1,1.0,0.0,0.0,0.0,0.0,0.0,0.0,0.0,0.0,0.0,0.0,0.0,0.0,0.0,0.0,0.0,0.0,1.0,0.0,0.0,0.0,0.0,0.0,0.0,0.0,0.0,0.0,0.0,0.0,0.0,0.0,0.0,0.0,0.0,0.0,0.0,0.0,0.0,1.0,0.0,0.0,0.0,0.0,0.0,0.0,0.0,0.0,0.0,0.0,0.0,0.0,0.0,0.0,0.0,0.0,0.0,0.0,0.0,0.0,0.0,0.0,0.0,0.0,0.0,0.0,0.0,0.0,0.0,0.0,0.0,0.0,0.0,0.0,0.0,0.0,0.0,0.0,0.11039996954559718,0.1332779699201909,0.1046588279540436,0.22155319490004072,0.34294040083397576,0.13266373207934176,0.0,0.21428588152084083,0.0,0.13851339125900367,0.0,0.0,0.07648462892575057,0.0,0.0,0.0,0.0,0.1560391290040656,0.0,0.0,0.0,0.0,0.0,0.0,0.0,0.08218827121547827,0.0,0.0,0.0,0.15121782842885503,0.0,0.2665559398403818,0.1467504089155413,0.06269890077762431,0.11562304144448128,0.0,0.0,0.15503337352779334,0.0,0.0,0.12802583869181208,0.15503337352779334,0.0,0.0,0.09085642854945077,0.0,0.11310388025355624,0.0,0.0,0.0,0.0,0.0,0.10476083996796434,0.0,0.255343700711697,0.14855144132453046,0.0,0.22541537404956785,0.0,0.0,0.0,0.0,0.0,0.0,0.0,0.0,0.0,0.0,0.0,0.08917476831949185,0.0,0.0,0.0,0.0,0.0,0.09856761554930814,0.21488421745358044,0.0,0.0,0.0,0.18151219167057414,0.13875929177538476,0.24273481399373753,0.0,0.15919624501577678,0.0,0.14942308733722828,0.0,0.0,0.09658389798476658,0.0,0.0,0.0,0.0,0.0,0.12432069179374987,0.2408477355065017
22.0,5.0,0.0,1,1.0,0.0,0.0,0.0,0.0,1.0,0.0,0.0,0.0,0.0,0.0,0.0,0.0,0.0,0.0,0.0,0.0,0.0,0.0,0.0,0.0,1.0,0.0,0.0,0.0,0.0,0.0,0.0,0.0,0.0,0.0,0.0,0.0,0.0,0.0,0.0,0.0,0.0,0.0,0.0,0.0,0.0,0.0,0.0,0.0,0.0,0.0,0.0,0.0,0.0,0.0,0.0,0.0,0.0,0.0,0.0,0.0,0.0,0.0,0.0,0.0,0.0,0.0,0.0,0.0,0.0,0.0,0.0,0.0,0.0,0.0,0.0,0.0,0.0,0.0,0.0,0.0,0.0,0.0,0.11575106751642276,0.0,0.0,0.0,0.0,0.0,0.29344812872621545,0.0,0.0,0.0,0.16918166617804256,0.0,0.0,0.2784250862165448,0.0,0.34515379370547533,0.0,0.0,0.0,0.0,0.0,0.0,0.0,0.0,0.0,0.0,0.0,0.0,0.0,0.0,0.0,0.4160641680586994,0.12787732041649733,0.0,0.0,0.0,0.0,0.0,0.0,0.0,0.0,0.0,0.0,0.0,0.0,0.0,0.0,0.0,0.1983007866110949,0.0,0.2317277824959723,0.0,0.0,0.0,0.3386212178186306,0.0,0.0,0.0,0.0,0.0,0.0,0.0,0.0,0.0,0.0,0.0,0.0,0.1972518674304924,0.0,0.0,0.0,0.33653413779246455,0.0,0.0,0.11882933360196332,0.0,0.0,0.0,0.13383314377353325,0.0,0.0,0.0,0.0,0.0,0.0,0.0,0.0,0.0,0.0,0.3063873963998498,0.0,0.0,0.0,0.0,0.0
22.0,5.0,0.0,1,0.0,0.0,1.0,0.0,0.0,0.0,0.0,1.0,0.0,0.0,0.0,0.0,0.0,0.0,0.0,0.0,0.0,0.0,0.0,0.0,0.0,0.0,0.0,0.0,0.0,0.0,0.0,0.0,0.0,0.0,0.0,0.0,0.0,0.0,0.0,0.0,0.0,0.0,0.0,0.0,0.0,0.0,0.0,0.0,0.0,0.0,0.0,0.0,0.0,0.0,0.0,0.0,0.0,0.0,0.0,0.0,0.0,0.0,0.0,0.0,0.0,0.0,0.0,0.0,0.0,0.0,0.0,0.0,0.0,0.0,0.0,0.0,0.0,0.0,0.0,0.0,0.0,0.24943040773997185,0.0,0.23645925119012634,0.0,0.0,0.0,0.0,0.0,0.0,0.0,0.0,0.0,0.17280432465075113,0.0,0.0,0.0,0.0,0.0,0.0,0.0,0.43643057429479043,0.0,0.0,0.0,0.0,0.0,0.0,0.0,0.0,0.0,0.243662295422503,0.0,0.16577909614681982,0.2833155199259666,0.13061553590248606,0.0,0.0,0.0,0.0,0.0,0.0,0.0,0.0,0.0,0.2052750205653559,0.0,0.0,0.0,0.0,0.0,0.0,0.0,0.0,0.0,0.0,0.0,0.0,0.0,0.0,0.0,0.32280187040828273,0.0,0.0,0.0,0.0,0.0,0.0,0.0,0.2843869556104513,0.0,0.0,0.0,0.0,0.0,0.0,0.22269716774030773,0.12137380607291322,0.0,0.0,0.0,0.27339778060034087,0.0,0.0,0.2742095123592304,0.0,0.0,0.0,0.0,0.0,0.0,0.0,0.0,0.0,0.0,0.18941682578357896,0.0,0.0
22.0,5.0,0.0,1,0.0,0.0,0.0,0.0,0.0,1.0,0.0,0.0,0.0,0.0,0.0,0.0,0.0,0.0,0.0,0.0,0.0,0.0,0.0,0.0,0.0,1.0,0.0,0.0,0.0,0.0,0.0,0.0,0.0,0.0,0.0,0.0,0.0,0.0,0.0,0.0,0.0,0.0,0.0,0.0,0.0,0.0,0.7832263602269648,0.0,0.0,0.0,0.6217366553820203,0.0,0.0,0.0,0.0,0.0,0.0,0.0,0.0,0.0,0.0,0.0,0.0,0.0,0.0,0.0,0.0,0.0,0.0,0.0,0.0,0.0,0.0,0.0,0.0,0.0,0.0,0.0,0.0,0.0,0.0,0.0,0.0,0.0,0.0,0.0,0.0,0.0,0.2970699744394817,0.0,0.0,0.4142980622045479,0.0,0.0,0.34611551217345027,0.0,0.0,0.0,0.0,0.0,0.0,0.0,0.0,0.0,0.0,0.0,0.0,0.0,0.0,0.0,0.41927425276298363,0.0,0.0,0.0,0.0,0.0,0.0,0.0,0.0,0.0,0.0,0.0,0.0,0.0,0.0,0.0,0.0,0.0,0.0,0.0,0.0,0.0,0.0,0.0,0.0,0.2359929831598325,0.0,0.0,0.0,0.0,0.0,0.0,0.0,0.0,0.0,0.0,0.0,0.0,0.0,0.0,0.0,0.0,0.0,0.0,0.42183750348755317,0.0,0.0,0.14894973138996723,0.0,0.0,0.0,0.0,0.19236553975650084,0.0,0.0,0.0,0.31249907334962984,0.0,0.0,0.0,0.0,0.0,0.0,0.0,0.0,0.23245201113867586,0.0,0.0
22.0,5.0,0.0,1,1.0,0.0,0.0,0.0,0.0,1.0,0.0,0.0,1.0,0.0,0.0,0.0,0.0,0.0,0.0,0.0,0.0,0.0,0.0,0.0,0.0,0.0,0.0,0.0,0.0,0.0,0.0,0.0,0.0,0.0,0.0,0.0,0.0,0.0,0.0,0.0,0.0,0.0,0.0,0.0,0.0,0.0,0.0,0.0,0.0,0.0,0.0,0.0,0.0,0.0,0.0,0.0,0.0,0.0,0.0,0.0,0.0,0.0,0.0,0.0,0.0,0.0,0.0,0.0,0.0,0.0,0.0,0.0,0.0,0.0,0.0,0.0,0.0,0.0,0.0,0.0,0.0,0.0,0.0,0.0,0.0,0.0,0.0,0.0,0.0,0.0,0.0,0.0,0.0,0.0,0.0,0.0,0.0,0.0,0.0,0.0,0.0,0.0,0.0,0.0,0.0,0.0,0.0,0.0,0.0,0.0,0.0,0.0,0.0,0.0,0.0,0.0,0.0,0.0,0.0,0.0,0.0,0.0,0.0,0.0,0.0,0.0,0.0,0.0,0.0,0.0,0.0,0.0,0.0,0.0,0.0,0.0,0.0,0.0,0.0,0.0,0.0,0.0,0.0,0.0,0.0,0.0,0.0,0.0,0.0,0.0,0.0,0.0,0.0,0.0,0.0,0.0,0.0,0.0,0.0,0.0,0.0,0.0,0.0,0.0,0.0,0.0,0.0,0.0,0.0,0.0,0.0,0.0,0.0,0.0,0.0,0.0,0.0,0.0
22.0,4.0,2.0,1,0.0,0.0,0.0,0.0,0.0,1.0,0.0,0.0,0.0,0.0,0.0,0.0,0.0,0.0,0.0,0.0,0.0,0.0,0.0,0.0,0.0,1.0,0.0,0.0,0.0,0.0,0.0,0.0,0.0,0.0,0.0,0.0,0.0,0.0,0.0,0.0,0.0,0.0,0.0,0.0,0.0,0.0,0.0,0.0,0.0,0.0,0.0,0.0,0.0,0.0,0.0,0.0,0.0,0.0,0.0,0.0,0.0,0.0,0.0,0.0,0.0,0.0,0.0,0.0,1.0,0.0,0.0,0.0,0.0,0.0,0.0,0.0,0.0,0.0,0.0,0.0,0.0,0.0,0.0,0.312234644279806,0.0,0.0,0.0,0.0,0.10654854651506944,0.0,0.27548992788093896,0.0,0.0,0.15212063407902274,0.0,0.0,0.0,0.0,0.0,0.15417329871177418,0.0,0.0,0.0,0.0,0.0,0.0,0.08173231737382422,0.0,0.13638646991635403,0.0,0.0,0.0,0.0,0.14593628529766015,0.18705320290451438,0.2299632047081545,0.0,0.0,0.0,0.0,0.24044505856062728,0.12731559290954628,0.0,0.13706064773263846,0.0,0.09035238658551314,0.0,0.11247641665145194,0.0,0.0,0.0,0.0,0.0,0.10417966084432678,0.09059638808307625,0.16928475784790448,0.0,0.0,0.0,0.0,0.0,0.0,0.0,0.118836447398264,0.0,0.0,0.0,0.0,0.0,0.0,0.08868005566046437,0.0,0.0,0.0,0.4538948065715807,0.0,0.0,0.2136921095894071,0.0,0.0,0.0,0.24067362795911723,0.27597900056126223,0.0,0.0,0.0,0.11208242137406645,0.0,0.0,0.0,0.0,0.10941602535822166,0.13774496394046948,0.0,0.0,0.08337235685990271,0.0,0.11975579523734432
22.0,5.0,1.0,1,0.0,0.0,0.0,0.0,0.0,0.0,0.0,0.0,0.0,0.0,0.0,1.0,0.0,0.0,0.0,0.0,0.0,0.0,0.0,0.0,0.0,0.0,0.0,0.0,0.0,0.0,0.0,0.0,0.0,0.0,0.0,0.0,0.0,0.0,0.0,0.0,0.0,0.0,0.0,0.0,0.0,0.0,0.0,0.0,0.0,0.0,0.0,0.0,0.0,0.0,0.0,0.0,0.0,0.0,0.0,0.0,0.0,0.0,0.0,0.0,0.0,0.0,0.0,0.0,0.0,0.0,0.0,0.0,0.0,0.0,0.0,0.0,0.0,0.0,0.0,0.0,0.0,0.0,0.0,0.22493930115639735,0.1587253294156437,0.0,0.0,0.0,0.0,0.0,0.0,0.0,0.0,0.0,0.0,0.0,0.18035469178739538,0.0,0.0,0.0,0.0,0.0,0.0,0.0,0.0,0.3717090784061679,0.11776278314257484,0.0,0.0,0.0,0.0,0.15452761571571813,0.0,0.0,0.0,0.0,0.2313020390419215,0.0,0.0,0.0,0.0,0.0,0.0,0.0,0.0,0.0,0.0,0.32411991457912276,0.0,0.0,0.0,0.0,0.0,0.0,0.26106889284763385,0.0,0.0,0.0,0.1614922751058086,0.0,0.0,0.20471695588467076,0.0,0.1712237121625733,0.0,0.0,0.0,0.0,0.0,0.0,0.0,0.0,0.0,0.0,0.0,0.0,0.0,0.23092130233281577,0.47642039921353646,0.22072818933519167,0.0,0.0,0.0,0.0,0.0,0.0,0.0,0.0,0.0,0.0,0.0,0.15765043841408746,0.0,0.19460977635182386,0.0,0.0,0.0,0.0
22.0,3.0,3.0,0,0.0,0.0,1.0,0.0,0.0,0.0,0.0,1.0,0.0,0.0,0.0,0.0,0.0,0.0,0.0,0.0,0.0,0.0,0.0,0.0,0.0,0.0,0.0,0.0,0.0,0.0,0.5119322452765445,0.0,0.0,0.0,0.0,0.0,0.0,0.4667861022985044,0.0,0.0,0.0,0.5164809840209262,0.0,0.0,0.0,0.0,0.0,0.0,0.0,0.0,0.0,0.0,0.0,0.0,0.5032727929183752,0.0,0.0,0.0,0.0,0.0,0.0,0.0,0.0,0.0,0.0,0.0,0.0,0.0,0.0,0.0,0.0,0.0,0.0,0.0,0.0,0.0,0.0,0.0,0.0,0.0,0.0,0.0,0.0,0.266080805085091,0.0,0.0,0.0,0.0,0.0,0.1349117827031819,0.2817211343314146,0.0,0.14376998059828147,0.07778069767849669,0.0,0.0,0.0,0.0,0.0,0.1576604884642762,0.0,0.09822055850014927,0.13249381246601274,0.0,0.0,0.131908453077726,0.08358099092479414,0.0,0.0,0.0,0.0,0.10967447356546162,0.0,0.0,0.25504545499685705,0.2939558234632972,0.0,0.0,0.0,0.0,0.0,0.0,0.0,0.14016077265853807,0.0,0.09239603434584376,0.3021374336164985,0.11502047979871814,0.0,0.12642736559496653,0.0,0.09116811461458152,0.0,0.0,0.09264555482450805,0.3462274963935639,0.0,0.15567995732443976,0.0,0.0,0.0,0.0,0.0,0.0,0.0,0.1374623090784847,0.0,0.0,0.0,0.0,0.0,0.0,0.0,0.0,0.0,0.2698235654063638,0.10023789111108365,0.2731569170889009,0.0,0.0,0.0,0.06152933429711663,0.07055531729219015,0.0,0.12342403596951063,0.16189390180796387,0.0,0.0,0.0,0.0,0.09822055850014927,0.0,0.0,0.13812239756125014,0.0,0.0,0.0,0.0
22.0,5.0,1.0,1,0.0,0.0,1.0,0.0,0.0,0.0,0.0,1.0,0.0,0.0,0.0,0.0,0.0,0.0,0.0,0.0,0.0,0.0,0.0,0.0,0.0,0.0,0.0,0.0,0.0,0.0,0.0,0.0,0.0,0.0,0.0,0.0,0.0,0.0,0.0,0.0,0.0,0.0,0.0,0.0,0.0,0.0,0.0,0.0,0.0,0.0,0.0,0.0,0.0,0.0,0.0,0.0,0.0,0.0,0.0,0.0,0.0,0.0,0.0,0.0,0.0,0.0,0.0,0.0,0.0,0.0,0.0,0.0,0.0,0.0,0.0,0.0,0.0,0.0,0.0,0.0,0.0,0.0,0.0,0.06664401864829406,0.0,0.1455836831300313,0.0,0.0,0.0,0.0,0.0,0.0,0.18004698356562526,0.19481368695142684,0.0,0.0,0.0,0.0,0.0,0.0,0.0,0.24600845334320506,0.0,0.0,0.1914291080682556,0.16519247609703214,0.31401211651025907,0.0,0.1746636885624102,0.1455836831300313,0.0,0.0,0.0,0.0,0.31940022981998956,0.22087723360275147,0.0,0.0,0.0,0.19258315757543856,0.1539632958113833,0.0,0.0,0.0,0.0,0.0,0.0,0.0,0.0,0.0,0.0,0.11417226298155882,0.0,0.0,0.0,0.0,0.0,0.0,0.0,0.0,0.0,0.0,0.0,0.1521882064325263,0.0,0.0,0.0,0.13871957099880977,0.0,0.0,0.0,0.0,0.0,0.0,0.0,0.0,0.0,0.205249018288579,0.0,0.0,0.0,0.15410965480966674,0.0,0.0,0.0,0.0,0.0,0.0,0.27930406484542597,0.0,0.12300422667160253,0.0,0.35280689495804124,0.0,0.1819578956028775,0.21354205270102142,0.0,0.0
22.0,1.0,2.0,0,0.0,1.0,0.0,1.0,0.0,0.0,0.0,0.0,0.0,1.0,0.0,0.0,0.0,0.0,0.0,0.0,0.0,0.0,0.0,0.0,0.0,0.0,0.0,0.0,0.0,0.0,0.0,0.0,0.0,0.0,0.0,0.0,0.0,0.0,0.0,0.0,0.0,0.0,0.0,0.0,0.0,0.0,0.0,0.0,0.0,0.0,0.0,0.0,0.0,0.0,0.0,0.0,0.0,0.0,0.0,0.0,0.0,0.0,0.0,0.0,0.0,0.0,0.0,0.0,0.0,0.0,0.0,0.0,0.0,0.0,0.0,0.0,0.0,0.0,0.0,0.0,0.0,0.0,0.0,0.2188464838709538,0.0,0.0,0.0,0.0,0.22404087944982545,0.0,0.28963795256130115,0.0,0.0,0.0,0.0,0.0,0.2632042729597846,0.0,0.0,0.0,0.0,0.0,0.0,0.0,0.0,0.0,0.0,0.0,0.0,0.0,0.0,0.0,0.0,0.15343097006538786,0.13110632180767462,0.24177316495175466,0.0,0.2568228181982179,0.0,0.0,0.0,0.0,0.0,0.0,0.0,0.0,0.0,0.0,0.0,0.0,0.0,0.0,0.0,0.43811959148680474,0.19049808866458248,0.0,0.0,0.0,0.0,0.0,0.0,0.0,0.0,0.0,0.0,0.0,0.0,0.0,0.0,0.2632042729597846,0.0,0.0,0.0,0.0,0.0,0.0,0.0,0.44933290720327235,0.0,0.0,0.0,0.0,0.29015214199418576,0.0,0.0,0.0,0.0,0.0,0.0,0.0,0.0,0.0,0.0,0.0,0.0,0.0,0.0,0.0
22.0,5.0,1.0,1,0.0,0.0,0.0,0.0,0.0,1.0,0.0,0.0,0.0,0.0,0.0,0.0,1.0,0.0,0.0,0.0,0.0,0.0,0.0,0.0,0.0,0.0,0.0,0.0,0.0,0.0,0.0,0.0,0.0,0.0,0.0,0.0,0.0,0.0,0.0,0.0,0.0,0.0,0.0,0.0,0.0,0.0,0.7832263602269648,0.0,0.0,0.0,0.6217366553820203,0.0,0.0,0.0,0.0,0.0,0.0,0.0,0.0,0.0,0.0,0.0,0.0,0.0,0.0,0.0,0.0,0.0,0.0,0.0,0.0,0.0,0.0,0.0,0.0,0.0,0.0,0.0,0.0,0.0,0.0,0.0,0.0,0.15066031059766455,0.0,0.0,0.0,0.0,0.0,0.0,0.0,0.0,0.0,0.0,0.0,0.0,0.0,0.40916956021890577,0.0,0.0,0.0,0.0,0.0,0.0,0.43275855003884195,0.0,0.236626201742796,0.0,0.0,0.32911705151027754,0.0,0.31049947865881666,0.0,0.0,0.1805148414128417,0.0,0.0,0.0,0.0,0.0,0.0,0.0,0.0,0.0,0.0,0.2615824773246164,0.0,0.0,0.0,0.0,0.0,0.0,0.0,0.0,0.0,0.0,0.0,0.0,0.0,0.0,0.0,0.0,0.0,0.0,0.0,0.0,0.4135615191450646,0.0,0.0,0.0,0.25674085129997565,0.0,0.0,0.0,0.0,0.0,0.0,0.1546669477242206,0.0,0.0,0.0,0.0,0.0,0.0,0.0,0.0,0.0,0.0,0.0,0.0,0.0,0.0,0.0,0.0,0.0,0.0,0.0,0.0
22.0,5.0,0.0,1,0.0,1.0,0.0,1.0,0.0,0.0,0.0,0.0,0.0,1.0,0.0,0.0,0.0,0.0,0.0,0.0,0.0,0.0,0.0,0.0,0.0,0.0,0.0,0.0,0.0,0.0,0.0,0.0,0.0,0.0,0.0,0.0,0.0,0.0,0.0,0.0,0.0,0.0,0.0,0.0,0.0,0.0,0.0,0.0,0.0,0.0,0.0,0.0,0.0,0.0,0.0,0.7560098672250621,0.0,0.0,0.0,0.0,0.0,0.0,0.0,0.0,0.0,0.0,0.0,0.0,0.0,0.0,0.6545602192757699,0.0,0.0,0.0,0.0,0.0,0.0,0.0,0.0,0.0,0.0,0.0,0.17830002648761883,0.4200395265821525,0.14819756236814255,0.0,0.0,0.0,0.0,0.17747829560922476,0.0,0.0,0.1891313761118398,0.0,0.0,0.0,0.16839231509520733,0.0,0.0,0.0,0.0,0.0,0.0,0.0,0.6032633802545463,0.0,0.10995193686898547,0.0,0.0,0.0,0.0,0.0,0.0,0.09816176601571254,0.08387894620610821,0.23202174407902926,0.0,0.0,0.0,0.0,0.0,0.17127369544658363,0.0,0.0,0.0,0.0,0.0,0.0,0.0,0.0,0.0,0.0,0.0,0.0,0.0,0.0,0.0,0.0,0.0,0.0,0.0,0.0,0.0,0.31973393100568265,0.1975886678525411,0.0,0.0,0.14571876094267433,0.0,0.0,0.0,0.0,0.0,0.0,0.0,0.0,0.0,0.14373666438154642,0.0,0.0,0.0,0.08094268092986161,0.09281648502663094,0.0,0.0,0.0,0.0,0.0,0.0,0.0,0.0,0.0,0.0,0.0,0.0,0.0,0.0,0.0
22.0,5.0,0.0,1,0.0,1.0,0.0,1.0,0.0,0.0,0.0,0.0,0.0,0.0,0.0,0.0,0.0,0.0,0.0,0.0,0.0,0.0,0.0,0.0,1.0,0.0,0.0,0.0,0.0,0.0,0.0,0.0,0.0,0.0,0.0,0.0,0.0,0.0,0.0,0.0,0.0,0.0,0.0,0.0,0.0,0.0,0.0,0.0,0.0,0.0,0.0,0.0,0.0,0.0,0.0,0.0,0.0,0.0,0.0,0.0,0.0,0.0,0.0,0.0,0.0,0.0,0.0,0.0,0.0,0.0,0.0,0.0,0.0,0.0,0.0,0.0,0.0,0.0,0.0,0.0,0.0,0.0,0.0,0.10088457553983321,0.0,0.0,0.0,0.0,0.0,0.0,0.0,0.0,0.0,0.14745281359130444,0.0,0.0,0.2426655515605707,0.0,0.0,0.0,0.0,0.0,0.0,0.0,0.0,0.0,0.0,0.0,0.0,0.22038208943563975,0.0,0.0,0.0,0.0,0.0,0.2229067855388756,0.0,0.0,0.2988849844511479,0.0,0.0,0.0,0.0,0.0,0.0,0.17515984859492947,0.0,0.0,0.0,0.0,0.0,0.0,0.0,0.0,0.0,0.0,0.0,0.0,0.0,0.0,0.0,0.0,0.0,0.0,0.2847396155783356,0.0,0.0,0.0,0.0,0.0,0.17191781766799957,0.26838341226623563,0.0,0.6056130047797283,0.0,0.0,0.0,0.207134968848809,0.0,0.0,0.0,0.0,0.0,0.0,0.0,0.0,0.0,0.0,0.21140285805080372,0.0,0.0,0.0,0.0,0.0,0.0,0.0,0.0,0.2321621791615398
22.0,2.0,1.0,1,1.0,0.0,0.0,0.0,0.0,0.0,0.0,0.0,0.0,0.0,0.0,1.0,0.0,0.0,0.0,0.0,0.0,0.0,0.0,0.0,0.0,0.0,0.0,0.0,0.0,0.0,0.0,0.0,0.0,0.0,0.0,0.0,0.0,0.0,0.0,0.0,0.0,0.0,0.0,0.0,0.0,0.0,0.0,0.0,0.0,0.0,0.0,0.0,0.0,0.0,0.0,0.0,0.0,0.0,0.0,0.0,0.0,0.0,0.0,0.0,0.0,0.0,0.0,0.0,0.0,0.0,0.0,0.0,0.0,0.0,0.0,0.0,0.0,0.0,0.0,0.0,0.0,0.0,0.0,0.0,0.5329619131789795,0.0,0.0,0.0,0.0,0.0,0.0,0.0,0.0,0.09199459791009505,0.0,0.0,0.0,0.0,0.0,0.0,0.0,0.0,0.0,0.13233817119801783,0.0,0.0,0.19770971160058,0.0,0.0,0.0,0.0,0.12971674718527668,0.1603048014390479,0.0,0.0,0.0,0.3883286231120957,0.0,0.0,0.0,0.0,0.0,0.0,0.0,0.0,0.0,0.0,0.0,0.0,0.0,0.0,0.21565695079920988,0.0,0.12600481279620876,0.1095759078874209,0.0,0.0,0.0,0.0,0.0,0.0,0.0,0.1928052424999898,0.0,0.0,0.0,0.0,0.0,0.0,0.0,0.10725811278029981,0.0,0.0,0.0,0.0,0.15956600510854685,0.0,0.1292298038149472,0.0,0.3705763866224535,0.16916232839836262,0.0,0.0,0.0,0.0,0.0,0.0,0.1797239135646161,0.0,0.0,0.0,0.0,0.0,0.0,0.0,0.10083847589222432,0.0,0.28968814906569956
22.0,5.0,0.0,1,0.0,0.0,0.0,0.0,0.0,0.0,0.0,0.0,0.0,0.0,0.0,0.0,0.0,0.0,0.0,0.0,0.0,0.0,0.0,1.0,0.0,0.0,0.0,0.0,0.0,0.0,0.0,0.0,0.0,0.0,0.0,0.0,0.0,0.0,0.0,0.0,0.0,0.0,0.0,0.0,0.0,0.0,0.0,0.0,0.0,0.0,0.0,0.0,0.0,0.0,0.0,0.0,0.0,0.0,0.0,0.0,0.0,0.0,0.0,0.0,0.0,0.0,0.0,0.0,0.0,0.0,0.0,0.0,0.0,0.0,0.0,0.0,0.0,0.0,0.0,0.0,0.0,0.0,0.0,0.17521506417340887,0.0,0.0,0.0,0.0,0.1793738531957207,0.0,0.0,0.0,0.0,0.25609419534851535,0.0,0.0,0.0,0.23792819245877883,0.0,0.0,0.0,0.0,0.0,0.0,0.0,0.0,0.0,0.0,0.0,0.0,0.0,0.0,0.0,0.0,0.10496765670047035,0.29035627986654866,0.0,0.0,0.0,0.25316203162488865,0.0,0.0,0.0,0.0,0.0,0.15210771293797667,0.24869808723788933,0.0,0.0,0.0,0.24869808723788933,0.0,0.0,0.17538584806154328,0.0,0.14249494852653155,0.0,0.0,0.0,0.0,0.0,0.0,0.0,0.2000604622692098,0.0,0.0,0.0,0.0,0.2827073916105947,0.0,0.0,0.0,0.0,0.2629552657800341,0.0,0.0,0.0,0.17987470663972382,0.0,0.0,0.0,0.10129316030490024,0.0,0.0,0.0,0.2665191349061668,0.0,0.0,0.1835809148306739,0.0,0.16169638256363653,0.0,0.0,0.22738510529480094,0.0,0.0,0.2081320650780598,0.0
22.0,5.0,0.0,1,0.0,0.0,0.0,0.0,0.0,1.0,0.0,0.0,0.0,0.0,0.0,0.0,1.0,0.0,0.0,0.0,0.0,0.0,0.0,0.0,0.0,0.0,0.0,0.0,0.0,0.0,0.0,0.0,0.0,0.0,0.0,0.0,0.6395542826808552,0.0,0.0,0.0,0.0,0.0,0.0,0.0,0.0,0.0,0.0,0.0,0.0,0.0,0.0,0.0,0.0,0.0,0.0,0.0,0.0,0.0,0.0,0.0,0.0,0.0,0.0,0.7687459395044481,0.0,0.0,0.0,0.0,0.0,0.0,0.0,0.0,0.0,0.0,0.0,0.0,0.0,0.0,0.0,0.0,0.0,0.0,0.0,0.18110787661652475,0.0,0.0,0.0,0.0,0.0,0.0,0.2396918316808156,0.0,0.2446425616743282,0.2647071252246014,0.0,0.0,0.2178164627047477,0.0,0.0,0.0,0.0,0.0,0.0,0.1903962713633662,0.0,0.0,0.0,0.0,0.0,0.19781483962452995,0.0,0.18662480200445017,0.0,0.3809184873010068,0.10849791659249124,0.0,0.0,0.0,0.2682789940724764,0.0,0.20920081161698728,0.0,0.2682789940724764,0.0,0.0,0.0,0.0,0.0,0.0,0.2151319382264642,0.0,0.15513392301728243,0.0,0.0,0.0,0.0,0.2570622720753536,0.0,0.0,0.0,0.0,0.0,0.0,0.0,0.0,0.0,0.0,0.0,0.0,0.0,0.15431333652241355,0.0,0.0,0.0,0.0,0.0,0.0,0.0,0.0,0.0,0.0,0.2093996799321074,0.12005867629860938,0.0,0.0,0.0,0.195036102299766,0.0,0.0,0.0,0.0,0.0,0.0,0.0,0.0,0.14507733971263895,0.0,0.0
22.0,5.0,0.0,1,0.0,0.0,0.0,0.0,1.0,0.0,0.0,0.0,0.0,0.0,0.0,0.0,0.0,0.0,0.0,0.0,1.0,0.0,0.0,0.0,0.0,0.0,0.0,0.0,0.0,0.0,0.0,0.0,0.0,0.0,0.0,0.0,0.0,0.0,0.0,1.0,0.0,0.0,0.0,0.0,0.0,0.0,0.0,0.0,0.0,0.0,0.0,0.0,0.0,0.0,0.0,0.0,0.0,0.0,0.0,0.0,0.0,0.0,0.0,0.0,0.0,0.0,0.0,0.0,0.0,0.0,0.0,0.0,0.0,0.0,0.0,0.0,0.0,0.0,0.0,0.0,0.0,0.0,0.0,0.1411607318675806,0.0,0.0,0.0,0.0,0.0,0.35786583661776966,0.0,0.0,0.0,0.0,0.0,0.0,0.0,0.0,0.0,0.0,0.0,0.0,0.0,0.0,0.0,0.0,0.0,0.0,0.3699604947036326,0.0,0.0,0.0,0.0,0.0,0.16913284610732762,0.0,0.0,0.0,0.0,0.0,0.0,0.0,0.0,0.0,0.0,0.2450889275111454,0.0,0.0,0.4385862292854962,0.0,0.0,0.24183175817335364,0.0,0.0,0.0,0.0,0.0,0.0,0.0,0.0,0.0,0.0,0.0,0.32235448938041744,0.3984162327258958,0.0,0.0,0.293826161202691,0.0,0.0,0.0,0.0,0.0,0.0,0.0,0.0,0.0,0.0,0.0,0.0,0.0,0.16321218394405473,0.0,0.0,0.0,0.0,0.0,0.0,0.0,0.0,0.0,0.0,0.0,0.0,0.0,0.0,0.0,0.0
22.0,2.0,4.0,0,0.0,0.0,0.0,0.0,0.0,1.0,0.0,0.0,0.0,0.0,0.0,0.0,0.0,0.0,0.0,0.0,0.0,0.0,0.0,0.0,0.0,1.0,0.0,0.0,0.0,0.0,0.0,0.0,0.0,0.0,0.0,0.0,0.0,0.0,0.0,0.0,0.0,0.0,0.0,0.0,0.0,0.0,0.0,0.0,0.0,0.0,0.0,0.0,0.0,0.0,0.0,0.0,0.0,0.0,0.0,1.0,0.0,0.0,0.0,0.0,0.0,0.0,0.0,0.0,0.0,0.0,0.0,0.0,0.0,0.0,0.0,0.0,0.0,0.0,0.0,0.0,0.12379342437371214,0.0,0.0,0.175442353494764,0.0,0.0,0.0,0.0,0.0,0.11119385643043261,0.0,0.0,0.0,0.19231980092686882,0.0,0.0,0.0,0.0,0.0,0.1299432663907356,0.0,0.0,0.0,0.09222009160690717,0.0,0.0,0.2755487332237485,0.0,0.0,0.0,0.0,0.18078669517771617,0.0,0.18450118556482578,0.0,0.19382195373093414,0.0,0.10294339406070185,0.0,0.0,0.0,0.0,0.0,0.0,0.0,0.07615251367922782,0.0,0.09479950869403563,0.13627479692515224,0.0,0.0,0.0,0.0,0.0,0.0,0.0,0.0,0.0,0.0,0.23455410624695727,0.0,0.0,0.0,0.0,0.0,0.11329599204761145,0.0,0.0,0.0,0.31650390000214923,0.07474300798204912,0.0,0.12911840934594682,0.0,0.5100803166006591,0.0,0.0,0.13508103034374833,0.0,0.0,0.11788107150122364,0.10142455798906759,0.058151465084794095,0.0,0.0,0.0,0.0,0.12524093103932066,0.2757285845246109,0.0,0.1619061354249664,0.0,0.11609682540918317,0.11384003484738292,0.1197523877198714,0.0,0.0,0.0
22.0,5.0,0.0,1,0.0,0.0,0.0,0.0,0.0,0.0,0.0,0.0,0.0,0.0,0.0,1.0,0.0,0.0,0.0,0.0,0.0,0.0,0.0,0.0,0.0,0.0,0.0,0.0,0.0,0.0,0.0,0.0,0.0,0.0,0.0,0.0,0.0,0.0,0.0,0.0,0.0,0.0,0.0,0.5644713826502238,0.0,0.0,0.0,0.0,0.0,0.0,0.0,0.0,0.0,0.0,0.0,0.0,0.0,0.8254526383560383,0.0,0.0,0.0,0.0,0.0,0.0,0.0,0.0,0.0,0.0,0.0,0.0,0.0,0.0,0.0,0.0,0.0,0.0,0.0,0.0,0.0,0.0,0.0,0.0,0.0,0.07341012623758372,0.15540254294739209,0.0,0.0,0.0,0.0,0.0,0.0,0.0,0.0,0.0,0.0,0.0,0.0,0.0,0.0,0.0,0.0,0.0,0.0,0.0,0.0,0.0,0.0,0.0,0.0,0.0,0.0,0.0,0.0,0.10293413613075622,0.08795692271777071,0.08110067955413987,0.0,0.0,0.0,0.0,0.0,0.0,0.0,0.0,0.0,0.25491521430910474,0.0,0.0,0.0,0.0,0.0,0.0,0.0,0.0,0.0,0.0,0.0,0.214755914395892,0.0,0.19628836716040338,0.21889891912836956,0.0,0.22487479301752666,0.0,0.0,0.0,0.0,0.15280322863463391,0.0,0.353158224203276,0.12509849627621888,0.0,0.0,0.0,0.0,0.0,0.2765504350417395,0.15072476768666374,0.23322346163138066,0.21610742311353798,0.3945986436022006,0.0,0.0,0.0,0.0,0.0,0.3162231297322987,0.0,0.0,0.21748799875173952,0.0,0.0,0.0,0.0,0.0,0.0,0.17440282596190318,0.0
22.0,4.0,2.0,1,0.0,0.0,1.0,0.0,0.0,0.0,0.0,1.0,0.0,0.0,0.0,0.0,0.0,0.0,0.0,0.0,0.0,0.0,0.0,0.0,0.0,0.0,0.0,0.0,0.0,0.0,0.0,0.0,0.0,0.0,0.0,0.0,0.0,0.429126032146353,0.0,0.0,0.0,0.0,0.0,0.0,0.0,0.6191395812379,0.0,0.0,0.0,0.0,0.4351442879154084,0.0,0.0,0.0,0.0,0.0,0.0,0.0,0.0,0.0,0.0,0.0,0.0,0.0,0.0,0.0,0.0,0.0,0.0,0.4931191297987508,0.0,0.0,0.0,0.0,0.0,0.0,0.0,0.0,0.0,0.0,0.0,0.0,0.14794398458077565,0.17426335393253978,0.122966543044364,0.25378522498748685,0.14726215551547756,0.0,0.0,0.0,0.0,0.0,0.0,0.08490105881139597,0.13856859380865483,0.0,0.1397230867472496,0.0,0.0,0.0,0.0,0.42884827020597666,0.0,0.12213381123591553,0.0,0.14398388889186337,0.09123233447136458,0.0,0.1522391196112407,0.0,0.0,0.11971452054568557,0.14794398458077565,0.08144947078209618,0.27839335234265694,0.19251944043214259,0.0,0.0,0.0,0.0,0.0,0.0,0.0,0.0,0.0,0.10085434278773442,0.0,0.0,0.0,0.0,0.0,0.09951401429453308,0.17671432744687568,0.0,0.0,0.0,0.0,0.0,0.0,0.0,0.0,0.0,0.0,0.0,0.0,0.0,0.0,0.12090976399002244,0.0,0.1397230867472496,0.0,0.0,0.0,0.0,0.0,0.0,0.10941407498720834,0.29816281127182376,0.0,0.0,0.0,0.20148593876253237,0.15402847548735735,0.1347227737645282,0.0,0.0,0.1251101312641125,0.0,0.12172250937181796,0.0,0.0,0.12213381123591553,0.0,0.0,0.0,0.27918900348509906,0.0,0.0
22.0,5.0,1.0,1,0.0,0.0,0.0,0.0,0.0,1.0,0.0,0.0,0.0,0.0,0.0,0.0,1.0,0.0,0.0,0.0,0.0,0.0,0.0,0.0,0.0,0.0,0.0,0.0,0.0,0.0,0.0,0.0,0.0,0.0,0.0,0.0,0.0,0.0,0.0,0.0,0.0,0.0,0.0,0.0,0.0,0.0,0.0,0.0,0.0,0.0,0.0,0.0,0.0,0.0,0.0,0.0,0.0,0.0,0.0,0.0,0.0,0.0,0.0,0.0,0.0,0.0,0.0,0.0,0.0,0.0,0.0,0.0,0.0,0.0,0.0,0.0,0.0,0.0,0.0,0.0,0.35291871744074665,0.2637999150525662,0.0,0.25008149945525876,0.0,0.0,0.0,0.0,0.0,0.0,0.0,0.0,0.0,0.1827594581455635,0.0,0.0,0.30077028463307376,0.3395908874243982,0.0,0.0,0.0,0.0,0.0,0.0,0.3591686047455781,0.0,0.0,0.0,0.0,0.0,0.0,0.0,0.0,0.0,0.0,0.13814020346525502,0.0,0.0,0.0,0.0,0.0,0.0,0.0,0.0,0.0,0.0,0.0,0.0,0.0,0.0,0.0,0.0,0.0,0.0,0.0,0.0,0.0,0.0,0.0,0.0,0.0,0.0,0.0,0.28554291619857824,0.0,0.0,0.0,0.2602724072076992,0.0,0.0,0.0,0.0,0.0,0.37531160614617387,0.0,0.0,0.0,0.2567321283860462,0.0,0.0,0.0,0.0,0.0,0.0,0.0,0.0,0.0,0.0,0.0,0.0,0.0,0.0,0.0,0.0,0.0,0.0,0.0,0.0
22.0,4.0,7.0,1,0.0,0.0,0.0,0.0,0.0,1.0,0.0,0.0,0.0,0.0,0.0,0.0,1.0,0.0,0.0,0.0,0.0,0.0,0.0,0.0,0.0,0.0,0.0,0.0,0.0,0.0,0.0,0.0,0.0,0.0,0.0,0.0,0.0,0.0,0.0,0.0,1.0,0.0,0.0,0.0,0.0,0.0,0.0,0.0,0.0,0.0,0.0,0.0,0.0,0.0,0.0,0.0,0.0,0.0,0.0,0.0,0.0,0.0,0.0,0.0,0.0,0.0,0.0,0.0,0.0,0.0,0.0,0.0,0.0,0.0,0.0,0.0,0.0,0.0,0.0,0.0,0.0,0.1084621001608227,0.0,0.30846520140326866,0.0,0.0,0.0,0.0,0.0,0.0,0.0,0.1468002385491251,0.0,0.07514208126553738,0.0,0.0,0.0,0.0,0.0,0.0,0.0,0.0,0.0,0.10809510384960146,0.0,0.2548672356154002,0.0,0.0,0.0,0.0,0.14856347624605548,0.0,0.0,0.14417447410495143,0.18479500902328044,0.11359349059304533,0.0,0.0,0.0,0.0,0.11877114659457659,0.0,0.0,0.0,0.0,0.0,0.0,0.0,0.1597335035026616,0.12213846961096576,0.0,0.0,0.0,0.10292195518083287,0.0,0.1672410729581384,0.14594389268668384,0.0,0.0,0.0,0.0,0.0,0.0,0.0,0.1451035542299542,0.0,0.0,0.0,0.0,0.24732514967467767,0.08760946849076928,0.1367684188836732,0.0,0.0,0.14947172528739966,0.1303350630957847,0.19367488296103216,0.47500271628525476,0.0,0.0,0.0,0.05944202579770065,0.0,0.0,0.0,0.3128036926676247,0.0,0.1468002385491251,0.0,0.0,0.18977708889348532,0.0,0.0,0.0,0.0,0.0,0.12213846961096576,0.0
22.0,3.0,0.0,1,0.0,0.0,1.0,0.0,0.0,0.0,0.0,1.0,0.0,0.0,0.0,0.0,0.0,0.0,0.0,0.0,0.0,0.0,0.0,0.0,0.0,0.0,0.0,0.0,0.0,0.0,0.0,0.434638623553676,0.0,0.0,0.0,0.0,0.0,0.0,0.0,0.0,0.0,0.0,0.0,0.0,0.0,0.0,0.0,0.0,0.0,0.0,0.0,0.0,0.0,0.0,0.0,0.0,0.0,0.0,0.0,0.49710229644981313,0.0,0.0,0.0,0.5180518006571553,0.0,0.0,0.0,0.0,0.0,0.0,0.0,0.0,0.5436919216022684,0.0,0.0,0.0,0.0,0.0,0.0,0.0,0.0,0.0,0.20112636743461595,0.0,0.0,0.0,0.0,0.0,0.0,0.20019943685678043,0.0,0.0,0.0,0.11542099260389703,0.0,0.0,0.0,0.0,0.23547464905897167,0.0,0.20696550248810605,0.4372568527113067,0.0,0.0,0.0,0.0,0.12402821295371419,0.0,0.20696550248810605,0.0,0.0,0.0,0.0,0.2214572797169825,0.0,0.26172565126174974,0.0,0.37068971579328397,0.0,0.0,0.0,0.0,0.0,0.0,0.0,0.0,0.0,0.0,0.0,0.0,0.0,0.0,0.0,0.0,0.0,0.0,0.0,0.0,0.0,0.21115195340160214,0.0,0.0,0.0,0.0,0.2228843808623104,0.0,0.0,0.16437398037912473,0.0,0.1899502501832556,0.13457135661402173,0.0,0.0,0.0,0.0,0.0,0.0,0.0,0.0,0.0,0.0,0.18261026323484805,0.10469904485825748,0.18315244228926986,0.0,0.0,0.17008428089673533,0.0,0.0,0.0,0.14575228423710224,0.0,0.0,0.0,0.0,0.0,0.0,0.0
22.0,1.0,0.0,0,0.0,0.0,1.0,0.0,0.0,0.0,0.0,1.0,0.0,0.0,0.0,0.0,0.0,0.0,0.0,0.0,0.0,0.0,0.0,0.0,0.0,0.0,0.0,0.0,0.0,0.0,0.0,0.0,0.0,0.0,0.0,0.0,0.0,0.0,0.0,0.0,0.0,0.0,0.0,0.0,0.0,0.0,0.0,0.0,0.0,0.0,0.0,0.0,0.0,0.0,0.0,0.0,0.0,0.0,0.0,0.0,0.0,0.0,0.0,0.0,0.0,0.0,0.0,0.0,0.0,0.0,0.0,0.0,0.0,0.0,0.0,0.0,0.0,0.0,0.0,0.0,0.0,0.0,0.0,0.14010668403006554,0.0,0.0,0.0,0.0,0.14343216373265597,0.0,0.0,0.0,0.0,0.10238990773680763,0.0,0.0,0.0,0.38050758066869245,0.0,0.0,0.0,0.1292967821432683,0.0,0.0,0.0,0.17364326553305384,0.0,0.0,0.0,0.0,0.0,0.0,0.0,0.09822732384429628,0.08393496518172733,0.30956893462194035,0.0,0.16441933543801587,0.0,0.0,0.1618396314927594,0.0,0.0,0.0,0.39773137648753265,0.0,0.0,0.0,0.0,0.0,0.0,0.0,0.0,0.42072974227919646,0.0,0.34182839512009966,0.0,0.0,0.0,0.0,0.0,0.0,0.0,0.0,0.0,0.0,0.0,0.0,0.0,0.0,0.0,0.0,0.0,0.0,0.0,0.0,0.0,0.21574898945244794,0.0,0.0,0.0,0.08099673890596464,0.0,0.0,0.0,0.0,0.0,0.0,0.0,0.0,0.0,0.0,0.0,0.18182325390214218,0.0,0.0,0.16642800444119732,0.16121132941018418
22.0,5.0,0.0,1,0.0,0.0,1.0,0.0,0.0,0.0,0.0,1.0,0.0,0.0,0.0,0.0,0.0,0.0,0.0,0.0,0.0,0.0,0.0,0.0,0.0,0.0,0.0,0.0,0.0,0.0,0.0,0.0,0.0,0.0,0.0,0.0,0.0,0.0,0.0,0.0,0.0,0.0,0.0,0.0,0.0,0.0,0.0,0.0,0.0,0.0,0.0,0.47131793305584,0.0,0.0,0.0,0.0,0.0,0.0,0.0,0.0,0.0,0.0,0.0,0.8819633813146501,0.0,0.0,0.0,0.0,0.0,0.0,0.0,0.0,0.0,0.0,0.0,0.0,0.0,0.0,0.0,0.0,0.0,0.0,0.0,0.0,0.0,0.0,0.0,0.0,0.0,0.0,0.0,0.0,0.0,0.09072960552995711,0.0,0.0,0.0,0.0,0.0,0.0,0.0,0.11457228841641394,0.0,0.0,0.0,0.0,0.0,0.0,0.0,0.0,0.17938158444575483,0.12793304791930435,0.0,0.17408212472590356,0.0,0.34289350317092887,0.0,0.0,0.0,0.17938158444575483,0.0,0.15187017320076565,0.0,0.0,0.0,0.0,0.0,0.13416905571019552,0.0,0.0,0.0,0.4253830229233177,0.0,0.0,0.0,0.4038673489566447,0.0,0.0,0.0,0.0,0.0,0.16948468405329647,0.0,0.0,0.0,0.0,0.0,0.0,0.0,0.0,0.2115664720216439,0.0,0.0,0.0,0.0,0.0,0.0,0.25490560074630775,0.0,0.0,0.0,0.0717727199153371,0.0,0.0,0.0,0.37769190267376546,0.0,0.0,0.0,0.0,0.11457228841641394,0.0,0.0,0.16111697400020472,0.0,0.19890374756319534,0.0,0.0
22.0,5.0,2.0,1,0.0,0.0,1.0,0.0,0.0,0.0,0.0,1.0,0.0,0.0,0.0,0.0,0.0,0.0,0.0,0.0,0.0,0.0,0.0,0.0,0.0,0.0,0.0,0.0,0.0,0.0,0.0,0.0,0.0,0.0,0.0,0.0,0.0,0.0,0.0,0.0,0.0,0.0,0.0,0.0,0.0,0.0,0.0,0.0,0.0,0.0,0.0,0.0,0.0,0.0,0.0,0.0,0.0,0.0,0.0,0.0,0.0,0.0,0.0,1.0,0.0,0.0,0.0,0.0,0.0,0.0,0.0,0.0,0.0,0.0,0.0,0.0,0.0,0.0,0.0,0.0,0.0,0.1452363791372884,0.0,0.3442090898974326,0.0,0.0,0.0,0.0,0.14095160379312835,0.0,0.0,0.0,0.0,0.0,0.0,0.34905082255634257,0.0,0.0,0.0,0.0,0.0,0.38118205151711937,0.0,0.0,0.1977420942028928,0.0,0.10812255626537474,0.0,0.18042378145134497,0.0,0.0,0.0,0.0,0.1930571006091338,0.16496673617413024,0.1521075771429576,0.0,0.0,0.0,0.0,0.15904072714619233,0.0,0.20395373213681664,0.0,0.0,0.0,0.0,0.0,0.0,0.0,0.0,0.11793745794295275,0.0,0.0,0.239697426494095,0.0,0.0,0.0,0.0,0.0,0.0,0.0,0.0,0.15720709852662348,0.0,0.0,0.0,0.14329429182969855,0.0,0.0,0.0,0.0,0.0,0.0,0.0,0.0,0.25934071615237536,0.35336293349041475,0.0,0.0,0.0,0.0795959563999083,0.09127220411409577,0.0,0.0,0.0,0.0,0.0,0.0,0.0,0.0,0.0,0.0,0.0,0.0,0.11029214189941364,0.0,0.0
22.0,5.0,2.0,1,0.0,0.0,0.0,0.0,1.0,0.0,0.0,0.0,0.0,0.0,1.0,0.0,0.0,0.0,0.0,0.0,0.0,0.0,0.0,0.0,0.0,0.0,0.0,0.0,0.0,0.0,0.0,0.0,0.6778705214273649,0.0,0.0,0.0,0.0,0.0,0.0,0.0,0.0,0.5198516885515485,0.0,0.0,0.0,0.0,0.0,0.0,0.0,0.0,0.0,0.0,0.0,0.0,0.0,0.0,0.0,0.0,0.5198516885515485,0.0,0.0,0.0,0.0,0.0,0.0,0.0,0.0,0.0,0.0,0.0,0.0,0.0,0.0,0.0,0.0,0.0,0.0,0.0,0.0,0.1561633031377663,0.1596990101130198,0.2387438422495498,0.0,0.22632842032409278,0.0,0.0,0.2868900168555349,0.0,0.0,0.0,0.0,0.0,0.0,0.08270035878598203,0.0,0.14344500842776745,0.0,0.0,0.0,0.0,0.0,0.10443304920839684,0.0,0.11896800994611226,0.0,0.0,0.26660256889464734,0.33966400206888797,0.0,0.0,0.0,0.0,0.28821832793010294,0.0,0.13558859244332364,0.0,0.0,0.0,0.0,0.0,0.0,0.0,0.0,0.0,0.0,0.0,0.0,0.3668867173090252,0.0,0.2688478968982253,0.0,0.0,0.1721337576595511,0.0,0.0,0.0920316319727355,0.0,0.0,0.0,0.0,0.16872007009167458,0.0,0.0,0.0,0.0,0.0,0.0,0.0,0.0,0.0,0.0,0.0,0.16656847699492286,0.0,0.0,0.0,0.0,0.2904342044024908,0.0,0.0,0.0,0.13084217997805245,0.07501797011954629,0.0,0.0,0.0,0.0,0.0,0.0,0.0,0.10443304920839684,0.0,0.0,0.0,0.0,0.0,0.0,0.0
22.0,4.0,0.0,1,1.0,0.0,0.0,0.0,0.0,1.0,0.0,0.0,1.0,0.0,0.0,0.0,0.0,0.0,0.0,0.0,0.0,0.0,0.0,0.0,0.0,0.0,0.0,0.0,0.0,0.0,0.0,0.0,0.0,0.0,0.0,0.0,0.0,0.0,0.0,0.0,0.0,0.0,0.0,0.44629914594466247,0.0,0.0,0.0,0.0,0.0,0.0,0.0,0.6265517450432899,0.0,0.0,0.0,0.0,0.0,0.0,0.0,0.0,0.0,0.0,0.0,0.0,0.6389444288138626,0.0,0.0,0.0,0.0,0.0,0.0,0.0,0.0,0.0,0.0,0.0,0.0,0.0,0.0,0.0,0.0,0.0,0.0,0.2867793510860137,0.15177143368251333,0.0,0.0,0.0,0.0,0.0,0.0,0.0,0.0,0.0,0.0,0.0,0.0,0.0,0.21378416438727085,0.0,0.0,0.0,0.0,0.0,0.0,0.0,0.0,0.0,0.0,0.46985155258728084,0.20717865638866875,0.0,0.0,0.10052899469427914,0.08590173629074525,0.15841138986669928,0.0,0.0,0.0,0.0,0.0,0.0,0.0,0.0,0.0,0.12447945448445838,0.0,0.0,0.0,0.0,0.0,0.0,0.0,0.0,0.0,0.0,0.0,0.0,0.0,0.0,0.0,0.0,0.0,0.0,0.20235363470353923,0.0,0.0,0.14923285450384227,0.0,0.34490638948068236,0.0,0.190729901969929,0.0,0.0,0.0,0.0,0.0,0.22080443777885367,0.0,0.0,0.0,0.1657893225033523,0.0,0.0,0.3325631186777435,0.0,0.0,0.0,0.1502359853454521,0.0,0.1323264751330466,0.0,0.0,0.0,0.0,0.22972598496182467,0.1703277593306854,0.0
22.0,3.0,2.0,0,0.0,0.0,0.0,0.0,0.0,0.0,0.0,0.0,0.0,0.0,0.0,0.0,0.0,0.0,0.0,0.0,0.0,0.0,0.0,1.0,0.0,0.0,0.0,0.0,0.0,0.0,0.0,0.0,0.0,0.0,0.0,0.0,0.0,0.0,0.0,0.0,0.0,0.0,0.0,0.0,0.0,0.0,0.0,0.0,0.0,0.0,0.0,0.0,0.0,0.0,0.0,0.0,0.0,0.0,0.0,0.0,0.0,0.0,0.0,0.0,0.0,0.0,0.0,0.0,0.0,0.0,0.0,0.0,0.0,0.0,0.0,0.0,0.0,0.0,0.0,0.0,0.33830616334099173,0.0,0.0,0.0,0.25374000081153375,0.0,0.0,0.0,0.0,0.0,0.0,0.0,0.0,0.0,0.0,0.0,0.0,0.0,0.0,0.0,0.0,0.0,0.0,0.0,0.0,0.2971090442957988,0.0,0.0,0.0,0.0,0.0,0.0,0.0,0.16807001539347025,0.0,0.13242052610972882,0.0,0.0,0.0,0.0,0.0,0.0,0.0,0.0,0.0,0.0,0.3402653963915727,0.2590707724189961,0.0,0.0,0.3402653963915727,0.0,0.0,0.23996057136961055,0.0,0.19495968257205848,0.0,0.0,0.0,0.0,0.0,0.0,0.0,0.0,0.0,0.0,0.0,0.0,0.0,0.0,0.0,0.0,0.0,0.0,0.0,0.0,0.22577464396987393,0.2461021676336353,0.0,0.0,0.0,0.0,0.15891796470630587,0.0,0.0,0.0,0.0,0.0,0.0,0.0,0.2212308277846573,0.0,0.0,0.0,0.3272627043430881,0.0,0.0,0.0
22.0,3.0,12.0,1,1.0,0.0,0.0,0.0,0.0,1.0,0.0,0.0,1.0,0.0,0.0,0.0,0.0,0.0,0.0,0.0,0.0,0.0,0.0,0.0,0.0,0.0,0.0,0.0,0.0,0.0,0.0,0.0,0.0,0.0,0.0,0.0,0.0,0.0,0.0,0.0,0.0,0.0,0.0,0.0,0.0,0.0,0.0,0.0,0.0,0.0,0.5907107174291456,0.0,0.0,0.0,0.0,0.0,0.0,0.0,0.0,0.0,0.0,0.0,0.0,0.0,0.0,0.0,0.0,0.0,0.0,0.0,0.0,0.8068834168046483,0.0,0.0,0.0,0.0,0.0,0.0,0.0,0.0,0.0,0.09083595427457178,0.0,0.1722244045825992,0.0,0.0,0.10915434805510522,0.0,0.0,0.0,0.0,0.0,0.0,0.12586152486097568,0.0,0.0,0.0,0.0,0.0,0.0,0.0,0.0,0.0,0.18105719686468236,0.0,0.0,0.13524732075133117,0.0,0.0,0.0,0.0,0.0,0.0,0.18111708031569523,0.05158800774623337,0.047566721933741125,0.0,0.0,0.0,0.0,0.0,0.0,0.0,0.11340119784868655,0.0,0.07475573066947412,0.0,0.0,0.4013257681375565,0.0,0.0,0.07376224607499053,0.0,0.0,0.07495761255576511,0.14006277246642382,0.0,0.0,0.0,0.0,0.0,0.0,0.0,0.0,0.0,0.0,0.0,0.0,0.0,0.41426481606919,0.0,0.0,0.0,0.0,0.12518111656897316,0.0,0.08110041565992077,0.5746146702002128,0.0,0.0,0.0,0.04978211863260768,0.057084855796427546,0.19971969698483635,0.0,0.13098502556166083,0.0,0.12294377240134949,0.09022373132869009,0.0,0.1589364666877129,0.0,0.0,0.0,0.0,0.0,0.0,0.0
22.0,5.0,5.0,1,0.0,0.0,0.0,0.0,0.0,0.0,0.0,0.0,0.0,0.0,0.0,1.0,0.0,0.0,0.0,0.0,0.0,0.0,0.0,0.0,0.0,0.0,0.0,0.0,0.0,0.0,0.0,0.0,0.0,0.0,0.0,0.0,0.0,0.0,0.0,0.0,0.0,0.0,0.0,0.0,0.0,0.0,0.0,0.0,0.0,0.0,0.0,0.0,0.0,0.0,0.0,0.0,0.0,0.0,0.0,0.0,0.0,0.0,0.0,0.0,0.0,0.0,0.0,0.0,0.0,0.0,0.0,0.0,0.0,0.0,0.0,0.0,0.0,0.0,0.0,0.0,0.0,0.0,0.0,0.1756404419224185,0.18590739941524162,0.0,0.0,0.0,0.0,0.0,0.0,0.0,0.0,0.0,0.0,0.0,0.21124083878718047,0.0,0.0,0.0,0.0,0.0,0.0,0.0,0.0,0.21768254745457183,0.0,0.0,0.0,0.0,0.0,0.1809908177939217,0.0,0.12313966809154127,0.0,0.0,0.27091303395643307,0.20611925074699783,0.0,0.0,0.0,0.0,0.0,0.0,0.0,0.15247699189719066,0.0,0.0,0.0,0.0,0.0,0.0,0.0,0.0,0.0,0.0,0.0,0.0,0.0,0.0,0.0,0.0,0.0,0.0,0.0,0.0,0.0,0.0,0.0,0.0,0.0,0.0,0.0,0.2635936544915038,0.0,0.0,0.0,0.09015569840958107,0.27900423257030094,0.25852838868259553,0.4720566745790048,0.0,0.23286849093104875,0.0,0.0,0.0,0.0,0.0,0.0,0.0,0.0,0.36929686181954924,0.0,0.0,0.0,0.1406976247312026,0.0,0.0
22.0,5.0,0.0,1,0.0,0.0,1.0,0.0,0.0,0.0,0.0,1.0,0.0,0.0,0.0,0.0,0.0,0.0,0.0,0.0,0.0,0.0,0.0,0.0,0.0,0.0,0.0,0.0,0.0,0.0,0.0,0.0,0.0,0.0,0.0,0.0,0.0,0.0,0.0,0.0,0.0,0.0,0.0,0.0,0.0,0.0,0.0,0.0,0.0,0.0,0.0,0.0,0.0,0.0,0.0,0.0,0.0,0.0,0.0,0.0,0.0,0.0,0.0,0.0,0.0,0.0,0.0,0.0,0.0,0.0,0.0,0.0,0.0,0.0,0.0,0.0,0.0,0.0,0.17285365581936998,0.0,0.0,0.0,0.0,0.11668881747183125,0.0,0.1274532071459349,0.0,0.0,0.11945846616281436,0.2958254801885566,0.0,0.0,0.0,0.1705522807504903,0.0,0.0,0.0,0.0,0.0,0.17285365581936998,0.0,0.10768571617877515,0.14526175886728668,0.0,0.0,0.0,0.09163538676736892,0.0,0.0,0.0,0.0,0.12024340334420851,0.1485975813895258,0.0,0.13981162853719864,0.4511965865509317,0.0,0.0,0.0,0.1685995335985378,0.13478925255924637,0.0,0.0,0.1536675561041757,0.16562665912432337,0.20259980766848867,0.0,0.0,0.0,0.0,0.0,0.0,0.0,0.0,0.0,0.0,0.16562665912432337,0.0,0.0,0.0,0.0,0.15929750409871332,0.0,0.13323522652115025,0.0,0.0,0.0,0.12144392721480342,0.0,0.0,0.19884989096371763,0.0,0.0,0.0,0.0,0.0,0.21979490357979825,0.29948005483862006,0.0,0.0,0.0,0.13491738452654406,0.07735447638305445,0.0,0.0,0.0,0.12566285115176629,0.0,0.0,0.0,0.0,0.0,0.0,0.0,0.0,0.0,0.1386107105944538,0.13426596683923706
22.0,5.0,3.0,1,1.0,0.0,0.0,0.0,0.0,0.0,0.0,0.0,0.0,0.0,0.0,0.0,0.0,0.0,0.0,0.0,0.0,0.0,0.0,1.0,0.0,0.0,0.0,0.0,1.0,0.0,0.0,0.0,0.0,0.0,0.0,0.0,0.0,0.0,0.0,0.0,0.0,0.0,0.0,0.0,0.0,0.0,0.0,0.0,0.0,0.0,0.0,0.0,0.0,0.0,0.0,0.0,0.0,0.0,0.0,0.0,0.0,0.0,0.0,0.0,0.0,0.0,0.0,0.0,0.0,0.0,0.0,0.0,0.0,0.0,0.0,0.0,0.0,0.0,0.0,0.0,0.0,0.0,0.13547125811350794,0.3191434361757531,0.11259959192861616,0.0,0.13484691207094304,0.0,0.0,0.0,0.0,0.0,0.1437008506131051,0.0,0.0,0.0,0.0,0.14445717755034676,0.0,0.0,0.13940428281872538,0.0,0.26486020896864265,0.0,0.0,0.0,0.1670816041151042,0.0,0.0,0.11619466589702103,0.1537063438069828,0.0,0.0,0.1491654062285379,0.06373070490018011,0.17628868710380766,0.0,0.0,0.0,0.0,0.0,0.0,0.0,0.14009337811556138,0.0,0.0,0.0,0.0,0.0,0.0,0.0,0.18224855514886293,0.0,0.0,0.1852020147516666,0.0,0.15099607731765388,0.0,0.11456246046855381,0.0,0.0,0.14522600632391924,0.0,0.0,0.0,0.13739621205774813,0.0,0.11071621392617341,0.3432893886399148,0.0,0.09064227241348462,0.0,0.0,0.15965226787139172,0.0,0.0,0.10018969298308933,0.2730255730242318,0.0,0.15658435952085253,0.0,0.0,0.07052139165612743,0.0,0.0,0.0,0.0,0.1518820675682595,0.11146043911187312,0.0,0.19634666076228738,0.11183706531368605,0.14079283613535193,0.1380559831452768,0.0,0.17043426114173418,0.0,0.0
22.0,5.0,0.0,1,1.0,0.0,0.0,0.0,0.0,1.0,0.0,0.0,0.0,0.0,0.0,0.0,0.0,0.0,0.0,0.0,0.0,0.0,0.0,0.0,0.0,0.0,0.0,0.0,0.0,0.0,0.0,0.0,0.0,0.0,0.0,0.0,0.0,0.0,0.0,0.0,0.0,0.0,0.0,0.0,0.0,0.0,0.0,0.0,0.0,0.0,0.0,0.0,0.0,0.0,0.0,0.0,0.0,0.0,0.0,0.0,0.0,0.0,0.0,0.0,0.0,0.0,0.0,0.0,0.0,0.0,0.0,0.0,0.0,0.0,0.0,0.0,0.0,0.0,0.0,0.0,0.0,0.0,0.0,0.22182931514161708,0.0,0.0,0.0,0.0,0.0,0.0,0.0,0.0,0.0,0.0,0.0,0.0,0.0,0.0,0.0,0.32860053705996206,0.0,0.0,0.0,0.0,0.0,0.0,0.0,0.0,0.0,0.24229277720301243,0.0,0.2285867008685901,0.0,0.15552220172378226,0.0,0.12253424101731082,0.0,0.0,0.0,0.0,0.0,0.0,0.32860053705996206,0.0,0.0,0.19257447952874038,0.3148617764646726,0.0,0.0,0.0,0.0,0.0,0.0,0.0,0.0,0.0,0.0,0.0,0.0,0.0,0.0,0.0,0.0,0.0,0.3130488163301536,0.2865029090590922,0.30445997421931026,0.0,0.0,0.0,0.0,0.2950664569871855,0.0,0.0,0.0,0.0,0.0,0.11386430491415699,0.0,0.0,0.0,0.0,0.14705342714895256,0.0,0.0,0.0,0.0,0.0,0.23242081839296702,0.0,0.0,0.0,0.0,0.0,0.0,0.0,0.0,0.0
22.0,5.0,2.0,1,0.0,0.0,1.0,0.0,0.0,0.0,0.0,1.0,0.0,0.0,0.0,0.0,0.0,0.0,0.0,0.0,0.0,0.0,0.0,0.0,0.0,0.0,0.0,0.0,0.0,0.0,0.0,0.0,0.0,0.0,0.0,0.0,0.0,0.0,0.0,0.0,0.0,0.0,0.0,0.0,0.0,0.0,0.0,0.0,0.0,0.0,0.0,0.0,0.0,0.0,0.0,0.0,0.0,0.0,0.0,0.0,0.0,0.0,0.0,0.0,0.0,0.0,0.0,0.0,0.0,0.0,0.0,0.0,0.0,0.0,0.0,0.0,0.0,0.0,0.39905708401941287,0.0,0.0,0.0,0.0,0.2693926201170017,0.0,0.0,0.0,0.0,0.0,0.0,0.0,0.0,0.0,0.0,0.0,0.0,0.0,0.0,0.0,0.0,0.0,0.2486076888865465,0.0,0.0,0.0,0.0,0.0,0.0,0.0,0.0,0.0,0.0,0.0,0.3777366700337834,0.16138744804553817,0.4464218836986611,0.0,0.0,0.0,0.0,0.0,0.0,0.0,0.0,0.0,0.0,0.0,0.0,0.0,0.3200024073629285,0.0,0.0,0.0,0.0,0.0,0.0,0.0,0.0,0.0,0.0,0.0,0.0,0.0,0.0,0.0,0.0,0.0,0.0,0.0,0.0,0.22953653270857552,0.0,0.0,0.0,0.0,0.0,0.0,0.0,0.0,0.0,0.0,0.15573792118388982,0.17858373683185405,0.0,0.0,0.0,0.0,0.0,0.0,0.0,0.0,0.0,0.3565345238620429,0.0,0.0,0.0,0.0,0.0
22.0,5.0,0.0,1,0.0,0.0,0.0,0.0,0.0,1.0,0.0,0.0,0.0,0.0,0.0,0.0,1.0,0.0,0.0,0.0,0.0,0.0,0.0,0.0,0.0,0.0,0.0,0.0,0.0,0.0,0.0,0.0,0.0,0.0,0.0,0.0,0.0,0.0,0.0,0.0,0.0,0.0,0.0,0.0,0.0,0.0,0.0,0.0,0.0,0.0,0.0,0.0,0.0,0.0,0.0,0.0,0.0,0.0,1.0,0.0,0.0,0.0,0.0,0.0,0.0,0.0,0.0,0.0,0.0,0.0,0.0,0.0,0.0,0.0,0.0,0.0,0.0,0.0,0.5674401982189621,0.0,0.0,0.0,0.0,0.19153174806249101,0.0,0.0,0.0,0.0,0.0,0.0,0.0,0.0,0.5174464894995573,0.0,0.0,0.0,0.0,0.0,0.0,0.0,0.0,0.0,0.0,0.0,0.0,0.0,0.0,0.0,0.0,0.0,0.0,0.0,0.0,0.2685617916610066,0.0,0.21159689705189108,0.0,0.0,0.0,0.0,0.0,0.0,0.0,0.0,0.0,0.33254510723992453,0.0,0.0,0.0,0.0,0.0,0.0,0.0,0.0,0.0,0.3115292250710852,0.0,0.0,0.0,0.0,0.0,0.0,0.0,0.0,0.0,0.0,0.0,0.0,0.0,0.0,0.0,0.0,0.0,0.0,0.0,0.0,0.0,0.0,0.0,0.0,0.0,0.2214519185493184,0.0,0.0,0.0,0.0,0.0,0.0,0.0,0.0,0.0,0.0,0.0,0.0,0.0,0.0,0.0,0.0
22.0,5.0,7.0,1,0.0,0.0,1.0,0.0,0.0,0.0,0.0,1.0,0.0,0.0,0.0,0.0,0.0,0.0,0.0,0.0,0.0,0.0,0.0,0.0,0.0,0.0,0.0,0.0,0.0,0.0,0.0,0.0,0.0,0.0,0.0,0.0,0.0,0.0,0.0,0.0,0.0,0.0,0.0,0.0,0.0,0.0,0.0,0.0,0.0,0.0,0.0,0.0,0.0,0.0,0.0,0.0,0.0,0.0,0.0,0.0,0.0,0.0,0.0,0.0,0.0,0.0,0.0,0.0,0.0,0.0,0.0,0.0,0.0,0.0,0.0,0.0,0.0,0.0,0.0,0.0,0.1334314170094235,0.1994748067072369,0.0,0.18910149669666637,0.0,0.10327293031272974,0.11985090404693292,0.0,0.0,0.0,0.0,0.0,0.0,0.06909764845875942,0.0,0.0,0.0,0.0,0.14096867610092975,0.0,0.0,0.26176711543727704,0.0,0.0,0.0,0.0,0.07425042589136889,0.0,0.0,0.0,0.0,0.0,0.0,0.06628853606826698,0.2832168152955713,0.20891204896134458,0.0,0.0,0.42018017321356343,0.27322604544809803,0.0,0.11566094416372771,0.0,0.0,0.13420415859831147,0.0820814018228792,0.0,0.10218016700674154,0.0,0.0,0.0,0.0809905609271464,0.0,0.09464290791523529,0.0,0.0,0.0,0.0,0.0,0.12640771074976562,0.0,0.0,0.0,0.10795799157854594,0.0,0.12211670237640956,0.0,0.19680744820800122,0.0,0.0,0.16112431685360618,0.0,0.0,0.0,0.0,0.0,0.1780956656076868,0.33972825742379004,0.0,0.0,0.0,0.0546605062445851,0.06267887350796789,0.0,0.0,0.0,0.0,0.1349916199563883,0.09906518575670556,0.1400600577378545,0.174511410291518,0.0,0.0,0.0,0.0,0.0,0.0,0.0
22.0,5.0,4.0,1,1.0,0.0,1.0,0.0,0.0,0.0,0.0,1.0,0.0,0.0,0.0,0.0,0.0,0.0,0.0,0.0,0.0,0.0,0.0,0.0,0.0,0.0,0.0,0.0,0.0,0.0,0.0,0.0,0.0,0.0,0.6912381769206429,0.0,0.0,0.0,0.0,0.0,0.0,0.0,0.7226270011336595,0.0,0.0,0.0,0.0,0.0,0.0,0.0,0.0,0.0,0.0,0.0,0.0,0.0,0.0,0.0,0.0,0.0,0.0,0.0,0.0,0.0,0.0,0.0,0.0,0.0,0.0,0.0,0.0,0.0,0.0,0.0,0.0,0.0,0.0,0.0,0.0,0.0,0.0,0.0,0.14205860928908007,0.16733096502609793,0.0,0.12184468406065711,0.0,0.0,0.0,0.0,0.0,0.0,0.0,0.08152360081482182,0.0,0.0,0.0,0.0,0.0,0.0,0.0,0.0,0.0,0.11727519317878181,0.0,0.0,0.08760301132839951,0.0,0.0,0.0,0.0,0.0,0.0,0.0,0.06682963924013056,0.12324053614571406,0.0,0.13091188931376033,0.0,0.16118038426891948,0.1288579099782764,0.0,0.33049461137412345,0.0,0.0,0.0,0.0,0.0,0.0,0.13251120641057224,0.0,0.0,0.0,0.2233254189378273,0.0,0.18144419534377212,0.1583383298461705,0.1631714689452426,0.12013311190527148,0.0,0.16631932249771444,0.0,0.0,0.2547445363635546,0.0,0.0,0.0,0.11609983988578759,0.0,0.0,0.0,0.0,0.0,0.0,0.0,0.0,0.10506146210255363,0.40082219093551685,0.0,0.0,0.0,0.0644902017769714,0.14790105241963616,0.25872670571620077,0.0,0.3393688722078713,0.0,0.0,0.0,0.0,0.20589410591488502,0.0,0.0,0.0,0.0,0.08936085207358276,0.13251120641057224,0.0
22.0,5.0,0.0,1,0.0,0.0,1.0,0.0,0.0,0.0,0.0,1.0,0.0,0.0,0.0,0.0,0.0,0.0,0.0,0.0,0.0,0.0,0.0,0.0,0.0,0.0,0.0,0.0,0.0,0.0,0.0,0.0,0.0,0.0,0.0,0.0,0.0,0.0,0.0,0.0,0.0,0.0,0.0,0.0,0.0,0.0,0.0,0.0,0.0,0.0,1.0,0.0,0.0,0.0,0.0,0.0,0.0,0.0,0.0,0.0,0.0,0.0,0.0,0.0,0.0,0.0,0.0,0.0,0.0,0.0,0.0,0.0,0.0,0.0,0.0,0.0,0.0,0.0,0.0,0.0,0.0,0.0,0.0,0.3257761333074824,0.0,0.0,0.0,0.0,0.0,0.0,0.0,0.0,0.0,0.0,0.0,0.0,0.0,0.0,0.48570985444183834,0.0,0.0,0.30064094391595875,0.0,0.0,0.0,0.0,0.0,0.0,0.0,0.0,0.0,0.0,0.0,0.22839822360130793,0.0,0.0,0.0,0.0,0.0,0.0,0.37630959385424506,0.0,0.0,0.0,0.0,0.0,0.0,0.0,0.0,0.0,0.0,0.27905428813789984,0.0,0.0,0.0,0.0,0.4624025999336553,0.0,0.0,0.0,0.0,0.0,0.0,0.0,0.0,0.0,0.0,0.0,0.0,0.0,0.0,0.0,0.0,0.0,0.0,0.0,0.0,0.0,0.0,0.0,0.0,0.18833365869710061,0.21596107284384639,0.0,0.0,0.0,0.0,0.0,0.0,0.0,0.0,0.0,0.0,0.0,0.0,0.0,0.0,0.0
22.0,2.0,15.0,0,1.0,0.0,1.0,0.0,0.0,0.0,0.0,1.0,0.0,0.0,0.0,0.0,0.0,0.0,0.0,0.0,0.0,0.0,0.0,0.0,0.0,0.0,0.0,0.0,0.0,0.0,0.0,0.0,0.0,0.0,0.0,0.0,0.0,0.0,0.0,0.0,0.0,0.7162053902594795,0.0,0.0,0.0,0.0,0.0,0.0,0.0,0.0,0.0,0.0,0.0,0.0,0.6978895607209401,0.0,0.0,0.0,0.0,0.0,0.0,0.0,0.0,0.0,0.0,0.0,0.0,0.0,0.0,0.0,0.0,0.0,0.0,0.0,0.0,0.0,0.0,0.0,0.0,0.0,0.0,0.0,0.0,0.17238683611512587,0.12164240401133546,0.0,0.0,0.0,0.0,0.0,0.0,0.16407963393799693,0.15524138789182845,0.0,0.0,0.0,0.0,0.0,0.0,0.0,0.0,0.3181727316986777,0.0,0.0,0.0,0.0,0.09024991850554968,0.0,0.0,0.0,0.0,0.0,0.0,0.0,0.0,0.25392844777985896,0.0,0.0,0.0,0.0,0.0,0.0,0.0,0.15134420123697634,0.0,0.0,0.0,0.0,0.0,0.0,0.0,0.1968848376462548,0.0,0.0,0.3001132319789093,0.09346324740877857,0.0,0.0,0.0,0.0,0.0,0.3137780560591425,0.0,0.0,0.162183238232177,0.0,0.0,0.0,0.0,0.0,0.09792170408944866,0.0,0.0,0.0,0.0,0.0,0.21647174564090618,0.3539425302389529,0.0,0.0,0.3088747887712051,0.1328775202249536,0.0,0.0,0.0,0.0,0.0,0.0,0.0,0.0,0.3181727316986777,0.0,0.0,0.14914318418299682,0.0,0.09206087205147066,0.13651500557206597,0.0
22.0,5.0,0.0,1,0.0,0.0,0.0,0.0,0.0,0.0,0.0,0.0,0.0,0.0,0.0,0.0,0.0,0.0,0.0,0.0,0.0,0.0,0.0,1.0,0.0,0.0,0.0,0.0,0.6957390675823403,0.0,0.0,0.0,0.0,0.0,0.0,0.0,0.7182946121471717,0.0,0.0,0.0,0.0,0.0,0.0,0.0,0.0,0.0,0.0,0.0,0.0,0.0,0.0,0.0,0.0,0.0,0.0,0.0,0.0,0.0,0.0,0.0,0.0,0.0,0.0,0.0,0.0,0.0,0.0,0.0,0.0,0.0,0.0,0.0,0.0,0.0,0.0,0.0,0.0,0.0,0.25211744225647803,0.2348677849717429,0.0,0.0,0.0,0.0,0.0,0.0,0.0,0.0,0.0,0.21573961819289317,0.0,0.0,0.0,0.12438037422464478,0.0,0.0,0.0,0.0,0.0,0.0,0.0,0.0,0.0,0.0,0.0,0.0,0.0,0.0,0.0,0.0,0.0,0.0,0.0,0.0,0.0,0.2820417128090629,0.0,0.0,0.0,0.0,0.0,0.0,0.0,0.0,0.0,0.2955039919109992,0.0,0.0,0.0,0.0,0.0,0.0,0.0,0.0,0.0,0.0,0.0,0.0,0.0,0.0,0.253753015891001,0.0,0.0,0.0,0.0,0.0,0.0,0.17713326433184443,0.274611856131653,0.0,0.29003451309783673,0.0,0.0,0.0,0.0,0.21573961819289317,0.3205840723985326,0.08736193061677978,0.0,0.0,0.0,0.09839255566081666,0.11282615134946647,0.0,0.0,0.0,0.1832868183716457,0.2429939163181192,0.0,0.0,0.0,0.0,0.22525241583697006,0.0,0.0,0.27267530165141024,0.0,0.0
22.0,5.0,1.0,1,1.0,0.0,0.0,0.0,0.0,1.0,0.0,0.0,0.0,0.0,0.0,0.0,0.0,0.0,0.0,0.0,0.0,0.0,0.0,0.0,0.0,0.0,0.0,0.0,0.0,0.0,0.0,0.0,0.0,0.0,0.0,0.0,0.0,0.0,0.0,0.0,0.0,0.0,0.0,0.0,0.0,0.0,0.0,0.0,0.0,0.0,0.0,0.0,0.0,0.0,0.0,0.0,0.0,0.0,0.0,0.0,0.0,0.0,0.0,0.0,0.0,0.0,0.0,0.0,0.0,0.0,0.0,0.0,0.0,0.0,0.0,0.0,0.0,0.0,0.0,0.0,0.0,0.0,0.0,0.3648051427214503,0.0,0.0,0.0,0.0,0.0,0.0,0.24140532841272197,0.0,0.0,0.0,0.0,0.0,0.0,0.2476882584749643,0.0,0.0,0.0,0.0,0.0,0.0,0.0,0.0,0.0,0.0,0.0,0.0,0.2635470058304092,0.37591787172653485,0.0,0.12788052598002758,0.10927354096064848,0.20151133430695226,0.0,0.0,0.0,0.0,0.210696335700992,0.0,0.2701968532517348,0.0,0.0,0.0,0.0,0.0,0.0,0.0,0.0,0.0,0.0,0.3651607219690413,0.0,0.0,0.0,0.0,0.0,0.0,0.0,0.0,0.0,0.0,0.0,0.0,0.0,0.0,0.0,0.0,0.0,0.0,0.0,0.0,0.0,0.0,0.0,0.0,0.0,0.0,0.0,0.21089662567577255,0.12091694563566638,0.21152278836271082,0.21152278836271082,0.0,0.0,0.0,0.0,0.0,0.0,0.0,0.0,0.0,0.0,0.14611446119370097,0.21666986244563663,0.0
22.0,5.0,0.0,1,0.0,0.0,0.0,0.0,0.0,0.0,0.0,0.0,0.0,0.0,0.0,0.0,0.0,0.0,0.0,0.0,0.0,0.0,0.0,1.0,0.0,0.0,0.0,0.0,0.0,0.0,0.0,0.0,0.0,0.0,0.0,0.0,0.0,0.0,0.0,0.0,0.0,0.0,0.0,0.0,0.0,0.0,0.0,0.0,0.0,0.0,0.0,0.0,0.0,0.0,0.0,0.0,0.0,0.0,0.0,0.5181341419904728,0.0,0.0,0.6312481729282905,0.0,0.0,0.0,0.0,0.0,0.0,0.0,0.0,0.5771158939749376,0.0,0.0,0.0,0.0,0.0,0.0,0.0,0.0,0.0,0.0,0.3160903532173891,0.24821540960686483,0.0,0.0,0.0,0.0,0.0,0.0,0.0,0.35438112152773715,0.0,0.0,0.0,0.0,0.0,0.0,0.0,0.0,0.0,0.0,0.0,0.0,0.0,0.0,0.0,0.0,0.0,0.0,0.3586376415357007,0.0,0.0,0.17402121527168626,0.0,0.0,0.0,0.29128812073146976,0.0,0.0,0.0,0.0,0.0,0.0,0.0,0.0,0.0,0.0,0.0,0.29484671326287465,0.0,0.0,0.0,0.0,0.0,0.2018630200678254,0.0,0.0,0.0,0.0,0.0,0.0,0.0,0.0,0.0,0.0,0.34067479837593256,0.0,0.0,0.0,0.0,0.0,0.0,0.0,0.0,0.0,0.0,0.12740820601562625,0.0,0.0,0.0,0.0,0.1645450991478206,0.0,0.0,0.3775597523585601,0.0,0.0,0.0,0.0,0.0,0.0,0.0,0.0,0.0,0.19883415329138296,0.0,0.0
22.0,5.0,0.0,1,0.0,0.0,0.0,0.0,1.0,0.0,0.0,0.0,0.0,0.0,1.0,0.0,0.0,0.0,0.0,0.0,0.0,0.0,0.0,0.0,0.0,0.0,0.0,0.0,0.0,0.0,0.0,0.0,0.0,0.0,0.0,0.0,0.0,0.0,0.0,0.0,0.0,0.0,0.0,0.0,0.0,0.0,0.0,0.0,0.0,0.0,0.0,0.0,0.0,0.0,0.0,0.0,0.0,0.0,0.0,0.0,0.0,0.0,0.0,0.0,0.0,0.0,0.0,0.0,0.0,0.0,0.0,0.0,0.0,0.0,0.0,0.0,0.0,0.0,0.5079414404259397,0.0,0.0,0.0,0.0,0.0,0.0,0.37452933996526566,0.0,0.0,0.0,0.0,0.0,0.0,0.0,0.0,0.0,0.0,0.0,0.0,0.0,0.0,0.0,0.0,0.0,0.0,0.0,0.0,0.0,0.0,0.0,0.0,0.0,0.0,0.0,0.0,0.0,0.1894099730959195,0.0,0.0,0.0,0.0,0.0,0.0,0.0,0.0,0.0,0.2976761979645053,0.0,0.0,0.0,0.0,0.0,0.29372015721453576,0.0,0.0,0.0,0.0,0.0,0.0,0.369268265224078,0.0,0.0,0.0,0.0,0.0,0.0,0.0,0.0,0.0,0.0,0.0,0.2921665138231148,0.0,0.0,0.0,0.0,0.0,0.0,0.0,0.0,0.0,0.0,0.19823164951317646,0.0,0.0,0.0,0.0,0.0,0.0,0.0,0.0,0.0,0.3604835207556719,0.0,0.0,0.0,0.0,0.0,0.0
22.0,5.0,0.0,1,0.0,0.0,1.0,0.0,0.0,0.0,0.0,1.0,0.0,0.0,0.0,0.0,0.0,0.0,0.0,0.0,0.0,0.0,0.0,0.0,0.0,0.0,0.0,0.0,0.0,0.0,0.0,0.0,0.0,0.0,0.0,0.0,0.0,0.0,0.0,0.0,0.0,0.0,0.0,0.0,0.0,0.0,0.0,0.0,0.0,0.0,0.0,0.0,0.0,0.0,0.0,0.0,0.0,0.0,0.0,0.0,0.0,0.0,0.0,0.0,0.0,0.0,0.0,0.0,0.0,0.0,0.0,0.0,0.0,0.0,0.0,0.0,0.0,0.0,0.0,0.0,0.0,0.0,0.0,0.0,0.0,0.0,0.0,0.0,0.0,0.0,0.0,0.0,0.0,0.0,0.0,0.0,0.0,0.0,0.0,0.0,0.0,0.0,0.0,0.0,0.0,0.0,0.0,0.0,0.0,0.0,0.0,0.0,0.0,0.0,0.0,0.0,0.0,0.0,0.0,0.0,0.0,0.0,0.0,0.0,0.0,0.0,0.0,0.0,0.0,0.0,0.0,0.0,0.0,0.0,0.0,0.0,0.0,0.0,0.0,0.0,0.0,0.0,0.0,0.0,0.0,0.0,0.0,0.0,0.0,0.0,0.0,0.0,0.0,0.0,0.0,0.0,0.0,0.0,0.0,0.0,0.0,0.0,0.0,0.0,0.0,0.0,0.0,0.0,0.0,0.0,0.0,0.0,0.0,0.0,0.0,0.0,0.0,0.0
22.0,5.0,0.0,1,0.0,0.0,0.0,0.0,0.0,1.0,0.0,0.0,0.0,0.0,0.0,0.0,0.0,0.0,0.0,0.0,0.0,0.0,0.0,0.0,0.0,0.0,0.0,0.0,0.0,0.0,0.0,0.0,0.0,0.0,0.0,0.0,0.0,0.0,0.0,0.0,0.0,0.0,0.0,0.0,0.0,0.0,0.0,0.0,0.0,0.0,0.0,0.0,0.0,0.0,0.0,0.0,0.0,0.0,0.0,0.0,0.0,1.0,0.0,0.0,0.0,0.0,0.0,0.0,0.0,0.0,0.0,0.0,0.0,0.0,0.0,0.0,0.0,0.0,0.0,0.0,0.0,0.0,0.0,0.0,0.0,0.0,0.0,0.0,0.0,0.2476796878854802,0.0,0.0,0.2639421346927621,0.0,0.23305801782624555,0.0,0.0,0.0,0.0,0.0,0.0,0.0,0.0,0.0,0.0,0.0,0.30688666817125854,0.0,0.0,0.0,0.0,0.20134742005048908,0.0,0.13698957095346098,0.0,0.10793258401705426,0.0,0.0,0.0,0.0,0.0,0.0,0.0,0.0,0.0,0.0,0.0,0.0,0.0,0.0,0.0,0.16737226149124684,0.0,0.0,0.17008464081595817,0.0,0.2773416219000469,0.0,0.0,0.0,0.0,0.0,0.0,0.0,0.0,0.0,0.0,0.0,0.0,0.0,0.0,0.0,0.0,0.2932408556437094,0.0,0.0,0.0,0.100295791238912,0.0,0.0,0.0,0.33887847323253384,0.2590599370262198,0.0,0.2265897469737733,0.29721518956263376,0.0,0.0,0.0,0.0,0.0,0.0,0.0,0.0,0.0,0.3130446515702845,0.0,0.0
22.0,4.0,0.0,1,0.0,0.0,1.0,0.0,0.0,0.0,0.0,1.0,0.0,0.0,0.0,0.0,0.0,0.0,0.0,0.0,0.0,0.0,0.0,0.0,0.0,0.0,0.0,0.0,0.0,0.0,0.0,0.3638460281740153,0.0,0.0,0.0,0.0,0.0,0.3346351446281984,0.0,0.0,0.0,0.0,0.0,0.33016043454451427,0.0,0.0,0.0,0.0,0.0,0.0,0.0,0.0,0.0,0.4941383131924933,0.3607921551571383,0.0,0.0,0.0,0.0,0.0,0.0,0.0,0.0,0.0,0.0,0.5218101411772109,0.0,0.0,0.0,0.0,0.0,0.0,0.0,0.0,0.0,0.0,0.0,0.0,0.0,0.0,0.0,0.3097245443891075,0.0,0.14680895265544433,0.0,0.0,0.0,0.0,0.0,0.0,0.0,0.0,0.0,0.10728792292381022,0.0,0.0,0.176565521932026,0.0,0.0,0.21747126008567402,0.0,0.4064458159062356,0.0,0.0,0.0,0.0,0.0,0.0,0.0,0.0,0.0,0.1512810609547123,0.0,0.0,0.2638504597009014,0.3243777510054851,0.0,0.0,0.0,0.0,0.0,0.17958675496951823,0.0,0.0,0.0,0.0,0.0,0.0,0.0,0.1743894032871744,0.0,0.12575404882980945,0.0,0.0,0.12779197721176272,0.0,0.0,0.21473938600095852,0.0,0.0,0.0,0.0,0.0,0.0,0.0,0.0,0.0,0.0,0.0,0.0,0.0,0.19527805640290016,0.0,0.0,0.0,0.0,0.13826457535806305,0.22606975104190946,0.0,0.0,0.0,0.08487137133828279,0.09732149067110009,0.0,0.0,0.0,0.0,0.0,0.15381851989133805,0.0,0.13548193863541186,0.0,0.0,0.0,0.0,0.0,0.3487788065743488,0.0
22.0,5.0,0.0,1,0.0,0.0,0.0,0.0,0.0,1.0,0.0,0.0,0.0,0.0,0.0,0.0,1.0,0.0,0.0,0.0,0.0,0.0,0.0,0.0,0.0,0.0,0.0,0.0,0.0,0.0,0.0,0.0,0.0,0.0,0.0,0.0,0.0,0.0,0.0,0.0,0.0,0.0,0.0,0.0,0.0,0.0,0.0,0.0,0.0,0.0,0.0,0.0,0.0,0.0,0.0,0.0,0.0,0.0,0.0,0.0,0.0,0.0,0.0,0.0,0.0,0.0,0.0,0.0,0.0,0.0,0.0,0.0,0.0,0.0,0.0,0.0,0.0,0.0,0.0,0.0,0.0,0.0,0.0,0.4663606935765528,0.0,0.0,0.0,0.0,0.0,0.0,0.0,0.0,0.0,0.17040810264673037,0.0,0.0,0.2804434531427469,0.31664045948319575,0.0,0.0,0.0,0.0,0.0,0.0,0.0,0.0,0.0,0.0,0.0,0.0,0.0,0.0,0.0,0.16348029072747317,0.13969343735618728,0.2576086645321326,0.0,0.0,0.34541506444961595,0.0,0.0,0.28524215345814286,0.0,0.0,0.0,0.0,0.0,0.0,0.0,0.0,0.0,0.0,0.0,0.0,0.0,0.0,0.0,0.0,0.0,0.0,0.0,0.0,0.0,0.26624518953683085,0.0,0.0,0.0,0.0,0.0,0.0,0.3973635823751822,0.0,0.0,0.0,0.0,0.0,0.0,0.11969075453232551,0.0,0.0,0.0,0.13480333074444453,0.0,0.0,0.0,0.0,0.0,0.0,0.0,0.0,0.0,0.0,0.0,0.0,0.0,0.0,0.0,0.0
22.0,5.0,1.0,1,0.0,0.0,0.0,0.0,0.0,1.0,0.0,0.0,0.0,0.0,0.0,0.0,0.0,0.0,0.0,0.0,0.0,0.0,0.0,0.0,0.0,0.0,0.0,0.0,0.0,0.0,0.6748590077934973,0.0,0.0,0.0,0.0,0.0,0.0,0.0,0.0,0.0,0.0,0.0,0.0,0.0,0.0,0.0,0.0,0.0,0.0,0.0,0.0,0.0,0.0,0.0,0.0,0.0,0.0,0.0,0.0,0.0,0.0,0.0,0.0,0.0,0.0,0.0,0.0,0.0,0.0,0.0,0.7379466915705879,0.0,0.0,0.0,0.0,0.0,0.0,0.0,0.0,0.0,0.0,0.0,0.1367393139346747,0.2684422703206826,0.11365356138305534,0.4691291457355457,0.1361091238064733,0.0,0.0,0.0,0.0,0.0,0.0,0.0,0.0,0.0,0.0,0.0,0.0,0.0,0.0,0.0,0.0,0.0,0.0,0.0,0.08432277161942964,0.0,0.0,0.0,0.0,0.11064783373127221,0.1367393139346747,0.0,0.25730898157961113,0.355877615144339,0.1656213320776133,0.0,0.0,0.0,0.0,0.0,0.0,0.1414046985100137,0.15240945058577227,0.0,0.0,0.0,0.0,0.0,0.0,0.0,0.0,0.0,0.0,0.08732506573483563,0.0,0.0,0.1156348030222977,0.0,0.0,0.0,0.0,0.0,0.0,0.0,0.0,0.0,0.17325134547855553,0.0,0.0,0.0,0.0,0.0,0.0,0.0,0.0,0.3306974193212931,0.0,0.0,0.0,0.18622622009230805,0.14236299045363104,0.0,0.0,0.0,0.1156348030222977,0.0,0.0,0.0,0.0,0.0,0.14211070368841194,0.27869646569673157,0.0,0.17202958224509288,0.0,0.0
22.0,5.0,0.0,1,0.0,0.0,0.0,0.0,0.0,0.0,0.0,0.0,0.0,0.0,0.0,0.0,0.0,0.0,0.0,0.0,0.0,0.0,0.0,1.0,0.0,0.0,0.0,0.0,0.0,0.0,0.0,0.0,0.0,0.0,0.0,0.0,0.0,0.0,0.0,0.0,0.0,0.0,0.0,0.0,0.0,0.0,0.0,0.0,0.0,0.0,0.0,0.0,0.0,0.0,0.0,0.0,0.0,0.0,0.0,0.0,0.0,0.0,0.0,0.0,0.0,0.0,0.0,0.0,0.0,0.0,0.0,0.0,0.0,0.0,0.0,0.0,0.0,0.0,0.0,0.0,0.1775427894259078,0.0,0.0,0.06290423942243138,0.0,0.0,0.0,0.0,0.0,0.0,0.0,0.0,0.1699435116791021,0.09194078519957952,0.15005826190072508,0.0,0.15130848173034545,0.0,0.0,0.0,0.0,0.11610175198700398,0.0,0.0,0.0,0.0,0.1975940602936753,0.0,0.0,0.0,0.0,0.0,0.0,0.0,0.2261076342898163,0.5559534440777082,0.0,0.0,0.0,0.0,0.0,0.0,0.0,0.0,0.0,0.10921686486019676,0.0,0.0,0.0,0.0,0.0,0.10776540058147613,0.0,0.1259311056365645,0.0,0.0,0.0,0.18402171674275297,0.13548386634844883,0.0,0.0,0.0,0.0,0.0,0.0,0.0,0.0,0.0,0.40598092480824016,0.0,0.10719537159870204,0.0,0.0,0.0,0.0,0.0,0.3554590286756003,0.12915421018031364,0.0,0.0,0.0,0.07273083781618321,0.0,0.0,0.0,0.0,0.13548386634844883,0.0,0.0,0.0,0.11610175198700398,0.0,0.0,0.0,0.0,0.0,0.0,0.14475934725070713
23.0,5.0,1.0,1,0.0,0.0,0.0,0.0,0.0,1.0,0.0,0.0,0.0,0.0,0.0,0.0,0.0,0.0,0.0,0.0,0.0,0.0,0.0,0.0,0.0,0.0,0.0,0.0,0.0,0.0,0.0,0.0,0.0,0.0,0.0,0.0,0.0,0.0,0.0,0.0,0.0,0.0,0.0,0.0,0.0,0.0,0.0,0.0,0.0,0.0,0.0,0.0,0.0,0.0,0.0,0.0,0.0,0.0,0.0,0.0,0.0,0.0,0.0,0.0,0.0,0.0,0.0,0.0,0.0,0.0,0.0,0.0,0.0,0.0,0.0,0.0,0.0,0.0,0.0,0.0,0.0,0.0,0.0,0.34966356165071144,0.0,0.15276782581231213,0.0,0.20587048446280992,0.2863703559796827,0.0,0.0,0.0,0.18893179257471193,0.10221359548744191,0.0,0.0,0.0,0.0,0.0,0.0,0.0,0.0,0.0,0.0,0.0,0.0,0.2196718170911521,0.0,0.0,0.0,0.0,0.14412601854839652,0.1781118728840869,0.19611635887089618,0.0,0.2317768998795851,0.0,0.0,0.0,0.0,0.0,0.171092956477424,0.20718566268010227,0.0,0.0,0.0,0.1985232476889213,0.0,0.0,0.0,0.0,0.11980634099073928,0.21274889895796945,0.0,0.0,0.11374659240420137,0.0,0.0,0.0,0.18699025077216183,0.0,0.0,0.0,0.0,0.0,0.0,0.0,0.14556498917654687,0.0,0.0,0.0,0.0,0.0,0.0,0.0,0.17729100914872667,0.1317251652446296,0.21537747637591972,0.0,0.0,0.0,0.0,0.0,0.0,0.32438933726619845,0.0,0.0,0.0,0.0,0.0,0.0,0.0,0.0,0.0,0.0,0.22407974856286492,0.0,0.0
23.0,4.0,0.0,1,0.0,0.0,1.0,0.0,0.0,0.0,0.0,1.0,0.0,0.0,0.0,0.0,0.0,0.0,0.0,0.0,0.0,0.0,0.0,0.0,0.0,0.0,0.0,0.0,0.0,0.0,0.0,0.0,0.0,0.0,0.0,0.0,0.0,0.45468351505132,0.0,0.0,0.0,0.0,0.0,0.0,0.0,0.0,0.0,0.0,0.0,0.0,0.0,0.0,0.0,0.0,0.0,0.6297868294671524,0.0,0.0,0.0,0.0,0.0,0.0,0.0,0.0,0.0,0.0,0.0,0.0,0.0,0.0,0.0,0.6297868294671524,0.0,0.0,0.0,0.0,0.0,0.0,0.0,0.0,0.0,0.11571163644166593,0.0,0.10969427166035049,0.11610638502112458,0.11981342369866847,0.0,0.0,0.11229790243230321,0.0,0.14517767747249577,0.31322454216467116,0.0,0.08016452913944783,0.0,0.0,0.0,0.0,0.0,0.0,0.0,0.1012308330856597,0.0,0.11532011033552841,0.0,0.0,0.0,0.0,0.14374587915741122,0.0,0.1584933624409293,0.22607157802398298,0.13969036463111462,0.23071650337395583,0.06571552910688176,0.36355801702584034,0.0,0.0,0.0,0.0,0.0,0.0,0.0,0.0,0.0,0.0,0.0,0.0,0.0,0.0,0.0,0.09396224511662667,0.0,0.0,0.19096993215638974,0.2676290363668833,0.0,0.1604512539466881,0.0,0.0,0.0,0.29949782794976554,0.0,0.12524885802589858,0.0,0.0,0.0,0.2283287024759908,0.0,0.0,0.0,0.0,0.0,0.0,0.0,0.0,0.0,0.11261146424850714,0.0,0.0,0.0,0.06341509216824198,0.07271770449259465,0.0,0.12720674953165736,0.16685564409087802,0.0,0.15661227108233558,0.0,0.0,0.2024616661713194,0.0,0.0,0.0,0.14974891397488277,0.08787112637787463,0.13030212553703086,0.0
23.0,5.0,3.0,1,1.0,0.0,1.0,0.0,0.0,0.0,0.0,1.0,0.0,0.0,0.0,0.0,0.0,0.0,0.0,0.0,0.0,0.0,0.0,0.0,0.0,0.0,0.0,0.0,0.0,0.0,0.0,0.0,0.0,0.0,0.0,0.0,0.0,0.0,0.0,0.0,0.0,0.0,0.0,0.0,0.0,0.0,0.0,0.0,0.0,0.0,0.0,0.0,0.0,0.0,0.0,0.0,0.0,0.0,0.0,0.0,0.0,0.0,0.0,0.0,0.0,0.0,0.0,0.0,0.0,0.0,0.0,0.0,0.0,0.0,0.0,0.0,0.0,0.0,0.0,0.0,0.0,0.0,0.13143342085309248,0.05160518196935449,0.10924346433278329,0.0,0.0,0.0,0.0,0.261655367961671,0.0,0.0,0.0,0.0754260920121343,0.0,0.0,0.0,0.0,0.15387956857552926,0.0,0.0,0.19049437981484216,0.12848291142112953,0.0,0.0,0.0,0.24315238999334965,0.0,0.0,0.0,0.14912499414780978,0.0,0.0,0.0,0.061831156475946274,0.4560913367929335,0.0,0.2422408262189224,0.0,0.0,0.11922005992583358,0.37876193523041995,0.0,0.0,0.0,0.0,0.0,0.0,0.0,0.12260011024372694,0.0,0.0,0.0,0.10331096412016243,0.0,0.08393659281656042,0.1464955094801651,0.0,0.0,0.0,0.0,0.0,0.0,0.0,0.0,0.0,0.0,0.0,0.0,0.0,0.17588120318806252,0.0,0.0,0.0,0.0,0.0,0.19440690617865442,0.2119102489644481,0.0,0.0,0.0,0.11933339166801332,0.13683888195560143,0.23937539701752933,0.0,0.0,0.11114782788916777,0.0,0.0,0.15288773261893904,0.0,0.0,0.0,0.0,0.0,0.0,0.0,0.11875721772058861
23.0,5.0,0.0,1,1.0,0.0,1.0,0.0,0.0,0.0,0.0,1.0,0.0,0.0,0.0,0.0,0.0,0.0,0.0,0.0,0.0,0.0,0.0,0.0,0.0,0.0,0.0,0.0,0.0,0.0,1.0,0.0,0.0,0.0,0.0,0.0,0.0,0.0,0.0,0.0,0.0,0.0,0.0,0.0,0.0,0.0,0.0,0.0,0.0,0.0,0.0,0.0,0.0,0.0,0.0,0.0,0.0,0.0,0.0,0.0,0.0,0.0,0.0,0.0,0.0,0.0,0.0,0.0,0.0,0.0,0.0,0.0,0.0,0.0,0.0,0.0,0.0,0.0,0.0,0.0,0.0,0.0,0.16350650005409104,0.06419815168544407,0.0,0.14024069319455149,0.0,0.0,0.13144383321361788,0.0,0.0,0.0,0.0,0.09383196631126671,0.0,0.0,0.0,0.0,0.0,0.0,0.0,0.23697982690653427,0.0,0.0,0.18440356938303748,0.0,0.0,0.0,0.0,0.0,0.0,0.13230752379385452,0.0,0.1800345980483889,0.15383904526047262,0.4964655145355931,0.0,0.1506768575609792,0.0,0.0,0.0,0.0,0.0,0.0,0.0,0.0,0.0,0.0,0.0,0.1525176382238692,0.0,0.10998208700231414,0.0,0.0,0.0,0.20883848915780906,0.0,0.0,0.0,0.0,0.0,0.0,0.0,0.14660282737228203,0.0,0.0,0.0,0.0,0.0,0.0,0.0,0.0,0.0,0.0,0.0,0.16275294806332946,0.0,0.19771628237061556,0.0,0.0,0.0,0.07422687884320481,0.2553465455892324,0.0,0.0,0.0,0.2765414185952798,0.0,0.0,0.0,0.11848991345326713,0.0,0.16992935763460779,0.3332522474501183,0.0,0.0,0.1525176382238692,0.0
23.0,5.0,1.0,1,0.0,0.0,0.0,0.0,0.0,1.0,0.0,0.0,0.0,0.0,0.0,0.0,0.0,0.0,0.0,0.0,0.0,0.0,0.0,0.0,0.0,1.0,0.0,0.0,0.0,0.0,0.0,0.0,0.0,0.0,0.0,0.0,0.0,0.0,0.0,0.0,0.0,0.0,0.0,0.0,0.0,0.0,0.0,0.0,0.0,0.0,0.0,0.0,0.0,0.0,0.0,0.0,0.0,0.0,0.0,0.0,0.0,0.0,0.0,0.6760534738477343,0.7368525636098521,0.0,0.0,0.0,0.0,0.0,0.0,0.0,0.0,0.0,0.0,0.0,0.0,0.0,0.2883274141020184,0.0,0.0,0.0,0.0,0.09732101076136254,0.0,0.0,0.0,0.0,0.0,0.0,0.0,0.0,0.0,0.14224431020821887,0.0,0.0,0.0,0.0,0.29019789443211674,0.0,0.0,0.0,0.0,0.0,0.0,0.0,0.0,0.0,0.0,0.21259749156707328,0.0,0.0,0.0,0.0,0.11660593791446189,0.21503300735645353,0.30022163465875606,0.0,0.0,0.0,0.0,0.0,0.0,0.0,0.27627246936319194,0.1689726444191168,0.0,0.0,0.0,0.23120869248091191,0.0,0.0,0.0,0.0,0.0,0.0,0.0,0.0,0.20961109991875246,0.0,0.0,0.0,0.0,0.0,0.0,0.0,0.0,0.0,0.3140525528560909,0.0,0.16584513235852597,0.2589032546706862,0.0,0.29211041152726885,0.2829506729259277,0.0,0.0,0.09990915075233692,0.0,0.0,0.0,0.11252403200137273,0.0,0.0,0.0,0.0,0.0,0.0,0.0,0.0,0.0,0.0,0.0,0.0,0.0,0.15591893188940767,0.0,0.0
23.0,4.0,8.0,1,0.0,0.0,1.0,0.0,0.0,0.0,0.0,1.0,0.0,0.0,0.0,0.0,0.0,0.0,0.0,0.0,0.0,0.0,0.0,0.0,0.0,0.0,0.0,0.0,1.0,0.0,0.0,0.0,0.0,0.0,0.0,0.0,0.0,0.0,0.0,0.0,0.0,0.0,0.0,0.0,0.0,0.0,0.0,0.0,0.0,0.0,0.0,0.0,0.0,0.0,0.0,0.0,0.0,0.0,0.0,0.0,0.0,0.0,0.0,0.0,0.0,0.0,0.0,0.0,0.0,0.0,0.0,0.0,0.0,0.0,0.0,0.0,0.0,0.0,0.0,0.0,0.14159049178141614,0.0,0.0,0.050166172468946856,0.10619721244424868,0.0,0.0,0.14768101916412474,0.0,0.0,0.0,0.0,0.0,0.0,0.0,0.0,0.0,0.0,0.0,0.14862446115397093,0.0,0.4629561193017132,0.0,0.0,0.0,0.0,0.0,0.0,0.0,0.0,0.0,0.0,0.0,0.07034195268055346,0.24042798349737593,0.05542165483675221,0.0,0.0,0.14862446115397093,0.0,0.0,0.0,0.0,0.0,0.0,0.0,0.0,0.0,0.0,0.11918140854248083,0.0,0.0,0.0,0.0,0.2620072244776118,0.08159602255044633,0.0,0.0,0.0,0.0,0.0,0.0,0.0,0.0,0.14159049178141614,0.0,0.0,0.0,0.0,0.0,0.08548837962065418,0.0,0.0,0.0,0.0,0.12717955654517313,0.0944929366812844,0.6695036912640514,0.0,0.0,0.0,0.0,0.0,0.0,0.0,0.0,0.0,0.0,0.10512283151964623,0.0,0.0,0.0,0.0,0.0,0.13696849856958979,0.0,0.0,0.0
23.0,4.0,3.0,1,1.0,0.0,0.0,0.0,0.0,1.0,0.0,0.0,0.0,0.0,0.0,0.0,0.0,0.0,0.0,0.0,0.0,0.0,0.0,0.0,0.0,0.0,0.0,0.0,0.0,0.0,0.0,0.4975141073792526,0.0,0.0,0.0,0.0,0.0,0.0,0.0,0.0,0.0,0.0,0.0,0.0,0.0,0.0,0.0,0.0,0.0,0.0,0.0,0.0,0.0,0.0,0.4933383165490872,0.0,0.0,0.0,0.0,0.0,0.0,0.0,0.0,0.0,0.0,0.0,0.0,0.0,0.0,0.0,0.0,0.0,0.0,0.0,0.0,0.0,0.7135103491773178,0.0,0.0,0.0,0.0,0.0,0.0,0.14736023817053237,0.0,0.0,0.0,0.0,0.10057192229517213,0.24905507463912815,0.13001844007335078,0.0,0.0,0.0,0.0,0.12452753731956408,0.0,0.0,0.0,0.1455252607865273,0.0,0.0,0.0,0.0,0.0,0.0,0.23144312730991662,0.0,0.0,0.10730268399630233,0.0,0.0,0.12510410428666616,0.0,0.05885361118750758,0.2713298575052153,0.15152853853159556,0.0,0.0,0.0,0.0,0.0,0.0,0.0,0.0,0.08528425304775411,0.0,0.0,0.0,0.11669617117119341,0.0,0.16830169415223115,0.0,0.09833591445277157,0.1710291355542001,0.07989453666375705,0.0,0.0,0.21159077137655882,0.0,0.14646933382474808,0.0,0.15046790207282726,0.11217055834621048,0.13863796767637745,0.0,0.4045028429692392,0.0,0.0,0.0,0.16741145625584605,0.0,0.1446014919765796,0.0,0.0,0.0,0.09252251712982124,0.15127911367855454,0.0,0.0,0.0,0.11358676491273453,0.13024925964438647,0.0,0.0,0.0,0.0,0.14025905040620126,0.0,0.0,0.09066045988796567,0.0,0.0,0.0,0.0,0.3934787695341107,0.0,0.0
23.0,5.0,0.0,1,0.0,0.0,0.0,0.0,0.0,1.0,0.0,0.0,0.0,0.0,0.0,0.0,0.0,0.0,0.0,0.0,0.0,0.0,0.0,0.0,0.0,0.0,0.0,0.0,0.0,0.0,0.0,0.0,0.0,0.0,0.0,0.0,0.0,0.0,0.0,0.0,0.0,0.0,0.0,0.0,0.0,0.0,0.0,0.0,0.0,0.0,0.0,0.0,0.0,0.0,0.0,0.0,0.0,0.0,0.5019741485160382,0.0,0.0,0.0,0.0,0.0,0.0,0.0,0.0,0.0,0.0,0.0,0.0,0.0,0.0,0.4975531740200237,0.0,0.0,0.7074339497396195,0.0,0.0,0.0,0.34447430511525057,0.0,0.0,0.12204885500511002,0.0,0.0,0.0,0.0,0.0,0.0,0.0,0.0,0.0,0.17838650725149677,0.0,0.0,0.0,0.0,0.0,0.0,0.0,0.0,0.0,0.0,0.0,0.0,0.19168921710270323,0.0,0.0,0.0,0.0,0.0,0.0,0.0,0.14623379985390703,0.4045046202897623,0.37650355736349145,0.0,0.0,0.0,0.0,0.0,0.0,0.0,0.0,0.0,0.0,0.0,0.0,0.0,0.0,0.0,0.0,0.0,0.0,0.19851427037646943,0.0,0.0,0.0,0.0,0.0,0.0,0.0,0.27871062875717834,0.0,0.0,0.0,0.0,0.0,0.0,0.0,0.0,0.0,0.3663313911668576,0.0,0.0,0.0,0.12529460348244464,0.0,0.0,0.0,0.1411147413994822,0.0,0.0,0.28306743632579934,0.0,0.0,0.0,0.0,0.0,0.0,0.256616634806493,0.0,0.0,0.0,0.19553565013195423,0.0,0.0
23.0,5.0,0.0,1,1.0,0.0,0.0,0.0,0.0,1.0,0.0,0.0,0.0,0.0,0.0,0.0,1.0,0.0,0.0,0.0,0.0,0.0,0.0,0.0,0.0,0.0,0.0,0.0,0.0,0.0,0.0,0.0,0.0,0.0,0.0,0.0,0.0,0.0,0.0,0.0,0.0,0.0,0.0,0.0,0.0,0.0,0.0,0.0,0.0,0.0,0.0,0.0,0.0,0.0,0.0,0.0,0.0,0.0,0.0,0.0,0.0,0.0,0.0,0.0,0.0,0.0,0.0,0.0,0.0,0.0,0.0,0.0,0.0,0.0,0.0,0.0,0.0,0.0,0.0,0.0,0.0,0.0,0.0,0.0,0.0,0.0,0.0,0.0,0.0,0.0,0.0,0.0,0.0,0.0,0.0,0.0,0.0,0.0,0.0,0.0,0.0,0.0,0.0,0.0,0.0,0.0,0.0,0.0,0.0,0.0,0.0,0.0,0.0,0.0,0.0,0.0,0.0,0.0,0.0,0.0,0.0,0.0,0.0,0.0,0.0,0.0,0.0,0.0,0.0,0.0,0.0,0.0,0.0,0.0,0.0,0.0,0.0,0.0,0.0,0.0,0.0,0.0,0.0,0.0,0.0,0.0,0.0,0.0,0.0,0.0,0.0,0.0,0.0,0.0,0.0,0.0,0.0,0.0,0.0,0.0,0.0,0.0,0.0,0.0,0.0,0.0,0.0,0.0,0.0,0.0,0.0,0.0,0.0,0.0,0.0,0.0,0.0,0.0
23.0,5.0,1.0,1,1.0,0.0,0.0,0.0,0.0,1.0,0.0,0.0,0.0,0.0,0.0,0.0,0.0,0.0,0.0,0.0,0.0,0.0,0.0,0.0,0.0,1.0,0.0,0.0,1.0,0.0,0.0,0.0,0.0,0.0,0.0,0.0,0.0,0.0,0.0,0.0,0.0,0.0,0.0,0.0,0.0,0.0,0.0,0.0,0.0,0.0,0.0,0.0,0.0,0.0,0.0,0.0,0.0,0.0,0.0,0.0,0.0,0.0,0.0,0.0,0.0,0.0,0.0,0.0,0.0,0.0,0.0,0.0,0.0,0.0,0.0,0.0,0.0,0.0,0.0,0.0,0.0,0.15725901159880773,0.0,0.2981621083209609,0.15779549844960944,0.0,0.0,0.0,0.1526195435843332,0.18897258276135406,0.0,0.0,0.20138036880722526,0.0,0.0,0.18897258276135406,0.0,0.0,0.0,0.0,0.0,0.0,0.0,0.15672690428134398,0.0,0.0,0.11707291541437119,0.0,0.0,0.0,0.0,0.0,0.18984753260179424,0.0,0.35724528567187963,0.08234950285967833,0.22994704548670353,0.0,0.0,0.2154019274889212,0.0,0.0,0.0,0.0,0.0,0.12942025446105876,0.0,0.0,0.0,0.0,0.0,0.0,0.0,0.0,0.0,0.0,0.0,0.0,0.0,0.0,0.0,0.0,0.0,0.17022066425412513,0.0,0.0,0.0,0.0,0.0,0.0,0.0,0.0,0.0,0.0,0.4334375924089923,0.0,0.0,0.22956853917638376,0.0,0.0,0.0,0.17236978097449246,0.0,0.0,0.0,0.0,0.0,0.0,0.0,0.0,0.0,0.0,0.0,0.0,0.2035177007591364,0.0,0.17708835603156922,0.17153753296970012
23.0,4.0,3.0,1,1.0,0.0,0.0,0.0,0.0,1.0,0.0,0.0,0.0,0.0,0.0,0.0,1.0,0.0,0.0,0.0,0.0,0.0,0.0,0.0,0.0,0.0,0.0,0.0,0.0,0.0,0.0,0.0,0.0,0.0,0.0,0.0,0.0,0.0,0.0,0.0,0.0,0.0,0.0,0.0,0.0,0.0,0.0,0.0,0.0,0.0,0.0,0.0,0.0,0.0,0.0,0.0,0.0,0.0,0.0,0.0,0.0,0.0,0.0,0.0,0.0,0.0,0.0,0.0,0.0,0.0,0.0,0.0,0.0,0.0,0.0,0.0,0.0,0.0,0.0,0.0,0.0,0.0,0.0,0.06196180304234827,0.0,0.0,0.0,0.0,0.0,0.15708343383269166,0.0,0.0,0.0,0.09056332095263732,0.0,0.15708343383269166,0.0,0.0,0.0,0.0,0.0,0.0,0.0,0.130279217962384,0.17797985372542172,0.0,0.09731684508603004,0.0,0.32478464801075285,0.0,0.0,0.0,0.3156214715381713,0.17376307591752513,0.2969600953422331,0.13690602620327594,0.0,0.0,0.0,0.0,0.14314628085621806,0.0,0.0,0.0,0.0,0.0,0.0,0.0,0.19251524979033735,0.0,0.35179125655981075,0.0,0.0,0.0,0.0,0.0,0.0,0.0,0.1334540361536406,0.0,0.0,0.0,0.0,0.0,0.0,0.16005311841535608,0.0,0.12897353597039304,0.0,0.1490415658736859,0.10558936191002724,0.0,0.0,0.0,0.0,0.15708343383269166,0.0,0.2544384228077621,0.0,0.0,0.0,0.07164117854772613,0.2464515246929041,0.0,0.14370776961887344,0.0,0.0,0.0,0.0,0.0,0.0,0.130279217962384,0.0,0.0,0.16917406119887798,0.0,0.1472046719727324,0.14259055105415852
23.0,5.0,0.0,1,0.0,0.0,0.0,0.0,0.0,0.0,0.0,0.0,0.0,0.0,0.0,1.0,0.0,0.0,0.0,0.0,0.0,0.0,0.0,0.0,0.0,0.0,0.0,0.0,0.0,0.0,0.0,0.0,0.0,0.0,0.0,0.0,0.0,0.0,0.0,0.0,0.0,0.0,0.0,0.0,0.0,0.0,0.0,0.0,0.0,0.0,0.0,0.0,0.0,0.0,0.0,0.0,0.0,1.0,0.0,0.0,0.0,0.0,0.0,0.0,0.0,0.0,0.0,0.0,0.0,0.0,0.0,0.0,0.0,0.0,0.0,0.0,0.0,0.0,0.0,0.0,0.0,0.0,0.0,0.10666266455516182,0.45159026850795936,0.0,0.0,0.0,0.0,0.0,0.0,0.0,0.0,0.0,0.25444412331834226,0.0,0.25656404050566395,0.0,0.0,0.0,0.0,0.0,0.0,0.0,0.0,0.0,0.0,0.0,0.0,0.23300430966434513,0.0,0.0,0.0,0.14956014648247787,0.0,0.0,0.0,0.0,0.0,0.0,0.0,0.0,0.0,0.0,0.0,0.0,0.0,0.0,0.0,0.25340196341363813,0.0,0.0,0.0,0.0,0.0,0.0,0.0,0.0,0.0,0.0,0.31805342367771533,0.0,0.32673618537192944,0.0,0.0,0.0,0.0,0.0,0.0,0.0,0.18176428278411158,0.283754872551556,0.0,0.0,0.0,0.0,0.0,0.10949923505026295,0.0,0.3139974654836996,0.0,0.0,0.14141602846009954,0.24738230445541037,0.0,0.0,0.0,0.0,0.0,0.0,0.0,0.0,0.0,0.0,0.0,0.0,0.0,0.0
23.0,5.0,1.0,1,0.0,0.0,0.0,0.0,0.0,1.0,0.0,0.0,0.0,0.0,0.0,0.0,0.0,0.0,0.0,0.0,0.0,0.0,0.0,0.0,0.0,1.0,0.0,0.0,0.0,0.0,0.0,0.0,0.0,0.0,0.0,0.0,0.0,0.0,0.0,0.0,0.0,0.0,0.0,0.0,0.0,0.0,0.0,0.0,0.0,0.0,0.0,0.0,0.0,0.0,0.0,0.0,0.0,0.0,0.0,0.0,0.0,0.0,0.0,0.0,0.0,0.0,0.0,0.0,0.0,0.0,0.0,0.0,0.0,0.0,0.0,0.0,0.0,0.0,0.0,0.0,0.0,0.0,0.0,0.07169748122186882,0.0,0.0,0.0,0.0,0.14679849055063393,0.0,0.0,0.0,0.0,0.10479298026485756,0.3420691359945755,0.0,0.17245955323803527,0.0,0.0,0.0,0.0,0.0,0.0,0.0,0.0,0.0,0.11260764423460075,0.0,0.0,0.0,0.0,0.0,0.0,0.0,0.08590490356168475,0.31683446126192816,0.0,0.0,0.0,0.0,0.0,0.0,0.0,0.0,0.0,0.12448404414906561,0.0,0.0,0.0,0.0,0.0,0.0,0.0,0.2870694619163325,0.0,0.0,0.20353302980851062,0.0,0.4632685516544141,0.0,0.0,0.0,0.21962850462163216,0.0,0.0,0.0,0.19680909414938144,0.0,0.23136604146346307,0.0,0.0,0.0,0.0,0.0,0.0,0.0,0.0,0.14720838601899142,0.0,0.0,0.0,0.08289771764917124,0.0,0.16628769028305765,0.0,0.0,0.0,0.2047272878534213,0.15024152467551688,0.0,0.0,0.0,0.0,0.0,0.0,0.22973445515658017,0.0,0.16499493001574225
23.0,5.0,1.0,1,0.0,1.0,0.0,1.0,0.0,0.0,0.0,0.0,0.0,0.0,0.0,0.0,0.0,0.0,0.0,0.0,0.0,0.0,0.0,0.0,0.0,0.0,1.0,0.0,0.0,0.0,0.0,0.0,0.0,0.0,0.0,0.0,0.0,0.0,0.0,0.0,0.0,0.0,0.0,0.0,0.0,0.0,0.0,0.0,0.0,0.0,0.0,0.0,0.0,0.0,0.0,0.0,0.0,0.0,0.0,0.0,0.0,0.0,0.0,0.0,0.0,0.0,1.0,0.0,0.0,0.0,0.0,0.0,0.0,0.0,0.0,0.0,0.0,0.0,0.0,0.0,0.0,0.0,0.0,0.1465147211877729,0.0,0.0,0.0,0.0,0.29998459565482943,0.0,0.0,0.0,0.0,0.0,0.3495113303359728,0.0,0.0,0.0,0.0,0.0,0.0,0.0,0.0,0.0,0.0,0.0,0.0,0.0,0.383992474499504,0.0,0.0,0.0,0.0,0.0,0.0,0.32372763982335373,0.0,0.0,0.0,0.0,0.338483330034493,0.0,0.0,0.0,0.0,0.25438473862682454,0.0,0.0,0.0,0.0,0.0,0.0,0.0,0.0,0.0,0.0,0.0,0.0,0.0,0.0,0.0,0.0,0.0,0.0,0.0,0.37846119493702146,0.0,0.0,0.0,0.0,0.0,0.0,0.0,0.0,0.0,0.0,0.27597493670943607,0.15041111114720684,0.0,0.0,0.0,0.0,0.19425288190319207,0.0,0.0,0.0,0.0,0.0,0.0,0.0,0.0,0.0,0.0,0.0,0.0,0.23473265079097788,0.0,0.0
23.0,4.0,12.0,1,1.0,0.0,0.0,0.0,0.0,1.0,0.0,0.0,0.0,0.0,0.0,0.0,0.0,0.0,0.0,0.0,0.0,0.0,0.0,0.0,0.0,0.0,0.0,0.0,0.0,0.0,0.0,0.0,0.0,0.0,0.0,0.0,0.3954200590303063,0.0,0.0,0.0,0.0,0.40579769870990917,0.0,0.0,0.0,0.0,0.0,0.0,0.0,0.0,0.0,0.0,0.5180404477829716,0.0,0.0,0.0,0.0,0.0,0.0,0.0,0.0,0.0,0.0,0.0,0.0,0.0,0.0,0.0,0.0,0.0,0.0,0.0,0.49881994775529187,0.4022237671004001,0.0,0.0,0.0,0.0,0.0,0.0,0.0,0.3986458190805784,0.0,0.18895749865456796,0.4000057935449316,0.0,0.0,0.0,0.0,0.0,0.0,0.0,0.0,0.0,0.0,0.0,0.0,0.0,0.0,0.0,0.0,0.0,0.0,0.0,0.0,0.0,0.29677554108363163,0.0,0.0,0.0,0.0,0.0,0.0,0.2649522332448816,0.0,0.0,0.0,0.0,0.0,0.0,0.0,0.0,0.0,0.0,0.0,0.0,0.0,0.0,0.5870907279502374,0.0,0.0,0.32371555116715817,0.0,0.0,0.0,0.0,0.0,0.0,0.0,0.0,0.0,0.0,0.0,0.0,0.0,0.0,0.0,0.0,0.0,0.0,0.0,0.0,0.0,0.0,0.0,0.0,0.0,0.1939826053097131,0.0,0.0,0.0,0.0,0.0,0.0,0.0,0.0,0.0,0.0,0.0,0.0,0.0,0.0,0.0,0.0,0.0,0.0,0.0,0.0
23.0,5.0,0.0,1,1.0,0.0,0.0,0.0,0.0,1.0,0.0,0.0,0.0,0.0,0.0,0.0,1.0,0.0,0.0,0.0,0.0,0.0,0.0,0.0,0.0,0.0,0.0,0.0,0.0,0.0,0.0,0.0,0.0,0.0,0.0,0.0,0.0,0.0,0.0,0.0,0.0,0.0,0.0,0.0,0.0,0.0,0.7832263602269648,0.0,0.0,0.0,0.6217366553820203,0.0,0.0,0.0,0.0,0.0,0.0,0.0,0.0,0.0,0.0,0.0,0.0,0.0,0.0,0.0,0.0,0.0,0.0,0.0,0.0,0.0,0.0,0.0,0.0,0.0,0.0,0.0,0.0,0.0,0.2124803057795632,0.0,0.0,0.15056552925104222,0.0,0.0,0.0,0.0,0.0,0.0,0.0,0.0,0.0,0.22006645514570333,0.0,0.0,0.1810835155235754,0.0,0.0,0.0,0.0,0.0,0.0,0.15828751294980742,0.0,0.0,0.0,0.0,0.0,0.3289100019083302,0.0,0.0,0.0,0.0,0.18040127839357967,0.24950849492143923,0.0,0.17669309948137185,0.0,0.0,0.0,0.0,0.0,0.0,0.21371084333043033,0.0,0.21371084333043033,0.0,0.0,0.17885171392327298,0.0,0.0,0.0,0.0,0.13106194366827423,0.0,0.0,0.0,0.0,0.0,0.0,0.0,0.23061118377813133,0.0,0.0,0.0,0.41330134499873344,0.0,0.0,0.0,0.0,0.0,0.22162016470903534,0.0,0.0,0.1908542778800804,0.0,0.1545696457770448,0.0,0.0,0.0,0.17408615363943736,0.09981177227512321,0.0,0.0,0.0,0.0,0.0,0.0,0.0,0.13894867734989955,0.0,0.0,0.0,0.0,0.24122248953774833,0.0,0.0
23.0,5.0,2.0,1,0.0,0.0,1.0,0.0,0.0,0.0,0.0,1.0,0.0,0.0,0.0,0.0,0.0,0.0,0.0,0.0,0.0,0.0,0.0,0.0,0.0,0.0,0.0,0.0,0.0,0.0,0.0,0.0,0.0,0.0,0.0,0.0,0.0,0.7118501608490141,0.0,0.0,0.0,0.0,0.0,0.7023313665921754,0.0,0.0,0.0,0.0,0.0,0.0,0.0,0.0,0.0,0.0,0.0,0.0,0.0,0.0,0.0,0.0,0.0,0.0,0.0,0.0,0.0,0.0,0.0,0.0,0.0,0.0,0.0,0.0,0.0,0.0,0.0,0.0,0.0,0.0,0.0,0.0,0.0,0.21998386773444695,0.0,0.3128160341979381,0.22073433952762542,0.0,0.0,0.0,0.0,0.0,0.0,0.0,0.2817036172719952,0.0,0.0,0.0,0.0,0.28318628096641446,0.0,0.0,0.0,0.1924538523607369,0.0,0.0,0.2995122224545557,0.0,0.0,0.0,0.0,0.0,0.0,0.0,0.0,0.0,0.1249343342442089,0.11519570141580542,0.0,0.0,0.0,0.0,0.0,0.0,0.0,0.0,0.0,0.1810412506734582,0.0,0.0,0.0,0.0,0.0,0.0,0.0,0.0,0.0,0.0,0.0,0.0,0.0,0.0,0.0,0.2846934526056505,0.0,0.0,0.0,0.0,0.0,0.0,0.0,0.0,0.0,0.0,0.30695977300791283,0.0,0.0,0.0,0.19640662394334477,0.3211350156963004,0.0,0.0,0.0,0.0,0.1382464407122616,0.0,0.0,0.0,0.0,0.0,0.21850120404002774,0.0,0.0,0.0,0.0,0.2706377148926865,0.0,0.0,0.0,0.0
23.0,5.0,0.0,1,0.0,0.0,0.0,0.0,0.0,0.0,0.0,0.0,0.0,0.0,0.0,0.0,0.0,0.0,0.0,0.0,0.0,0.0,0.0,1.0,0.0,0.0,0.0,0.0,0.0,0.0,0.0,0.0,0.0,0.0,0.0,0.0,0.0,0.0,0.0,0.0,0.0,0.0,0.0,0.0,0.0,0.0,0.0,0.0,0.0,0.0,0.0,0.0,0.0,0.0,0.0,0.0,0.0,0.0,0.0,0.0,0.0,0.0,0.0,0.0,0.0,0.0,0.0,0.0,0.0,0.0,0.0,0.0,0.0,0.0,0.0,0.0,0.0,0.0,0.0,0.0,0.0,0.0,0.0,0.19415423943907756,0.2740045465953018,0.14137647481924187,0.0,0.0,0.0,0.0,0.0,0.0,0.0,0.18918378567969224,0.0,0.0,0.0,0.0,0.0,0.0,0.16961610008055703,0.0,0.0,0.0,0.0,0.0,0.10164583724468186,0.0,0.0,0.0,0.0,0.0,0.16483070684492065,0.09074633131722588,0.0,0.2859921660011147,0.0,0.30379431923172906,0.0,0.0,0.0,0.15833516595894853,0.0,0.0,0.0,0.0,0.0,0.0,0.0,0.0,0.36744015670431723,0.11087281016273833,0.0,0.0,0.11266957812941711,0.0,0.18372007835215862,0.0,0.0,0.0,0.0,0.0,0.0,0.0,0.0,0.0,0.0,0.0,0.20884368156700445,0.0,0.0,0.0,0.0,0.0,0.0,0.16407105198569158,0.12190289027316227,0.33219591236553486,0.0,0.0,0.0,0.07482802764764832,0.08580484891213931,0.15010039164918573,0.0,0.0,0.0,0.0,0.13561624229297234,0.0,0.11944953981666995,0.13607449125238724,0.0,0.16797559573071852,0.17669951256066235,0.0,0.0,0.14893347531219023
23.0,3.0,1.0,0,1.0,0.0,0.0,0.0,0.0,1.0,0.0,0.0,0.0,0.0,0.0,0.0,0.0,0.0,0.0,0.0,0.0,0.0,0.0,0.0,0.0,0.0,0.0,0.0,0.0,0.0,0.0,0.43005167702658176,0.0,0.0,0.0,0.0,0.0,0.0,0.0,0.0,0.0,0.4376339205013721,0.0,0.3902366318969028,0.0,0.0,0.0,0.0,0.0,0.0,0.0,0.0,0.0,0.0,0.4264421193823079,0.0,0.0,0.0,0.0,0.0,0.0,0.0,0.0,0.0,0.0,0.0,0.0,0.0,0.0,0.0,0.0,0.0,0.5379540841519004,0.0,0.0,0.0,0.0,0.0,0.0,0.0,0.0,0.0,0.0,0.154843047079561,0.0,0.22550281888897236,0.0,0.0,0.10567886624078078,0.5234036959565913,0.1366206494196263,0.0,0.0,0.07543949057543521,0.0,0.0,0.0,0.0,0.0,0.0,0.0,0.0,0.0,0.0,0.0,0.0,0.08106519439076353,0.0,0.0,0.0,0.0,0.0,0.0,0.0,0.061842140057912554,0.3421292670644346,0.0,0.0,0.0,0.0,0.0,0.0,0.0,0.13594191880002515,0.0,0.0,0.0,0.0,0.0,0.0,0.14652153269447604,0.08842394486708657,0.0,0.0,0.08985691397277942,0.08395150317081734,0.0,0.0,0.0,0.27601904019818785,0.0,0.0,0.0,0.0,0.0,0.0,0.0,0.2148706065319191,0.0,0.0,0.08795622321362927,0.0,0.0,0.0,0.0,0.0,0.19444144029236868,0.21194789234234448,0.16397842868239662,0.0,0.27744063605557784,0.11935458984969717,0.068431594891473,0.11970895962891592,0.11970895962891592,0.0,0.0,0.0,0.0,0.0,0.1905282189139964,0.0,0.0,0.1339648990055168,0.0,0.0826918473968125,0.0,0.0
23.0,3.0,15.0,0,1.0,0.0,0.0,0.0,0.0,0.0,0.0,0.0,0.0,0.0,0.0,0.0,0.0,0.0,0.0,0.0,0.0,0.0,0.0,1.0,0.0,0.0,0.0,0.0,0.0,0.0,0.0,0.0,0.0,0.0,0.0,0.0,0.0,0.0,0.0,0.0,0.0,0.0,0.0,0.0,0.0,0.0,0.0,0.0,0.0,0.0,0.0,0.0,0.0,0.0,0.0,0.0,0.0,0.0,0.0,0.0,0.0,0.0,0.0,0.0,0.0,0.0,0.0,0.0,0.0,0.0,0.0,0.0,0.0,0.0,0.0,0.0,0.0,0.0,0.0,0.11686138043463637,0.0,0.08932935720160294,0.10784092994869879,0.16936790589867906,0.08963410301579824,0.0,0.0,0.0,0.08669395531730449,0.0,0.11207713422303549,0.12090463790753736,0.11439203843188564,0.12377399678391313,0.0,0.10734392372924244,0.0,0.0,0.0,0.2508883228688552,0.0,0.0,0.10542004126680912,0.08902709913608381,0.0,0.10495429415212834,0.06650206034846208,0.0,0.0,0.09249593603769504,0.0,0.0,0.0,0.05937102950052619,0.25366186814929376,0.09355556901366661,0.0,0.0,0.0,0.0,0.19563977027291968,0.0,0.0,0.0,0.0,0.0,0.0,0.09151720749238362,0.0,0.10059321148822874,0.12019935168017587,0.07253883201037606,0.0,0.2542994857541098,0.29485748899531183,0.06886985187869869,0.0,0.0,0.0,0.0,0.0,0.0,0.0,0.0,0.11950724914795365,0.0,0.0,0.0,0.40990960844362306,0.0,0.0,0.0,0.0,0.12709005050535457,0.0,0.10734392372924244,0.0,0.4346801248430085,0.0,0.0,0.0,0.0,0.05613805144631547,0.0,0.0,0.0,0.0,0.0,0.0,0.0,0.07815018028099151,0.0,0.0,0.0,0.11560612777054784,0.1356729794392552,0.0,0.0
23.0,5.0,11.0,1,1.0,0.0,0.0,0.0,0.0,1.0,0.0,0.0,0.0,0.0,0.0,0.0,0.0,0.0,0.0,0.0,0.0,0.0,0.0,0.0,0.0,1.0,0.0,0.0,0.0,0.0,0.0,0.0,0.0,0.0,0.0,0.0,0.0,0.0,0.0,1.0,0.0,0.0,0.0,0.0,0.0,0.0,0.0,0.0,0.0,0.0,0.0,0.0,0.0,0.0,0.0,0.0,0.0,0.0,0.0,0.0,0.0,0.0,0.0,0.0,0.0,0.0,0.0,0.0,0.0,0.0,0.0,0.0,0.0,0.0,0.0,0.0,0.0,0.0,0.0,0.0,0.0,0.1299805061999192,0.0,0.12322111583679654,0.26084786564567597,0.0,0.0,0.0,0.0,0.0,0.0,0.0,0.0,0.09004994136502925,0.0,0.0,0.0,0.0,0.0,0.0,0.0,0.0,0.0,0.1295406994265365,0.0,0.0,0.2902955446524437,0.0,0.0,0.0,0.0,0.0,0.0,0.08638902942816937,0.2952767068613427,0.20419491305820656,0.0,0.14460362200470944,0.0,0.0,0.0,0.0,0.0,0.0,0.0,0.0,0.0,0.13316398246342254,0.0,0.0,0.0,0.0,0.0,0.12334122069970971,0.21451920665874896,0.0,0.0,0.18023714683973263,0.0,0.0,0.18371422617617741,0.0,0.0,0.0,0.1738914644124646,0.0,0.0,0.0,0.0,0.1481966885346061,0.0,0.16390267468823816,0.0,0.0,0.17912626149248354,0.0,0.0,0.5059921569535214,0.0,0.0,0.0,0.14247012719240307,0.08168481866046894,0.0,0.0,0.0,0.0,0.17592476347582683,0.0,0.18253008992634615,0.0,0.0,0.0,0.0,0.0,0.0987068702697951,0.0,0.1417822428171486
23.0,2.0,3.0,0,0.0,0.0,0.0,0.0,0.0,1.0,0.0,0.0,0.0,0.0,0.0,0.0,1.0,0.0,0.0,0.0,0.0,0.0,0.0,0.0,0.0,0.0,0.0,0.0,0.0,0.0,0.0,0.0,0.0,0.0,0.0,0.0,0.0,0.0,0.0,0.0,0.0,0.0,0.0,0.0,0.0,0.0,0.0,0.0,0.0,0.0,0.0,0.0,0.0,0.0,0.6842321510325209,0.0,0.0,0.0,0.0,0.0,0.0,0.0,0.0,0.0,0.0,0.0,0.0,0.0,0.0,0.7292642617689488,0.0,0.0,0.0,0.0,0.0,0.0,0.0,0.0,0.0,0.0,0.0,0.25076455185813806,0.0,0.11886200783349932,0.0,0.0,0.0,0.0,0.0,0.0,0.0,0.0,0.0,0.0,0.2835456952550793,0.0,0.2859080740159763,0.0,0.0,0.0,0.0,0.0,0.0,0.0,0.0,0.2946267314926273,0.18668397359323774,0.0,0.0,0.0,0.0,0.0,0.0,0.0,0.0,0.26262833487762116,0.0,0.0,0.0,0.0,0.0,0.0,0.0,0.0,0.0,0.0,0.0,0.0,0.0,0.0,0.0,0.0,0.0,0.2379557276598576,0.0,0.1933308162502744,0.0,0.0,0.0,0.0,0.0,0.0,0.0,0.0,0.0,0.0,0.32627539617601553,0.0,0.0,0.2859080740159763,0.0,0.0,0.0,0.0,0.0,0.0,0.0,0.24404601157465974,0.0,0.0,0.0,0.13743006025697835,0.0,0.0,0.0,0.0,0.0,0.0,0.0,0.0,0.21938246898572641,0.24991605579010576,0.31462190278113367,0.0,0.0,0.0,0.0,0.0
23.0,2.0,15.0,0,0.0,0.0,0.0,0.0,0.0,1.0,0.0,0.0,0.0,0.0,0.0,0.0,1.0,0.0,0.0,0.0,0.0,0.0,0.0,0.0,0.0,0.0,0.0,0.0,0.0,0.0,0.0,0.0,0.0,0.0,0.0,0.0,0.0,0.0,0.0,0.0,0.7641871818105209,0.0,0.0,0.0,0.0,0.0,0.0,0.0,0.0,0.0,0.0,0.0,0.0,0.0,0.6449945357570821,0.0,0.0,0.0,0.0,0.0,0.0,0.0,0.0,0.0,0.0,0.0,0.0,0.0,0.0,0.0,0.0,0.0,0.0,0.0,0.0,0.0,0.0,0.0,0.0,0.0,0.0,0.265319035756487,0.0,0.125760810580216,0.266224167821757,0.0,0.0,0.0,0.0,0.0,0.0,0.0,0.0,0.1838118985023049,0.0,0.0,0.0,0.0,0.0,0.0,0.0,0.0,0.3131103208903083,0.0,0.0,0.0,0.19751919279630792,0.0,0.0,0.0,0.0,0.0,0.0,0.1763391654481411,0.0,0.0,0.0,0.0,0.0,0.0,0.0,0.0,0.0,0.0,0.0,0.2183509661663652,0.0,0.0,0.39073869180563503,0.0,0.3570066670732394,0.21544913751544853,0.0,0.0,0.2189406347379698,0.0,0.0,0.0,0.0,0.0,0.0,0.0,0.0,0.0,0.0,0.0,0.0,0.0,0.0,0.0,0.2143095115127165,0.0,0.0,0.0,0.0,0.0,0.0,0.2582105484663377,0.0,0.0,0.0,0.14540656086018516,0.0,0.0,0.2916765605028062,0.0,0.0,0.0,0.0,0.0,0.0,0.0,0.0,0.0,0.0,0.0,0.0,0.0
23.0,5.0,4.0,1,0.0,0.0,0.0,0.0,0.0,1.0,0.0,0.0,0.0,0.0,0.0,0.0,0.0,0.0,0.0,0.0,0.0,0.0,0.0,0.0,0.0,1.0,0.0,0.0,0.0,0.0,0.0,0.0,0.0,0.0,0.0,0.0,0.0,0.0,0.0,0.0,0.0,0.5897816323125896,0.0,0.0,0.0,0.0,0.0,0.0,0.0,0.0,0.0,0.0,0.0,0.0,0.0,0.0,0.0,0.0,0.0,0.0,0.0,0.0,0.807562769193019,0.0,0.0,0.0,0.0,0.0,0.0,0.0,0.0,0.0,0.0,0.0,0.0,0.0,0.0,0.0,0.0,0.0,0.0,0.0,0.0,0.34200271635926177,0.14479771263473118,0.14942080654174733,0.0,0.0,0.28009621353584063,0.0,0.0,0.19531310546897776,0.0,0.0,0.0,0.17340670680323345,0.0,0.0,0.0,0.0,0.0,0.0,0.0,0.0,0.0,0.0,0.0,0.0,0.0,0.0,0.0,0.0,0.0,0.09590980418390678,0.0819546513098855,0.0,0.0,0.16054011907017726,0.0,0.0,0.0,0.0,0.2026463927003946,0.0,0.0,0.0,0.0,0.0,0.21252040817429999,0.16250139667833846,0.0,0.23436296228559816,0.0,0.0,0.0,0.0,0.0,0.0,0.1473218680949555,0.0,0.0,0.0,0.0,0.0,0.0,0.0,0.0,0.4271273346599021,0.0,0.1645291708002777,0.0,0.0,0.0,0.0,0.0,0.0,0.0,0.3510978839937382,0.0,0.0,0.0,0.07908574787520463,0.18137430213954714,0.0,0.0,0.20808774297949395,0.0,0.0,0.0,0.0,0.0,0.0,0.0,0.0,0.18675372770544066,0.10958517142566014,0.0,0.0
23.0,5.0,0.0,1,0.0,0.0,0.0,0.0,0.0,1.0,0.0,0.0,0.0,0.0,0.0,0.0,1.0,0.0,0.0,0.0,0.0,0.0,0.0,0.0,0.0,0.0,0.0,0.0,0.0,0.0,0.0,0.0,0.0,0.0,0.0,0.0,0.0,0.0,0.0,0.0,0.0,0.0,0.0,0.5644713826502238,0.0,0.0,0.0,0.0,0.0,0.0,0.0,0.0,0.0,0.0,0.0,0.0,0.0,0.0,0.0,0.0,0.0,0.8254526383560383,0.0,0.0,0.0,0.0,0.0,0.0,0.0,0.0,0.0,0.0,0.0,0.0,0.0,0.0,0.0,0.0,0.0,0.0,0.0,0.0,0.0,0.2891909245721418,0.0,0.0,0.0,0.0,0.0,0.0,0.0,0.0,0.0,0.0,0.0,0.0,0.0,0.0,0.4311638193190179,0.0,0.0,0.0,0.0,0.0,0.0,0.3584129968735388,0.0,0.0,0.0,0.0,0.0,0.0,0.0,0.0,0.0,0.0,0.0,0.0,0.0,0.0,0.0,0.0,0.0,0.0,0.0,0.2510524443009803,0.0,0.0,0.0,0.0,0.0,0.0,0.0,0.0,0.25173042497964604,0.0,0.0,0.0,0.0,0.0,0.0,0.0,0.0,0.0,0.0,0.0,0.3969135521312097,0.0,0.0,0.0,0.0,0.0,0.0,0.0,0.0,0.0,0.0,0.44532243530843846,0.0,0.0,0.0,0.16718347146462917,0.0,0.0,0.0,0.0,0.0,0.0,0.3029986876079305,0.0,0.0,0.0,0.0,0.0,0.0,0.0,0.0,0.0
23.0,4.0,0.0,1,1.0,0.0,0.0,0.0,0.0,1.0,0.0,0.0,0.0,0.0,0.0,0.0,1.0,0.0,0.0,0.0,0.0,0.0,0.0,0.0,0.0,0.0,0.0,0.0,0.0,0.0,0.0,0.6582250423077987,0.0,0.0,0.0,0.0,0.0,0.0,0.0,0.0,0.0,0.0,0.0,0.0,0.0,0.0,0.0,0.0,0.0,0.0,0.0,0.0,0.0,0.0,0.0,0.0,0.0,0.0,0.0,0.7528212229200879,0.0,0.0,0.0,0.0,0.0,0.0,0.0,0.0,0.0,0.0,0.0,0.0,0.0,0.0,0.0,0.0,0.0,0.0,0.0,0.0,0.0,0.0,0.0,0.0,0.0,0.0,0.0,0.0,0.0,0.0,0.0,0.0,0.0,0.1917325054879049,0.0,0.0,0.0,0.0,0.0,0.0,0.0,0.0,0.0,0.0,0.0,0.0,0.0,0.0,0.0,0.0,0.0,0.0,0.0,0.0,0.0,0.1449225533263886,0.0,0.0,0.0,0.0,0.0,0.0,0.0,0.0,0.0,0.0,0.0,0.2835300457882884,0.0,0.311648471809218,0.37239038011992565,0.0,0.0,0.0,0.0,0.4267322570616058,0.0,0.0,0.0,0.0,0.0,0.0,0.0,0.0,0.0,0.0,0.0,0.0,0.0,0.0,0.22354428590871056,0.0,0.3861723443327354,0.0,0.0,0.0,0.0,0.4040055823717763,0.0,0.0,0.0,0.15167225002984908,0.0,0.0,0.0,0.0,0.0,0.0,0.0,0.0,0.24211757330201072,0.0,0.0,0.0,0.0,0.0,0.0,0.0
23.0,5.0,0.0,1,0.0,0.0,0.0,0.0,0.0,1.0,0.0,0.0,0.0,0.0,0.0,0.0,0.0,0.0,0.0,0.0,0.0,0.0,0.0,0.0,0.0,0.0,0.0,0.0,0.0,0.0,0.0,0.0,0.0,0.0,0.0,0.0,0.0,0.0,0.0,0.0,0.0,0.0,0.0,0.0,0.0,0.0,0.0,0.0,0.0,0.0,0.0,0.0,0.0,0.0,0.0,0.0,0.0,0.0,0.0,0.0,0.0,0.0,0.0,0.0,0.0,0.0,0.0,0.0,0.0,0.0,0.0,0.0,0.0,1.0,0.0,0.0,0.0,0.0,0.0,0.0,0.0,0.0,0.0,0.09573957560072154,0.0,0.0,0.0,0.0,0.19602397384996853,0.2427156820915514,0.0,0.0,0.0,0.0,0.0,0.0,0.0,0.0,0.0,0.0,0.0,0.0,0.0,0.0,0.0,0.0,0.0,0.0,0.0,0.0,0.0,0.0,0.0,0.1342440207239435,0.11471112888283742,0.21153879006594753,0.0,0.0,0.0,0.0,0.0,0.0,0.0,0.0,0.0,0.1662268932295189,0.2717831304881633,0.0,0.0,0.0,0.0,0.0,0.0,0.0,0.1666757979282883,0.0,0.0,0.0,0.0,0.0,0.0,0.0,0.0,0.21863078774073957,0.0,0.0,0.0,0.0,0.0,0.0,0.32630040447040803,0.0,0.0,0.0,0.0,0.0,0.0,0.39314263659311494,0.0,0.0,0.0,0.2213911052590594,0.0,0.0,0.4440968531672276,0.0,0.0,0.0,0.20062154994716835,0.0,0.17670561736054055,0.0,0.0,0.2484918015645536,0.0,0.0,0.0,0.0
23.0,5.0,0.0,1,1.0,0.0,0.0,0.0,0.0,0.0,0.0,0.0,0.0,0.0,0.0,1.0,0.0,0.0,0.0,0.0,0.0,0.0,0.0,0.0,0.0,0.0,0.0,0.0,0.0,0.0,0.0,0.0,0.0,0.0,0.0,0.0,0.0,0.0,0.0,0.0,0.0,0.0,0.0,0.5555560050618273,0.0,0.0,0.0,0.8314791189439114,0.0,0.0,0.0,0.0,0.0,0.0,0.0,0.0,0.0,0.0,0.0,0.0,0.0,0.0,0.0,0.0,0.0,0.0,0.0,0.0,0.0,0.0,0.0,0.0,0.0,0.0,0.0,0.0,0.0,0.0,0.0,0.0,0.0,0.0,0.0,0.0,0.0,0.0,0.0,0.0,0.0,0.0,0.0,0.0,0.0,0.0,0.0,0.0,0.0,0.0,0.0,0.0,0.3934322897583456,0.0,0.0,0.0,0.0,0.0,0.0,0.0,0.0,0.32792918938520826,0.4337961328849629,0.0,0.0,0.0,0.0,0.0,0.4630884238748751,0.0,0.44474172525303696,0.0,0.0,0.0,0.0,0.0,0.0,0.0,0.0,0.0,0.0,0.0,0.0,0.0,0.0,0.0,0.0,0.0,0.0,0.0,0.0,0.0,0.0,0.0,0.0,0.0,0.0,0.0,0.0,0.31246768519294127,0.0,0.0,0.0,0.0,0.0,0.0,0.0,0.0,0.0,0.0,0.0,0.0,0.0,0.0,0.19902826538187549,0.0,0.0,0.0,0.0,0.0,0.0,0.0,0.0,0.0,0.0,0.0,0.0,0.0,0.0,0.0
23.0,3.0,5.0,0,0.0,0.0,0.0,0.0,0.0,1.0,0.0,0.0,0.0,0.0,0.0,0.0,1.0,0.0,0.0,0.0,0.0,0.0,0.0,0.0,0.0,0.0,0.0,0.0,0.0,0.0,0.0,0.0,0.0,0.0,0.0,0.0,0.0,0.0,0.0,0.0,0.0,0.0,0.0,0.0,0.0,0.0,0.0,0.0,0.0,0.0,0.0,0.0,0.0,0.0,0.0,0.0,0.0,0.0,0.0,0.0,0.0,0.0,0.0,0.0,0.0,0.0,0.0,0.0,0.0,0.0,0.0,0.0,1.0,0.0,0.0,0.0,0.0,0.0,0.0,0.0,0.0,0.2244949480661362,0.0,0.1064102564652506,0.22526080934482814,0.0,0.0,0.0,0.0,0.0,0.0,0.0,0.0,0.0,0.0,0.0,0.0,0.0,0.0,0.0,0.0,0.0,0.26493268764837347,0.0,0.0,0.26376221158543434,0.3342546515928843,0.0,0.0,0.0,0.0,0.2193034716664354,0.0,0.14920622516373036,0.0,0.1175579521949366,0.0,0.0,0.0,0.0,0.24583262122870067,0.0,0.0,0.0,0.0,0.0,0.0,0.0,0.33061654273779834,0.0,0.3020747944276052,0.18229842724822987,0.0,0.21302795122836957,0.1852526950617251,0.0,0.0,0.0,0.0,0.0,0.0,0.0,0.0,0.0,0.0,0.0,0.0,0.0,0.0,0.0,0.0,0.0,0.0,0.0,0.0,0.0,0.0,0.10924011445843221,0.0,0.0,0.0,0.12303315604818837,0.0,0.24679689535086718,0.24679689535086718,0.0,0.0,0.0,0.0,0.0,0.0,0.0,0.0,0.0,0.0,0.17048090027366175,0.0,0.0
23.0,5.0,0.0,1,0.0,0.0,0.0,0.0,1.0,0.0,0.0,0.0,0.0,0.0,1.0,0.0,0.0,0.0,0.0,0.0,0.0,0.0,0.0,0.0,0.0,0.0,0.0,0.0,0.0,0.0,0.0,0.0,0.0,0.0,0.0,0.0,0.0,0.0,0.0,0.0,0.0,0.0,0.0,1.0,0.0,0.0,0.0,0.0,0.0,0.0,0.0,0.0,0.0,0.0,0.0,0.0,0.0,0.0,0.0,0.0,0.0,0.0,0.0,0.0,0.0,0.0,0.0,0.0,0.0,0.0,0.0,0.0,0.0,0.0,0.0,0.0,0.0,0.0,0.0,0.0,0.0,0.0,0.0,0.05595405502863567,0.0,0.12223148577097023,0.14185279751711324,0.0,0.0,0.0,0.14810763827992574,0.0,0.15116673679804782,0.16356480268001625,0.1334785750688289,0.0,0.0,0.0,0.0,0.0,0.0,0.10327386324434687,0.0,0.0,0.0,0.0,0.351524444918772,0.0,0.0,0.3666944573129107,0.0,0.0,0.0,0.0,0.0,0.37089530716339936,0.0,0.0,0.0,0.0,0.0,0.1368936565273683,0.0,0.14737184036413167,0.0,0.19429935160342512,0.0,0.0,0.0,0.0,0.0,0.0,0.0,0.0,0.0,0.09101009926024596,0.0,0.0,0.12051448014885496,0.0,0.16684731105048717,0.15277113100259856,0.0,0.0,0.0,0.0,0.0,0.0,0.0,0.26918132039348713,0.09535153395575366,0.0,0.16471960020688237,0.0,0.0,0.0,0.0,0.17232626568485868,0.0,0.0,0.0,0.0646949289715805,0.07418528565161919,0.0,0.0,0.0,0.12051448014885496,0.0,0.0,0.0,0.0,0.11764748882424692,0.29621527655985147,0.0,0.0,0.1792890646468635,0.13293186950039362,0.0
23.0,5.0,0.0,1,0.0,0.0,0.0,0.0,0.0,1.0,0.0,0.0,1.0,0.0,0.0,0.0,0.0,0.0,0.0,0.0,0.0,0.0,0.0,0.0,0.0,0.0,0.0,0.0,0.0,0.0,0.0,0.0,0.0,0.0,0.0,0.0,0.0,0.0,0.7276516514579515,0.0,0.0,0.0,0.0,0.0,0.0,0.0,0.0,0.0,0.0,0.0,0.0,0.0,0.0,0.0,0.0,0.0,0.0,0.0,0.0,0.0,0.0,0.0,0.0,0.0,0.0,0.0,0.0,0.0,0.685946844974533,0.0,0.0,0.0,0.0,0.0,0.0,0.0,0.0,0.0,0.0,0.0,0.0,0.0,0.0,0.08841641113765933,0.0,0.0,0.0,0.0,0.0,0.0,0.0,0.0,0.0,0.0,0.0,0.0,0.0,0.0,0.0,0.0,0.0,0.0,0.0,0.0,0.0,0.0,0.13886629767480438,0.2653831278686184,0.0,0.0,0.0,0.0,0.0,0.0,0.31781046457741585,0.39071618015179216,0.27275219682518115,0.0,0.0,0.25549947292703473,0.0,0.0,0.0,0.0,0.0,0.4605363636207568,0.0,0.0,0.0,0.0,0.0,0.0,0.0,0.177005183008572,0.0,0.0,0.0,0.0,0.0,0.0,0.0,0.0,0.0,0.0,0.0,0.22838783939203264,0.0,0.0,0.0,0.0,0.1506707677312009,0.0,0.0,0.0,0.25706147966794846,0.0,0.1665410360814127,0.09076774357588198,0.0,0.0,0.0,0.10222839855923846,0.0,0.0,0.0,0.0,0.0,0.0,0.0,0.0,0.0,0.0,0.0,0.0,0.2414029710943779,0.14165278677471024,0.0,0.0
23.0,5.0,1.0,1,0.0,0.0,0.0,0.0,0.0,1.0,0.0,0.0,0.0,0.0,0.0,0.0,1.0,0.0,0.0,0.0,0.0,0.0,0.0,0.0,0.0,0.0,0.0,0.0,0.0,0.0,1.0,0.0,0.0,0.0,0.0,0.0,0.0,0.0,0.0,0.0,0.0,0.0,0.0,0.0,0.0,0.0,0.0,0.0,0.0,0.0,0.0,0.0,0.0,0.0,0.0,0.0,0.0,0.0,0.0,0.0,0.0,0.0,0.0,0.0,0.0,0.0,0.0,0.0,0.0,0.0,0.0,0.0,0.0,0.0,0.0,0.0,0.0,0.0,0.0,0.0,0.0,0.0,0.2578341332355738,0.1012343533111313,0.0,0.0,0.0,0.2980174036730296,0.0,0.2566458537217827,0.0,0.0,0.0,0.0,0.0,0.0,0.0,0.0,0.0,0.0,0.0,0.0,0.0,0.0,0.2907868155803745,0.0,0.0,0.0,0.26531961783197566,0.22114617805537506,0.0,0.0,0.0,0.0,0.24258948041454162,0.33551944133096784,0.0,0.0,0.0,0.0,0.0,0.0,0.0,0.0,0.0,0.0,0.2873815690450655,0.0,0.0,0.0,0.0,0.0,0.0,0.20266605491024015,0.0,0.0,0.0,0.0,0.0,0.0,0.0,0.0,0.0,0.0,0.0,0.0,0.0,0.0,0.0,0.243506899361674,0.0,0.0,0.0,0.0,0.0,0.0,0.0,0.3117796923958566,0.0,0.0,0.0,0.11704869814342779,0.13421903764257595,0.23479244322842963,0.0,0.0,0.0,0.0,0.0,0.0,0.0,0.0,0.0,0.0,0.0,0.1621885358084779,0.0,0.0
23.0,5.0,0.0,1,1.0,0.0,1.0,0.0,0.0,0.0,0.0,1.0,0.0,0.0,0.0,0.0,0.0,0.0,0.0,0.0,0.0,0.0,0.0,0.0,0.0,0.0,0.0,0.0,0.5088505094584712,0.0,0.5343864828351016,0.0,0.0,0.6749090649761522,0.0,0.0,0.0,0.0,0.0,0.0,0.0,0.0,0.0,0.0,0.0,0.0,0.0,0.0,0.0,0.0,0.0,0.0,0.0,0.0,0.0,0.0,0.0,0.0,0.0,0.0,0.0,0.0,0.0,0.0,0.0,0.0,0.0,0.0,0.0,0.0,0.0,0.0,0.0,0.0,0.0,0.0,0.0,0.0,0.0,0.0,0.0,0.0,0.0,0.14657283662535037,0.0,0.0,0.0,0.0,0.0,0.0,0.0,0.0,0.0,0.10711536942499704,0.0,0.0,0.17628154776467464,0.0,0.2185300390781916,0.0,0.19207239304659307,0.40579212026462635,0.0,0.0,0.0,0.0,0.0,0.0,0.0,0.0,0.0,0.0,0.0,0.10276067547845089,0.17561740218040955,0.16192802360838304,0.0,0.0,0.0,0.0,0.0,0.0,0.0,0.0,0.0,0.0,0.20804366497665788,0.15839998293672067,0.22770081622804103,0.0,0.0,0.25110359171851837,0.0,0.0,0.12758644659669244,0.1192014448577688,0.20804366497665788,0.0,0.0,0.0,0.0,0.0,0.0,0.0,0.20684575878722805,0.0,0.0,0.0,0.0,0.17628154776467464,0.124887685095573,0.0,0.0,0.0,0.0,0.0,0.1380422014357261,0.3009415441955847,0.0,0.0,0.0,0.2542046126001208,0.19432993280388636,0.0,0.0,0.0,0.0,0.0,0.0,0.0,0.13526404008820878,0.0,0.0,0.0,0.0,0.11741287904758564,0.0,0.16865149590382048
23.0,2.0,10.0,0,1.0,0.0,0.0,0.0,0.0,1.0,0.0,0.0,0.0,0.0,0.0,0.0,1.0,0.0,0.0,0.0,0.0,0.0,0.0,0.0,0.0,0.0,0.0,0.0,0.0,0.0,0.0,0.5308908074592517,0.0,0.0,0.0,0.0,0.5264348755917408,0.0,0.0,0.0,0.0,0.0,0.0,0.0,0.0,0.0,0.0,0.0,0.0,0.0,0.0,0.0,0.0,0.0,0.0,0.0,0.0,0.0,0.0,0.0,0.0,0.0,0.0,0.0,0.0,0.0,0.0,0.0,0.0,0.0,0.0,0.0,0.6640943248635485,0.0,0.0,0.0,0.0,0.0,0.0,0.0,0.0,0.16798564858881682,0.20279703256980622,0.1592498726835614,0.1685587292070596,0.0,0.0,0.23440280912624284,0.0,0.0,0.0,0.0,0.0,0.0,0.0,0.2018624024018131,0.0,0.2162487257339413,0.0,0.0,0.0,0.0,0.0,0.0,0.0,0.0,0.0,0.0,0.0,0.0,0.2300944927011232,0.0,0.20279703256980622,0.0,0.09540324654333326,0.35186624939857036,0.0,0.0,0.0,0.0,0.18395225673063392,0.0,0.0,0.20971622881593988,0.0,0.1382480098605395,0.0,0.0,0.0,0.0,0.0,0.1364107290690276,0.0,0.0,0.13862135607435716,0.0,0.0,0.0,0.0,0.0,0.0,0.0,0.0,0.0,0.0,0.0,0.0,0.0,0.0,0.0,0.13568917958550947,0.0,0.0,0.0,0.0,0.0,0.0,0.08174246965152276,0.0,0.0,0.0,0.09206356176262505,0.10556873214075305,0.0,0.36934761242830416,0.0,0.17149709355656947,0.0,0.16685344637366728,0.0,0.0,0.0,0.0,0.0,0.0,0.0,0.0,0.3664762157701249
23.0,5.0,6.0,1,0.0,0.0,1.0,0.0,0.0,0.0,0.0,1.0,0.0,0.0,0.0,0.0,0.0,0.0,0.0,0.0,0.0,0.0,0.0,0.0,0.0,0.0,0.0,0.0,0.0,0.0,0.0,0.0,0.0,0.0,0.0,0.0,0.0,0.7118501608490141,0.0,0.0,0.0,0.0,0.0,0.7023313665921754,0.0,0.0,0.0,0.0,0.0,0.0,0.0,0.0,0.0,0.0,0.0,0.0,0.0,0.0,0.0,0.0,0.0,0.0,0.0,0.0,0.0,0.0,0.0,0.0,0.0,0.0,0.0,0.0,0.0,0.0,0.0,0.0,0.0,0.0,0.0,0.0,0.0,0.0,0.0,0.06825799987451835,0.0,0.0,0.0,0.0,0.0,0.17304533568063873,0.0,0.0,0.0,0.0997658371238192,0.0,0.0,0.0,0.0,0.0,0.0,0.0,0.2519662727130694,0.16994391293628666,0.14351743181603419,0.19606512781678756,0.0,0.1072056149678341,0.0,0.0,0.0,0.0,0.0,0.0,0.0,0.0,0.22622642645705004,0.0,0.0,0.0,0.0,0.0,0.0,0.0,0.17977798134441506,0.0,0.3555368358176605,0.0,0.1475316472595086,0.0,0.0,0.0,0.0,0.0,0.0,0.0,0.22204529558068895,0.0,0.0,0.0,0.0,0.0,0.0,0.0,0.0,0.0,0.1763167822802854,0.0,0.14207907403963815,0.0,0.0,0.0,0.0,0.0,0.0,0.0,0.0,0.12857067905921077,0.3503662131211496,0.0,0.0,0.0,0.07892093703243064,0.36199265387345775,0.0,0.0,0.0,0.0,0.0,0.0,0.20222408749796086,0.37794940906960406,0.0,0.0,0.0,0.0,0.0,0.0,0.0
23.0,3.0,1.0,1,0.0,0.0,0.0,0.0,0.0,1.0,0.0,0.0,1.0,0.0,0.0,0.0,0.0,0.0,0.0,0.0,0.0,0.0,0.0,0.0,0.0,0.0,0.0,0.0,0.34269510465244135,0.0,0.0,0.0,0.0,0.0,0.0,0.5117048672409134,0.0,0.0,0.0,0.0,0.0,0.3630905968243559,0.0,0.0,0.0,0.0,0.0,0.0,0.0,0.0,0.0,0.0,0.0,0.0,0.0,0.0,0.0,0.0,0.3630905968243559,0.0,0.0,0.0,0.0,0.0,0.4635206556435867,0.0,0.0,0.0,0.0,0.37709048367257575,0.0,0.0,0.0,0.0,0.0,0.0,0.0,0.0,0.0,0.0,0.1473092518342479,0.1101108164569257,0.13292889612231842,0.15657706758721085,0.11048645791975573,0.0,0.0,0.0,0.0,0.0,0.2763012103087078,0.0,0.0,0.07628430489685092,0.0,0.0,0.0,0.0,0.0,0.0,0.0,0.0,0.1299448152147104,0.10973824148921503,0.0,0.1293707173294629,0.0,0.0,0.0,0.0,0.0,0.0,0.0,0.07318302445003882,0.0625346835147865,0.0,0.0,0.12249854495163617,0.3092546385199189,0.0,0.0,0.1276905209662741,0.15462731925995946,0.0,0.0,0.09061846275064787,0.0,0.0,0.324323177591509,0.0,0.0,0.0,0.0,0.10448645655487795,0.2725895484037764,0.08489163985045417,0.0,0.0,0.0,0.13955502919760565,0.0,0.0,0.0,0.0,0.0,0.0,0.14326765883190776,0.0,0.0,0.12554235129427693,0.0,0.0,0.0,0.0,0.0,0.0,0.09830945306433306,0.42864281077086447,0.0,0.0,0.0,0.12069119042934845,0.1383958616226061,0.24209905728580297,0.0,0.0,0.0,0.0,0.0,0.0,0.19266186227166757,0.0,0.1381506051543539,0.0,0.1425005789251361,0.0,0.0,0.0
23.0,4.0,0.0,1,1.0,0.0,1.0,0.0,0.0,0.0,0.0,1.0,0.0,0.0,0.0,0.0,0.0,0.0,0.0,0.0,0.0,0.0,0.0,0.0,0.0,0.0,0.0,0.0,0.0,0.0,0.0,0.0,0.0,0.0,0.0,0.0,0.0,1.0,0.0,0.0,0.0,0.0,0.0,0.0,0.0,0.0,0.0,0.0,0.0,0.0,0.0,0.0,0.0,0.0,0.0,0.0,0.0,0.0,0.0,0.0,0.0,0.0,0.0,0.0,0.0,0.0,0.0,0.0,0.0,0.0,0.0,0.0,0.0,0.0,0.0,0.0,0.0,0.0,0.0,0.0,0.0,0.0,0.0,0.14978033728374412,0.0,0.0,0.0,0.0,0.0,0.0,0.0,0.0,0.0,0.0,0.0,0.0,0.0,0.0,0.0,0.0,0.0,0.27644813340904895,0.0,0.0,0.0,0.37126489801172374,0.23524412080799642,0.0,0.0,0.3271947521247504,0.0,0.0,0.0,0.0,0.35892098886932905,0.1654715467760752,0.0,0.0,0.0,0.0,0.0,0.0,0.0,0.0,0.4251927031964214,0.0,0.0,0.0,0.0,0.0,0.0,0.0,0.0,0.0,0.0,0.24361993704389165,0.0,0.0,0.0,0.0,0.0,0.0,0.0,0.34203821066626755,0.0,0.0,0.0,0.0,0.0,0.0,0.0,0.0,0.0,0.0,0.0,0.0,0.0,0.0,0.0,0.0,0.0,0.17317830275128618,0.0,0.0,0.0,0.0,0.0,0.0,0.0,0.0,0.0,0.0,0.0,0.0,0.0,0.2399645258985352,0.0,0.0
23.0,5.0,0.0,1,1.0,0.0,1.0,0.0,0.0,0.0,0.0,1.0,0.0,0.0,0.0,0.0,0.0,0.0,0.0,0.0,0.0,0.0,0.0,0.0,0.0,0.0,0.0,0.0,0.0,0.0,0.0,0.0,0.0,0.0,0.0,0.0,0.0,0.0,0.0,0.0,0.0,0.0,0.0,0.0,0.0,0.0,0.7832263602269648,0.0,0.0,0.0,0.6217366553820203,0.0,0.0,0.0,0.0,0.0,0.0,0.0,0.0,0.0,0.0,0.0,0.0,0.0,0.0,0.0,0.0,0.0,0.0,0.0,0.0,0.0,0.0,0.0,0.0,0.0,0.0,0.0,0.0,0.0,0.0,0.0,0.0,0.0,0.0,0.0,0.0,0.0,0.0,0.0,0.0,0.0,0.30550878439582635,0.16528267096045526,0.0,0.0,0.0,0.0,0.0,0.0,0.0,0.20871703053160487,0.0,0.0,0.0,0.28030323843412747,0.0,0.0,0.0,0.0,0.0,0.23305640689943086,0.0,0.15856322957156613,0.135491822767036,0.4997209343348525,0.0,0.0,0.0,0.0,0.0,0.0,0.0,0.0,0.0,0.0,0.32101847576431575,0.0,0.0,0.2686560199601685,0.0,0.0,0.0,0.0,0.0,0.0,0.0,0.0,0.0,0.0,0.0,0.0,0.0,0.0,0.0,0.0,0.0,0.0,0.0,0.0,0.0,0.0,0.0,0.0,0.0,0.28668526324344273,0.0,0.0,0.0,0.0,0.0,0.130748797819767,0.14992885948025575,0.0,0.0,0.0,0.0,0.0,0.23696549544424136,0.0,0.0,0.2377662047830975,0.0,0.0,0.0,0.0,0.0,0.0
23.0,5.0,9.0,1,1.0,0.0,0.0,0.0,0.0,0.0,0.0,0.0,0.0,0.0,0.0,0.0,0.0,0.0,0.0,0.0,0.0,1.0,0.0,0.0,0.0,0.0,0.0,0.0,0.0,0.7241604986406702,0.0,0.0,0.0,0.0,0.0,0.0,0.0,0.0,0.0,0.0,0.0,0.0,0.0,0.0,0.0,0.0,0.0,0.0,0.0,0.0,0.0,0.0,0.0,0.0,0.0,0.0,0.0,0.6896314756509421,0.0,0.0,0.0,0.0,0.0,0.0,0.0,0.0,0.0,0.0,0.0,0.0,0.0,0.0,0.0,0.0,0.0,0.0,0.0,0.0,0.0,0.0,0.0,0.0,0.0,0.08421146569459505,0.08913399679979822,0.18395972491240592,0.0,0.0,0.0,0.0,0.0,0.0,0.11375379732101497,0.06154170489825198,0.0,0.0,0.101280208897912,0.0,0.0,0.0,0.0,0.0,0.0,0.0,0.0,0.0,0.06613101749046402,0.0,0.0,0.0,0.0,0.0,0.1072392402168669,0.0,0.15134794938394106,0.0,0.0,0.0,0.0,0.0,0.29182232103688527,0.0,0.0,0.0,0.0,0.0,0.11952870913552036,0.0,0.0,0.0,0.11952870913552036,0.0721341074739641,0.12809382053983218,0.08429354745853851,0.0,0.0,0.0,0.1231772184897983,0.0,0.0,0.1255535153222846,0.0,0.3869432642675275,0.0,0.0,0.0,0.0,0.0,0.0,0.0,0.21525765451313397,0.0,0.0,0.1263809618648593,0.0,0.10674500700334666,0.07931030317933058,0.21612743115119779,0.2675392421310208,0.24790480251968092,0.2263293352152544,0.0,0.11164966747267736,0.0,0.0976556629818812,0.0,0.0906878063221999,0.0,0.08823224181309786,0.37423276769598174,0.0777141476815114,0.0,0.0,0.0,0.11496111274657249,0.06745800152106293,0.200063919628735,0.09689646450623685
23.0,5.0,1.0,1,1.0,0.0,0.0,0.0,0.0,0.0,0.0,0.0,0.0,0.0,0.0,0.0,0.0,0.0,0.0,0.0,0.0,1.0,0.0,0.0,0.0,0.0,0.0,0.0,0.0,0.0,0.0,0.0,0.0,0.0,0.0,0.0,0.0,0.0,0.0,0.0,0.0,0.0,0.0,0.0,0.0,0.0,0.0,0.0,0.0,0.0,0.0,0.0,0.0,0.0,0.0,0.0,0.0,0.0,0.0,0.0,0.0,0.0,0.0,0.0,0.0,0.0,0.0,0.0,0.0,0.0,0.0,0.0,0.0,0.0,0.0,0.0,0.0,0.0,0.0,0.0,0.0,0.0,0.0,0.06365406882371212,0.5389994362433761,0.27810429123351565,0.0,0.0,0.0,0.0,0.0,0.18175987006833272,0.0,0.09303673524289087,0.0,0.0,0.1531121049726941,0.0,0.0,0.0,0.0,0.0,0.0,0.0,0.0,0.0,0.0,0.0,0.0,0.0,0.0,0.0,0.0,0.0,0.0762676254510033,0.07032256314723591,0.0,0.0,0.0,0.0,0.14705581125927808,0.0,0.0,0.0,0.0,0.0,0.0,0.0,0.0,0.15122504286261904,0.0,0.0,0.0,0.12743222617166813,0.11081721060495738,0.0,0.0,0.0,0.0,0.0,0.1898076951746168,0.0,0.0,0.0,0.0,0.0,0.0,0.0,0.0,0.0,0.21694631789456062,0.1693390303138298,0.0,0.0,0.0,0.0,0.11989872056889293,0.06534687533920189,0.0,0.1873871833384958,0.5132359220369734,0.07359780196796514,0.08439415652999999,0.0,0.0,0.0,0.0,0.0,0.0,0.0,0.0,0.0,0.0,0.1652139581742527,0.0,0.10198079884049371,0.0,0.0
23.0,4.0,0.0,1,1.0,0.0,0.0,0.0,0.0,0.0,0.0,0.0,0.0,0.0,0.0,0.0,0.0,0.0,0.0,0.0,0.0,0.0,0.0,1.0,0.0,0.0,0.0,0.0,0.0,0.0,0.0,0.0,0.0,0.0,0.0,0.0,0.0,0.0,0.0,0.0,0.0,0.0,0.0,0.0,0.0,0.0,0.0,0.0,0.0,0.0,0.0,0.0,0.0,0.0,0.0,0.0,0.0,0.0,0.0,0.0,0.0,0.0,0.0,0.0,0.0,0.0,0.0,0.0,0.0,0.0,0.0,0.0,0.0,0.0,0.0,0.0,0.0,0.0,0.0,0.16251967717444363,0.0,0.0,0.14997489381239357,0.29442593960457986,0.0,0.0,0.1492837049008873,0.0,0.12056569568784598,0.1492837049008873,0.0,0.0,0.0,0.17213308558479187,0.0,0.0,0.0,0.0,0.0,0.0,0.0,0.0,0.0,0.12381040988529335,0.0,0.0,0.09248473138919117,0.0,0.0,0.0,0.0,0.0,0.14997489381239357,0.0,0.21166125936436841,0.2602163489327738,0.0,0.0,0.17445579150200977,0.0,0.0,0.14406478110782167,0.0,0.15509186080708473,0.0,0.0,0.0,0.12727341541107168,0.0,0.0,0.16716180964990313,0.2017601968604402,0.0,0.0,0.0,0.09577763032363146,0.0,0.0,0.0,0.0,0.0,0.32154798265737905,0.0,0.0,0.16619929936900427,0.0,0.0,0.2451391189262521,0.1900210802097037,0.0,0.10034648950212216,0.0,0.0,0.0,0.0,0.0,0.0,0.18135351465357455,0.0,0.0,0.0,0.13616789875451205,0.07807145495222463,0.13657218809335592,0.0,0.0,0.2536551750226156,0.0,0.0,0.0,0.0,0.0,0.15586620323000974,0.0,0.16077399132868953,0.0,0.13989545730337785,0.0
23.0,5.0,0.0,1,1.0,0.0,1.0,0.0,0.0,0.0,0.0,1.0,0.0,0.0,0.0,0.0,0.0,0.0,0.0,0.0,0.0,0.0,0.0,0.0,0.0,0.0,0.0,0.0,0.0,0.0,0.0,0.0,0.0,0.0,0.0,0.0,0.0,0.0,0.5803446480081599,0.0,0.0,0.0,0.0,0.0,0.0,0.0,0.0,0.0,0.0,0.0,0.0,0.0,0.0,0.5939628107331737,0.0,0.5571429520277835,0.0,0.0,0.0,0.0,0.0,0.0,0.0,0.0,0.0,0.0,0.0,0.0,0.0,0.0,0.0,0.0,0.0,0.0,0.0,0.0,0.0,0.0,0.0,0.0,0.0,0.0,0.0,0.25516935950224223,0.0,0.0,0.0,0.0,0.10449035634539366,0.1293793183265046,0.0,0.0,0.0,0.07459106567988813,0.12174146267023646,0.0,0.0,0.0,0.15217600037615106,0.0,0.13375190284960461,0.4709636419361526,0.0,0.2146048886356272,0.0,0.0,0.0,0.0,0.0,0.0,0.1474740628376016,0.10517694113446034,0.0,0.21467586776022582,0.18343991040999885,0.33828153445836023,0.0,0.0,0.0,0.0,0.0,0.0,0.0,0.0,0.0,0.17721411281085428,0.0,0.0,0.0,0.0,0.0,0.08742949122463121,0.0,0.0,0.08884634454461891,0.0,0.0,0.0,0.1099173337646082,0.0,0.0,0.139337574831408,0.0,0.0,0.0,0.0,0.0,0.10622703972578698,0.0,0.0,0.0,0.0,0.0,0.0,0.0,0.1293793183265046,0.2883820025780267,0.05239105884010827,0.0,0.0,0.0,0.2360245537918258,0.27064793519650104,0.0,0.0,0.0,0.1099173337646082,0.0,0.0,0.0,0.0,0.0,0.0,0.1324582722430776,0.0,0.0,0.0,0.0
23.0,5.0,0.0,1,1.0,0.0,1.0,0.0,0.0,0.0,0.0,1.0,0.0,0.0,0.0,0.0,0.0,0.0,0.0,0.0,0.0,0.0,0.0,0.0,0.0,0.0,0.0,0.0,0.0,0.0,0.0,0.0,0.0,0.0,0.0,0.0,0.0,0.4351359087425824,0.0,0.0,0.0,0.0,0.0,0.0,0.0,0.0,0.0,0.0,0.0,0.0,0.0,0.0,0.0,0.0,0.0,0.0,0.0,0.0,0.0,0.0,0.0,0.0,0.0,0.0,0.0,0.0,0.0,0.0,0.5918280919514907,0.0,0.0,0.0,0.0,0.0,0.6785250551746965,0.0,0.0,0.0,0.0,0.0,0.0,0.12764508377953,0.0,0.24201428528372426,0.12808054314253237,0.0,0.0,0.0,0.0,0.0,0.0,0.17276383843456578,0.0,0.08843197065413544,0.0,0.0,0.14553396718392275,0.0,0.0,0.0,0.0,0.33501258562197067,0.0,0.0,0.0,0.0,0.09502655488198768,0.0,0.0,0.13216989212350194,0.1748389284725992,0.0,0.0,0.0,0.07249283197799096,0.13368402973996535,0.0,0.0,0.17925048380022454,0.0,0.0,0.0,0.0,0.0,0.0,0.10504872856249838,0.0,0.0,0.0,0.0,0.0,0.2073053155042194,0.0,0.12112508952279902,0.31599725497481573,0.09840995489423013,0.0,0.17699873912750946,0.0,0.1617780520295352,0.0,0.0,0.0,0.0,0.0,0.0,0.0,0.0,0.0,0.14553396718392275,0.10310438327123313,0.0,0.0,0.0,0.0,0.0,0.11396444760379652,0.4969007519233487,0.0,0.0,0.0,0.06995514886510687,0.08021714814215544,0.0,0.0,0.0,0.0,0.0,0.0,0.0,0.22334172374798045,0.0,0.0,0.0,0.1651926570051915,0.09693335634363784,0.0,0.0
23.0,5.0,0.0,1,1.0,0.0,0.0,0.0,0.0,1.0,0.0,0.0,1.0,0.0,0.0,0.0,0.0,0.0,0.0,0.0,0.0,0.0,0.0,0.0,0.0,0.0,0.0,0.0,0.0,0.0,0.0,0.0,0.0,0.0,0.0,0.0,0.0,0.0,0.0,0.0,0.0,0.0,1.0,0.0,0.0,0.0,0.0,0.0,0.0,0.0,0.0,0.0,0.0,0.0,0.0,0.0,0.0,0.0,0.0,0.0,0.0,0.0,0.0,0.0,0.0,0.0,0.0,0.0,0.0,0.0,0.0,0.0,0.0,0.0,0.0,0.0,0.0,0.0,0.0,0.0,0.0,0.0,0.0,0.1677256597695023,0.0,0.0,0.0,0.0,0.3434133704722402,0.0,0.0,0.0,0.0,0.0,0.0,0.0,0.0,0.0,0.0,0.0,0.0,0.0,0.0,0.0,0.0,0.0,0.0,0.0,0.4395830713107068,0.0,0.0,0.0,0.0,0.0,0.20096182434543103,0.3705936955332178,0.0,0.0,0.0,0.0,0.0,0.0,0.0,0.0,0.0,0.0,0.0,0.0,0.0,0.0,0.0,0.0,0.0,0.0,0.0,0.0,0.0,0.0,0.0,0.0,0.0,0.0,0.0,0.0,0.0,0.0,0.0,0.0,0.0,0.0,0.5716439651988825,0.0,0.0,0.0,0.0,0.0,0.0,0.3443722603341315,0.0,0.0,0.0,0.1939269573929217,0.0,0.0,0.0,0.0,0.0,0.0,0.0,0.0,0.0,0.0,0.0,0.0,0.0,0.0,0.0,0.0
23.0,4.0,0.0,1,0.0,0.0,0.0,0.0,0.0,1.0,0.0,0.0,0.0,0.0,0.0,0.0,1.0,0.0,0.0,0.0,0.0,0.0,0.0,0.0,0.0,0.0,0.0,0.0,0.0,0.0,0.0,0.0,0.0,0.0,0.0,0.0,0.0,0.0,0.0,0.0,0.0,0.0,0.0,0.0,0.0,0.0,0.0,0.0,0.0,0.0,0.0,0.7839986331015968,0.0,0.0,0.0,0.0,0.0,0.0,0.0,0.0,0.0,0.0,0.0,0.0,0.0,0.0,0.0,0.0,0.0,0.0,0.0,0.0,0.0,0.6207625498488354,0.0,0.0,0.0,0.0,0.0,0.0,0.2529730668505074,0.0,0.0,0.2688886169251933,0.0,0.0,0.22722572720199208,0.0,0.0,0.0,0.0,0.25593106080162475,0.242145183591072,0.0,0.0,0.22722572720199208,0.0,0.0,0.0,0.0,0.0,0.0,0.0,0.0,0.0,0.0,0.14077162915364488,0.0,0.0,0.0,0.0,0.0,0.0,0.3770299673509949,0.1073903402283353,0.1980385238809323,0.0,0.0,0.0,0.0,0.0,0.0,0.0,0.0,0.0,0.15561840244157873,0.0,0.0,0.0,0.0,0.0,0.15355027356290551,0.27267047274007206,0.0,0.0,0.0,0.2544381101964094,0.0,0.0,0.0,0.0,0.0,0.0,0.0,0.0,0.0,0.0,0.0,0.0,0.0,0.0,0.0,0.0,0.0,0.0,0.0,0.0,0.09201313314840048,0.0,0.0,0.0,0.10363103540538311,0.0,0.0,0.0,0.27267047274007206,0.0,0.0,0.18781801483243718,0.0,0.1654283813036876,0.0,0.0,0.0,0.24471516914108363,0.14359635060716278,0.0,0.0
23.0,4.0,2.0,1,0.0,0.0,0.0,0.0,0.0,1.0,0.0,0.0,0.0,0.0,0.0,0.0,1.0,0.0,0.0,0.0,0.0,0.0,0.0,0.0,0.0,0.0,0.0,0.0,0.0,0.0,0.0,0.0,0.0,0.0,0.0,0.0,0.0,0.0,0.0,0.0,0.0,0.7071067811865475,0.0,0.0,0.0,0.0,0.0,0.0,0.0,0.0,0.0,0.0,0.0,0.0,0.0,0.0,0.0,0.0,0.7071067811865475,0.0,0.0,0.0,0.0,0.0,0.0,0.0,0.0,0.0,0.0,0.0,0.0,0.0,0.0,0.0,0.0,0.0,0.0,0.0,0.0,0.0,0.0,0.0,0.0,0.14031111933866075,0.0,0.3065092704751303,0.0,0.0,0.0,0.0,0.0,0.0,0.0,0.0,0.0,0.0,0.0,0.0,0.0,0.0,0.0,0.0,0.0,0.0,0.0,0.0,0.0,0.0,0.0,0.0,0.0,0.0,0.0,0.0,0.3362297522871199,0.0,0.0,0.0,0.0,0.0,0.0,0.0,0.0,0.0,0.0,0.2436137961431079,0.0,0.0,0.0,0.0,0.0,0.0,0.0,0.0,0.0,0.0,0.0,0.0,0.3022036847472242,0.0,0.0,0.0,0.0,0.32041431515981283,0.0,0.0,0.0,0.0,0.0,0.0,0.0,0.0,0.0,0.0,0.40793992299580556,0.0,0.0,0.4321275949941376,0.0,0.0,0.0,0.1622298490233112,0.18602799141027296,0.0,0.3254230352061481,0.0,0.0,0.0,0.0,0.0,0.0,0.0,0.0,0.0,0.0,0.0,0.0,0.0
23.0,5.0,98.0,1,0.0,0.0,1.0,0.0,0.0,0.0,0.0,1.0,0.0,0.0,0.0,0.0,0.0,0.0,0.0,0.0,0.0,0.0,0.0,0.0,0.0,0.0,0.0,0.0,0.0,0.0,0.45422422137281127,0.0,0.0,0.0,0.0,0.0,0.0,0.4141672180654531,0.0,0.0,0.5290600515214452,0.0,0.0,0.0,0.0,0.0,0.0,0.0,0.0,0.0,0.0,0.0,0.0,0.0,0.0,0.0,0.0,0.0,0.0,0.0,0.0,0.0,0.0,0.0,0.0,0.0,0.0,0.5850139605875336,0.0,0.0,0.0,0.0,0.0,0.0,0.0,0.0,0.0,0.0,0.0,0.0,0.0,0.0,0.0,0.21453954278320173,0.0,0.0,0.0,0.0,0.14642114110228552,0.0,0.0,0.0,0.1932016221766495,0.0,0.5117847571898858,0.0,0.1720162413413483,0.0,0.0,0.0,0.0,0.1319911928370405,0.17804843118347358,0.0,0.2054153503612333,0.17726181089666052,0.11231818327166881,0.0,0.18742501150159474,0.0,0.0,0.0,0.0,0.10027427928587433,0.2570522481246866,0.23701502235047534,0.0,0.0,0.0,0.0,0.0,0.0,0.0,0.0,0.0,0.0,0.0,0.0,0.22219136974104614,0.0,0.0,0.12251394596442201,0.0,0.0,0.0,0.0,0.0,0.0,0.15402590248170978,0.0,0.0,0.0,0.0,0.0,0.0,0.0,0.0,0.0,0.0,0.0,0.12186590401759198,0.19024663995161256,0.0,0.21464783962886905,0.0,0.0,0.0,0.29365996584674525,0.0,0.0,0.0,0.082684626847577,0.0,0.0,0.0,0.0,0.0,0.0,0.0,0.0,0.0,0.15036168781111958,0.0,0.0,0.0,0.0,0.0,0.0
23.0,5.0,1.0,1,1.0,0.0,1.0,0.0,0.0,0.0,0.0,1.0,0.0,0.0,0.0,0.0,0.0,0.0,0.0,0.0,0.0,0.0,0.0,0.0,0.0,0.0,0.0,0.0,0.0,0.0,0.0,0.0,0.0,0.0,0.0,0.0,0.0,0.0,0.0,0.6269739119122976,0.588854594274172,0.5100529193952239,0.0,0.0,0.0,0.0,0.0,0.0,0.0,0.0,0.0,0.0,0.0,0.0,0.0,0.0,0.0,0.0,0.0,0.0,0.0,0.0,0.0,0.0,0.0,0.0,0.0,0.0,0.0,0.0,0.0,0.0,0.0,0.0,0.0,0.0,0.0,0.0,0.0,0.0,0.0,0.0,0.0,0.24937387132723288,0.0,0.13618914120338085,0.1580510172914949,0.0,0.0,0.1580510172914949,0.0,0.0,0.0,0.18224232379724795,0.1487205394994236,0.0,0.0,0.0,0.0,0.0,0.16339260852112986,0.2301334824704121,0.31043666350704846,0.0,0.0,0.0,0.09791628556979519,0.18712481407577586,0.0,0.0,0.0,0.0,0.0,0.08741670030499585,0.07469731851833783,0.48212263160949553,0.0,0.0,0.0,0.0,0.14402801593270742,0.0,0.0,0.0,0.0,0.0,0.0,0.0,0.0,0.0,0.0,0.0,0.0,0.0,0.2170710948170298,0.0,0.0,0.0,0.0,0.0,0.0,0.0,0.0,0.14236747339889988,0.0,0.0,0.17113239155696885,0.0,0.0,0.0,0.0,0.0,0.0,0.0,0.0,0.0,0.0,0.3200071021305323,0.0,0.0,0.0,0.0,0.0826565289548416,0.0,0.0,0.0,0.13427607011828085,0.0,0.0,0.18470144037215472,0.0,0.0,0.0,0.0,0.17021611903579123,0.19976214465039924,0.0,0.0
23.0,3.0,0.0,0,1.0,0.0,0.0,0.0,0.0,1.0,0.0,0.0,0.0,0.0,0.0,0.0,1.0,0.0,0.0,0.0,0.0,0.0,0.0,0.0,0.0,0.0,0.0,0.0,0.0,0.0,0.0,0.0,0.0,0.0,0.0,0.0,0.0,0.0,0.0,0.0,0.0,0.0,0.0,0.0,0.0,0.0,0.0,0.0,0.0,0.0,0.0,0.0,0.0,0.0,0.0,0.0,0.0,0.0,0.0,0.0,0.0,0.0,0.0,0.0,0.0,0.0,0.0,0.0,0.0,0.0,0.0,0.0,1.0,0.0,0.0,0.0,0.0,0.0,0.0,0.0,0.0,0.0,0.0,0.16938028814935857,0.0,0.37001079314476226,0.0,0.0,0.0,0.0,0.0,0.0,0.0,0.24756609145535283,0.0,0.0,0.0,0.0,0.0,0.0,0.0,0.0,0.4217109935142362,0.0,0.0,0.0,0.0,0.0,0.0,0.0,0.0,0.0,0.0,0.0,0.0,0.18712481746089352,0.0,0.0,0.0,0.0,0.0,0.0,0.0,0.0,0.0,0.29408485359085274,0.0,0.0,0.0,0.0,0.0,0.0,0.0,0.0,0.0,0.0,0.0,0.0,0.0,0.0,0.5050687677276328,0.0,0.0,0.0,0.0,0.0,0.0,0.0,0.0,0.0,0.0,0.0,0.0,0.0,0.0,0.0,0.0,0.3477695229591059,0.0,0.0,0.0,0.0,0.0,0.0,0.0,0.0,0.0,0.0,0.0,0.0,0.3126235749254051,0.0,0.0,0.0,0.0,0.0,0.0,0.0
23.0,2.0,0.0,0,0.0,0.0,0.0,0.0,0.0,0.0,0.0,0.0,0.0,0.0,0.0,0.0,0.0,0.0,0.0,0.0,0.0,0.0,0.0,1.0,0.0,0.0,0.0,0.0,0.0,0.0,0.0,0.3987766879754531,0.0,0.0,0.0,0.0,0.3954296310533823,0.0,0.0,0.0,0.46850358973097744,0.0,0.0,0.0,0.0,0.0,0.0,0.0,0.0,0.0,0.0,0.0,0.0,0.0,0.3954296310533823,0.0,0.5556548868735772,0.0,0.0,0.0,0.0,0.0,0.0,0.0,0.0,0.0,0.0,0.0,0.0,0.0,0.0,0.0,0.0,0.0,0.0,0.0,0.0,0.0,0.0,0.0,0.16510640327684145,0.12341384292369868,0.0,0.11699593946322656,0.0,0.0,0.0,0.1722084696484346,0.0,0.0,0.0,0.0,0.0,0.08550058500171395,0.0,0.0,0.0,0.0,0.0,0.0,0.0,0.0,0.0,0.0,0.0,0.14500062665206337,0.0,0.0,0.0,0.0,0.16904328327077695,0.0,0.0,0.0,0.07008980458878115,0.1938789104823434,0.0,0.13729819350632907,0.0,0.0,0.0,0.0,0.0,0.3081440103849904,0.0,0.0,0.0,0.0,0.0,0.138975530449422,0.3321251685335413,0.20043345883242236,0.0,0.0,0.10184080847469328,0.1902956284069981,0.0,0.0,0.0,0.15641535506498555,0.0,0.1597167710665606,0.0,0.0,0.0,0.15110571379132964,0.0,0.0,0.37754307291689443,0.0,0.0,0.0,0.0,0.0,0.0,0.2966040853072768,0.0,0.24021462296368642,0.0,0.0,0.0,0.13527248364150113,0.15511614278388142,0.0,0.0,0.0,0.0,0.0,0.0,0.17330860223279146,0.0,0.0,0.0,0.1518313173551164,0.0,0.0937201626544671,0.138975530449422,0.0
23.0,3.0,0.0,0,1.0,0.0,0.0,0.0,0.0,1.0,0.0,0.0,0.0,0.0,0.0,0.0,1.0,0.0,0.0,0.0,0.0,0.0,0.0,0.0,0.0,0.0,0.0,0.0,0.0,0.0,0.0,0.0,0.0,0.0,0.0,0.0,0.0,0.0,0.0,0.0,0.0,0.0,0.0,0.0,0.0,0.0,0.0,0.0,0.0,0.0,0.0,0.0,0.0,0.0,0.0,0.0,0.0,0.0,0.0,0.0,0.0,0.0,0.0,0.0,0.0,0.0,0.0,0.0,0.0,0.0,0.0,0.0,0.0,0.0,0.0,0.0,0.0,0.0,0.0,0.0,0.0,0.0,0.0,0.10856574803645332,0.0,0.0,0.0,0.0,0.0,0.0,0.0,0.0,0.0,0.0,0.0,0.27523215369516096,0.0,0.0,0.0,0.0,0.0,0.0,0.0,0.0,0.0,0.2691050915178763,0.0,0.0,0.0,0.0,0.0,0.0,0.0,0.15222861014234773,0.0,0.11993925624871254,0.0,0.2548102293200262,0.0,0.0,0.5016246234529387,0.0,0.0,0.0,0.0,0.0,0.0,0.0,0.0,0.25792318077409443,0.0,0.18599114199613007,0.0,0.0,0.0,0.17658379718867334,0.0,0.0,0.0,0.29028956226904057,0.0,0.0,0.0,0.0,0.0,0.0,0.0,0.0,0.0,0.0,0.0,0.0,0.0,0.0,0.0,0.0,0.0,0.0,0.0,0.0,0.0,0.12552536816805054,0.0,0.0,0.5035922371936196,0.0,0.0,0.0,0.0,0.0,0.0,0.0,0.0,0.0,0.0,0.0,0.0,0.0
23.0,5.0,2.0,1,1.0,0.0,0.0,0.0,0.0,1.0,0.0,0.0,0.0,0.0,0.0,0.0,0.0,0.0,0.0,0.0,0.0,0.0,0.0,0.0,0.0,0.0,0.0,0.0,0.0,0.0,0.0,0.0,0.0,0.0,0.0,0.0,0.0,0.0,0.0,0.0,0.0,0.0,0.0,0.0,0.0,0.0,0.0,0.0,0.0,0.0,0.0,0.0,0.0,0.0,0.0,0.0,0.0,0.0,0.0,0.0,0.0,0.0,0.0,0.0,0.0,0.0,0.0,0.0,0.0,0.0,0.0,0.0,0.0,0.0,0.0,0.0,0.0,0.0,0.0,0.0,0.0,0.0,0.0,0.0,0.0,0.0,0.22945201559757714,0.0,0.0,0.0,0.0,0.0,0.0,0.26457196694497354,0.0,0.0,0.21770524658863893,0.0,0.26988154261075914,0.0,0.0,0.0,0.0,0.0,0.0,0.0,0.14215086665580398,0.2716601670384765,0.2372067197123733,0.0,0.2615427365373539,0.37305902442285105,0.0,0.12690799733909713,0.0,0.0999894224786762,0.0,0.0,0.0,0.0,0.0,0.0,0.0,0.0,0.0,0.0,0.0,0.0,0.0,0.0,0.0,0.15505471232686696,0.0,0.0,0.0,0.147212117635394,0.0,0.0,0.0,0.0,0.0,0.0,0.0,0.0,0.0,0.0,0.24844302080233005,0.0,0.0,0.21770524658863893,0.0,0.0,0.0,0.0,0.0,0.0,0.0,0.18582929954565142,0.0,0.0,0.0,0.0,0.11999737487300874,0.0,0.0,0.0,0.0,0.0,0.0,0.0,0.16704919814574098,0.0,0.23956944609869976,0.0,0.0,0.29000652773777114,0.0,0.0
23.0,3.0,16.0,0,1.0,0.0,0.0,0.0,0.0,1.0,0.0,0.0,0.0,0.0,0.0,0.0,0.0,0.0,0.0,0.0,0.0,0.0,0.0,0.0,0.0,0.0,0.0,0.0,0.0,0.0,0.0,0.5452558612405979,0.0,0.0,0.0,0.0,0.0,0.0,0.0,0.0,0.6405949395136169,0.0,0.0,0.0,0.0,0.0,0.0,0.0,0.0,0.0,0.0,0.0,0.0,0.0,0.5406793590033925,0.0,0.0,0.0,0.0,0.0,0.0,0.0,0.0,0.0,0.0,0.0,0.0,0.0,0.0,0.0,0.0,0.0,0.0,0.0,0.0,0.0,0.0,0.0,0.0,0.0,0.0,0.0,0.0,0.22608668663937118,0.15953496622795482,0.0,0.0,0.0,0.0,0.0,0.0,0.0,0.0,0.0,0.0,0.0,0.0,0.0,0.0,0.22327138203645797,0.0,0.0,0.1876315169939922,0.0,0.0,0.18680255850931513,0.0,0.0,0.0,0.0,0.21777642306035294,0.31063168109656164,0.19194032782728446,0.10567133342781299,0.2708875497625156,0.16651457470826433,0.0,0.0,0.0,0.0,0.0,0.0,0.0,0.0,0.0,0.0,0.0,0.16288660359551801,0.23415035723917782,0.17904049973822533,0.0,0.12910800382473792,0.22926654326666626,0.0,0.13120028528827832,0.24515556298155697,0.0,0.0,0.0,0.0,0.0,0.0,0.0,0.0,0.0,0.0,0.0,0.0,0.0,0.0,0.0,0.0,0.0,0.0,0.0,0.0,0.0,0.3094656016117884,0.0,0.0,0.0,0.0,0.09991712797095334,0.0,0.1747873253207268,0.0,0.0,0.0,0.0,0.0,0.0,0.0,0.19948012220356007,0.0,0.20576118987176467,0.0,0.17904049973822533,0.0
23.0,5.0,0.0,1,1.0,0.0,0.0,0.0,0.0,1.0,0.0,0.0,0.0,0.0,0.0,0.0,0.0,0.0,0.0,0.0,0.0,0.0,0.0,0.0,0.0,1.0,0.0,0.0,0.0,0.0,0.0,0.0,0.0,0.0,0.0,0.0,0.0,0.0,0.0,0.0,0.0,0.0,0.0,0.0,0.0,0.0,0.0,0.0,0.0,0.0,1.0,0.0,0.0,0.0,0.0,0.0,0.0,0.0,0.0,0.0,0.0,0.0,0.0,0.0,0.0,0.0,0.0,0.0,0.0,0.0,0.0,0.0,0.0,0.0,0.0,0.0,0.0,0.0,0.0,0.0,0.0,0.0,0.0,0.17196634524000362,0.0,0.0,0.0,0.0,0.1760480248157016,0.0,0.0,0.0,0.0,0.0,0.20511312996603076,0.0,0.0,0.0,0.0,0.0,0.0,0.0,0.0,0.0,0.0,0.21312900205996538,0.13504466750503027,0.0,0.0,0.0,0.0,0.0,0.0,0.0,0.30906425271726246,0.18998179371425594,0.0,0.0,0.0,0.0,0.0,0.0,0.0,0.0,0.0,0.0,0.24408689590840535,0.0,0.0,0.0,0.0,0.14730344291161535,0.0,0.0,0.0,0.0,0.0,0.0,0.0,0.0,0.0,0.0,0.0,0.39270215361634236,0.24268145439496056,0.0,0.0,0.0,0.0,0.0,0.0,0.0,0.0,0.0,0.0,0.0,0.0,0.26480938766204704,0.0,0.0,0.0,0.09941505119790416,0.3419959224822699,0.0,0.39884087793668416,0.0,0.0,0.0,0.0,0.0,0.0,0.1807859025535867,0.0,0.0,0.0,0.1377544718297945,0.0,0.0
23.0,5.0,1.0,1,0.0,0.0,0.0,0.0,0.0,1.0,0.0,0.0,0.0,0.0,0.0,0.0,1.0,0.0,0.0,0.0,0.0,0.0,0.0,0.0,0.0,0.0,0.0,0.0,0.0,0.0,0.0,0.0,0.0,0.0,0.0,0.0,0.0,0.0,0.0,0.0,0.0,0.0,0.0,0.0,0.0,0.0,0.0,0.0,0.0,0.0,0.0,0.0,0.0,0.0,0.0,0.0,0.0,0.0,1.0,0.0,0.0,0.0,0.0,0.0,0.0,0.0,0.0,0.0,0.0,0.0,0.0,0.0,0.0,0.0,0.0,0.0,0.0,0.0,0.24601151170502664,0.22917961690619593,0.0,0.0,0.21148939812733442,0.24911355431772342,0.0,0.18139596766406202,0.21051470747631382,0.0,0.0,0.0,0.0,0.0,0.0,0.0,0.0,0.42102941495262763,0.19973743173407116,0.0,0.0,0.24601151170502664,0.0,0.0,0.0,0.0,0.0,0.0,0.13041876330271407,0.0,0.0,0.0,0.0,0.0,0.0,0.11643393006013301,0.2984773731918102,0.183474038953235,0.0,0.0,0.0,0.0,0.0,0.0,0.0,0.0,0.0,0.14417365001454385,0.0,0.0,0.0,0.0,0.0,0.14225761897669317,0.0,0.16623757853909427,0.0,0.0,0.0,0.0,0.0,0.22203155214262554,0.0,0.0,0.0,0.0,0.0,0.0,0.0,0.0,0.0,0.0,0.14150514215760654,0.0,0.0,0.0,0.0,0.0,0.0,0.3409845891525407,0.0,0.0,0.0,0.0,0.0,0.0,0.0,0.0,0.0,0.0,0.0,0.0,0.0,0.0,0.0,0.0,0.0,0.13303574430135237,0.0,0.0
23.0,2.0,2.0,0,0.0,0.0,0.0,0.0,0.0,0.0,0.0,0.0,0.0,0.0,0.0,0.0,0.0,0.0,0.0,0.0,0.0,0.0,0.0,1.0,0.0,0.0,0.0,0.0,0.0,0.0,0.0,0.0,0.0,0.0,0.0,0.0,0.0,0.0,0.0,0.0,0.0,0.0,0.0,0.0,0.0,0.0,0.0,0.0,0.0,0.0,0.0,0.0,0.0,0.0,1.0,0.0,0.0,0.0,0.0,0.0,0.0,0.0,0.0,0.0,0.0,0.0,0.0,0.0,0.0,0.0,0.0,0.0,0.0,0.0,0.0,0.0,0.0,0.0,0.0,0.13151383355259616,0.1344914497357274,0.10052975731313568,0.12136237017466212,0.04765094871947282,0.0,0.0,0.0,0.0,0.09756392032347525,0.0,0.0,0.0,0.0,0.06964658790884228,0.0,0.0,0.0,0.0,0.0,0.0,0.0,0.0,0.0,0.10018960116599136,0.0,0.0,0.0748403010733232,0.0,0.0,0.0,0.13769833140301302,0.09820499291618791,0.0,0.06681515880214815,0.11418672133549186,0.10528586506013114,0.0,0.0,0.0,0.0,0.11008485475803532,0.0,0.0,0.12550311151339624,0.0,0.0,0.0,0.10299192726106528,0.0,0.0,0.0,0.16326796489364123,0.0,0.0953947891584333,0.16591383134976467,0.07750497386801912,0.0,0.0,0.10263115533964608,0.0,0.2841771756767188,0.13010119330038106,0.0,0.0,0.0,0.0,0.0,0.0,0.46130538434480595,0.11461854987762442,0.08120217654508524,0.0,0.0,0.0,0.0,0.0,0.0,0.48918170720394527,0.0,0.0,0.0,0.055094751242908906,0.18953045890144896,0.0,0.0,0.0,0.10263115533964608,0.0,0.09985219934985409,0.28234550209271025,0.0,0.0,0.0,0.0,0.0,0.1526840909220561,0.0,0.0
23.0,4.0,1.0,1,0.0,0.0,1.0,0.0,0.0,0.0,0.0,1.0,0.0,0.0,0.0,0.0,0.0,0.0,0.0,0.0,0.0,0.0,0.0,0.0,0.0,0.0,0.0,0.0,0.0,0.0,0.0,0.0,0.0,0.0,0.0,0.0,0.0,0.0,0.0,0.0,0.0,0.0,0.0,0.0,0.0,0.0,0.0,0.0,0.0,0.0,0.0,0.0,0.0,0.0,0.0,0.0,0.0,0.0,0.0,0.0,0.0,0.0,0.0,0.0,0.0,0.0,0.0,0.0,0.0,0.0,0.0,0.0,0.0,0.0,0.0,0.0,0.0,0.0,0.0,0.0,0.0,0.0,0.0,0.0,0.0,0.0,0.0,0.0,0.0,0.0,0.0,0.0,0.0,0.0,0.0,0.0,0.0,0.0,0.0,0.0,0.0,0.47453036195664483,0.0,0.0,0.0,0.0,0.4038026099818739,0.0,0.0,0.0,0.0,0.0,0.0,0.0,0.0,0.0,0.0,0.0,0.0,0.0,0.0,0.0,0.0,0.0,0.0,0.0,0.0,0.0,0.0,0.0,0.0,0.0,0.7821536855076003,0.0,0.0,0.0,0.0,0.0,0.0,0.0,0.0,0.0,0.0,0.0,0.0,0.0,0.0,0.0,0.0,0.0,0.0,0.0,0.0,0.0,0.0,0.0,0.0,0.0,0.0,0.0,0.0,0.0,0.0,0.0,0.0,0.0,0.0,0.0,0.0,0.0,0.0,0.0,0.0,0.0,0.0,0.0,0.0,0.0
23.0,5.0,0.0,1,0.0,0.0,0.0,0.0,0.0,1.0,0.0,0.0,0.0,0.0,0.0,0.0,1.0,0.0,0.0,0.0,0.0,0.0,0.0,0.0,0.0,0.0,0.0,0.0,0.0,0.0,0.0,0.0,0.0,0.0,0.0,0.0,0.0,0.0,0.0,0.0,0.0,0.0,1.0,0.0,0.0,0.0,0.0,0.0,0.0,0.0,0.0,0.0,0.0,0.0,0.0,0.0,0.0,0.0,0.0,0.0,0.0,0.0,0.0,0.0,0.0,0.0,0.0,0.0,0.0,0.0,0.0,0.0,0.0,0.0,0.0,0.0,0.0,0.0,0.0,0.0,0.0,0.0,0.0,0.13351252819017342,0.0,0.0,0.0,0.0,0.0,0.16923818673790528,0.0,0.0,0.0,0.0,0.0,0.0,0.0,0.0,0.0,0.0,0.0,0.0,0.16620499801023841,0.0,0.0,0.0,0.0,0.0,0.0,0.1458288830127828,0.0,0.13757959954090268,0.0,0.09360423048048613,0.0,0.2949989959197411,0.20593368866135237,0.0,0.0,0.0,0.0,0.0,0.0,0.0,0.0,0.0,0.0,0.0,0.0,0.15859502912667192,0.0,0.22872911611628122,0.0,0.0,0.0,0.21716010460467153,0.0,0.0,0.1437804009018077,0.0,0.0,0.0,0.20449223888298387,0.0,0.0,0.17243765864713878,0.0,0.0,0.43084170610609185,0.0,0.0,0.0,0.0,0.0,0.0,0.0,0.0,0.2741262796578648,0.0,0.0,0.0,0.07718460729663777,0.17701424922266945,0.0,0.3096550891082596,0.203085526237421,0.0,0.0,0.0,0.0,0.0,0.14035992261965444,0.0,0.17326569735266514,0.0,0.21390171173120293,0.0,0.0
23.0,3.0,6.0,1,0.0,0.0,1.0,0.0,0.0,0.0,0.0,1.0,0.0,0.0,0.0,0.0,0.0,0.0,0.0,0.0,0.0,0.0,0.0,0.0,0.0,0.0,0.0,0.0,0.0,0.0,0.0,0.0,0.0,0.0,0.0,0.0,0.0,0.0,0.0,0.0,0.0,0.5285748148728799,0.0,0.0,0.0,0.0,0.0,0.0,0.0,0.0,0.0,0.0,0.6747774436722342,0.0,0.5150573430146059,0.0,0.0,0.0,0.0,0.0,0.0,0.0,0.0,0.0,0.0,0.0,0.0,0.0,0.0,0.0,0.0,0.0,0.0,0.0,0.0,0.0,0.0,0.0,0.0,0.0,0.14617768867902245,0.10926499488534752,0.13190779636623484,0.20716575100832713,0.21927550168016133,0.0,0.0,0.0,0.21208290042785272,0.13129987324075745,0.1370893945873444,0.14788693276687778,0.0,0.07569832331274522,0.0,0.0,0.12457799164017444,0.0,0.0,0.0,0.0,0.09559096042099693,0.1289466378206999,0.0,0.0,0.0,0.24402998671894818,0.0,0.0,0.0,0.0,0.0,0.2638155927324697,0.0,0.06205432031350816,0.0,0.0,0.0,0.0,0.29932644579268625,0.0,0.0,0.1534395420152367,0.0,0.0,0.0,0.0,0.0,0.0,0.0,0.14702424777238668,0.08872732724041811,0.0,0.10368383877639245,0.09016521286017114,0.0,0.0,0.0,0.22309797542500312,0.0,0.0,0.0,0.0,0.0,0.0,0.0,0.0,0.10780391357093308,0.0,0.0,0.08825800083492788,0.1377808521837889,0.0,0.0,0.0,0.0,0.0,0.21267508512590658,0.0,0.0,0.0,0.11976409520247285,0.06866638355307642,0.24023936164735335,0.0,0.0,0.0,0.0,0.10852856251575684,0.0,0.19118192084199387,0.0,0.0,0.0,0.0,0.16595112591097955,0.0,0.357557525105064
23.0,5.0,0.0,1,1.0,0.0,0.0,0.0,0.0,1.0,0.0,0.0,0.0,0.0,0.0,0.0,1.0,0.0,0.0,0.0,0.0,0.0,0.0,0.0,0.0,0.0,0.0,0.0,0.0,0.0,0.0,0.0,0.0,0.0,0.0,0.0,0.0,0.0,0.0,0.0,0.0,0.0,0.0,0.0,0.0,0.0,0.0,0.0,0.0,0.0,1.0,0.0,0.0,0.0,0.0,0.0,0.0,0.0,0.0,0.0,0.0,0.0,0.0,0.0,0.0,0.0,0.0,0.0,0.0,0.0,0.0,0.0,0.0,0.0,0.0,0.0,0.0,0.0,0.0,0.0,0.0,0.10801852027835215,0.1304030169187297,0.20480244290272603,0.0,0.0,0.0,0.0,0.0,0.0,0.13552550443733985,0.0,0.0,0.07483477101129249,0.0,0.0,0.12315682923282799,0.0,0.0,0.0,0.0,0.0,0.12747563871554657,0.0,0.14706927106980608,0.0,0.08041537943780983,0.0,0.0,0.0,0.0,0.0,0.0,0.07179242026309077,0.24538566497632877,0.2828223118702287,0.0,0.0,0.0,0.0,0.11828540557380347,0.0,0.0,0.0,0.0,0.0,0.0,0.11066410464618025,0.0,0.0,0.1453470226770744,0.17543028500243557,0.15576220619673165,0.10250103295348287,0.08913662499099616,0.16655710339294447,0.0,0.0,0.11027645774290269,0.13690324199189463,0.15267319266406684,0.0,0.0,0.11692165737653785,0.0,0.0,0.0,0.0,0.0,0.12315682923282799,0.08725117008350242,0.13620907401496654,0.0,0.0,0.0,0.0,0.0,0.21024892756805205,0.0,0.0,0.0,0.11839784882451528,0.20364915091202038,0.11874937799151886,0.35624813397455657,0.0,0.0,0.14619986632264495,0.32187146697411584,0.1516891324441597,0.1890009532787208,0.10765302488017205,0.0,0.0,0.0,0.0820289932665085,0.0,0.0
23.0,3.0,0.0,0,0.0,1.0,0.0,1.0,0.0,0.0,0.0,0.0,0.0,0.0,0.0,0.0,0.0,0.0,0.0,1.0,0.0,0.0,0.0,0.0,0.0,0.0,0.0,0.0,0.0,0.0,0.0,0.0,0.0,0.0,0.0,0.0,0.0,0.0,0.0,0.0,0.0,0.0,0.0,0.0,0.0,0.0,0.0,0.0,0.0,0.0,0.0,0.0,0.0,0.0,0.0,0.0,0.0,0.0,0.0,0.0,0.0,0.0,0.0,0.0,0.0,0.0,0.0,0.0,0.0,0.0,0.0,0.0,0.0,0.0,0.0,0.0,0.0,0.0,0.0,0.0,0.0,0.0,0.0,0.05316414227711385,0.11254364114212134,0.0,0.0,0.0,0.0,0.0,0.14072287611347545,0.15180659730243218,0.0,0.07770466713054296,0.0,0.0,0.0,0.0,0.0,0.15750637550712404,0.0,0.0,0.26472859981492236,0.0,0.0,0.0,0.08349929059645825,0.0,0.0,0.23227385743339674,0.0,0.0,0.0,0.0,0.06369903708503123,0.058733696392684845,0.0,0.12477938512140367,0.0,0.0,0.12282162345531475,0.0,0.0,0.140023765654681,0.0,0.0,0.15092104730076972,0.22981609480794457,0.1651809280529245,0.0,0.15092104730076972,0.0910789978810353,0.0,0.10643192380431445,0.0,0.17294452969493557,0.0,0.0,0.0,0.0,0.0,0.0,0.0,0.0,0.0,0.13732793981986194,0.0,0.11066119899103205,0.0,0.0,0.0,0.0,0.0,0.0,0.0,0.0,0.0,0.21831192519803178,0.16890211108482955,0.0,0.428656770653049,0.0,0.14097269909151683,0.2466067782153725,0.0,0.0,0.0,0.0,0.0,0.0,0.3924981920412948,0.0,0.0,0.0,0.14515384345783644,0.0,0.0,0.0
23.0,5.0,21.0,1,0.0,0.0,0.0,0.0,0.0,1.0,0.0,0.0,0.0,0.0,0.0,0.0,1.0,0.0,0.0,0.0,0.0,0.0,0.0,0.0,0.0,0.0,0.0,0.0,0.0,0.0,0.0,0.0,0.0,0.0,0.0,0.0,0.0,0.0,0.0,0.0,0.0,0.0,0.0,0.0,0.0,0.0,0.0,0.0,0.0,0.0,0.0,0.0,0.0,0.5939628107331737,0.0,0.0,0.0,0.0,0.0,0.0,0.0,0.5803446480081599,0.0,0.0,0.0,0.0,0.0,0.0,0.0,0.0,0.0,0.5571429520277835,0.0,0.0,0.0,0.0,0.0,0.0,0.0,0.1454035974696015,0.0,0.0,0.0,0.2634178922280405,0.11152633133362383,0.0,0.0,0.0,0.0,0.0,0.1394508472303026,0.0,0.14233114351392043,0.07700227542510568,0.0,0.13356159766968045,0.0,0.0,0.0,0.0,0.0,0.0,0.0,0.0,0.0,0.0,0.0,0.0,0.0,0.0,0.0,0.0,0.0,0.14774361286411253,0.06312324573368676,0.058202787983971285,0.0,0.0,0.0,0.0,0.0,0.2577846302175891,0.0,0.0,0.0,0.18294268622517443,0.0,0.0,0.0,0.0,0.0,0.2707671368759298,0.0,0.0,0.183436732825315,0.08569062065771534,0.0,0.0,0.11347049048553456,0.0,0.15709519883176637,0.0,0.0,0.0,0.0,0.0,0.43384818435987516,0.0,0.0,0.0,0.0,0.14015421562680228,0.0,0.0,0.0,0.0,0.0,0.4326770994190719,0.0,0.0,0.14159401202680286,0.18274066269708272,0.06984920599832749,0.0,0.12218881927604351,0.0,0.0,0.0,0.0,0.0,0.09723757595102069,0.0,0.0,0.27348016196382596,0.0,0.0,0.0,0.0
23.0,5.0,6.0,1,1.0,0.0,0.0,0.0,0.0,1.0,0.0,0.0,0.0,0.0,0.0,0.0,0.0,0.0,0.0,0.0,0.0,0.0,0.0,0.0,0.0,0.0,0.0,0.0,0.0,0.0,0.0,0.0,0.0,0.0,0.0,0.0,0.0,0.0,0.0,0.0,0.0,0.0,0.0,0.0,0.0,0.0,0.0,0.0,0.0,0.0,0.0,0.0,0.0,0.0,0.0,0.0,0.0,0.0,0.0,0.0,0.0,0.0,0.0,0.0,0.0,0.0,0.0,0.0,0.0,0.5162417880122133,0.0,0.0,0.0,0.4926979268787014,0.0,0.0,0.7005306339906792,0.0,0.0,0.0,0.0,0.0,0.0,0.17848539457944593,0.0,0.0,0.0,0.0,0.0,0.0,0.0,0.12741323032193283,0.1205500416854448,0.06521852690281184,0.0,0.0,0.0,0.0,0.0,0.0,0.11694566895899985,0.16471439131156423,0.11109505996575382,0.0,0.0,0.0,0.0,0.0,0.0,0.0,0.0,0.0,0.0,0.1251342345028308,0.21385368561371199,0.2464797353711496,0.0,0.20945788679037664,0.0,0.12894360801758029,0.0,0.1091677729532118,0.0,0.0,0.0,0.07747337619168042,0.12666997681168768,0.0,0.0,0.0,0.12666997681168768,0.15288754956266,0.0,0.08932968304578591,0.07768259722641367,0.0,0.0,0.0,0.0,0.0,0.0,0.0,0.13668709011889577,0.20379452369761134,0.12594061670714096,0.0,0.3674558878578977,0.09287936812558877,0.0,0.0,0.07603942267069995,0.11870625162615511,0.0,0.0,0.0,0.0,0.0,0.27484801156434074,0.0,0.0,0.0,0.15477564475272124,0.35496060048038885,0.0,0.0,0.0,0.1922119364798221,0.0,0.09350369551667016,0.26439425500963404,0.0,0.09381964565986464,0.0,0.0,0.0,0.14297658780448663,0.0,0.0
23.0,5.0,1.0,1,0.0,0.0,0.0,0.0,0.0,1.0,0.0,0.0,0.0,0.0,0.0,0.0,1.0,0.0,0.0,0.0,0.0,0.0,0.0,0.0,0.0,0.0,0.0,0.0,0.0,0.0,0.0,0.0,0.0,0.0,0.0,0.0,0.0,0.0,0.7071067811865475,0.0,0.0,0.0,0.0,0.0,0.0,0.0,0.0,0.0,0.0,0.0,0.0,0.0,0.0,0.0,0.0,0.0,0.0,0.0,0.0,0.0,0.0,0.7071067811865475,0.0,0.0,0.0,0.0,0.0,0.0,0.0,0.0,0.0,0.0,0.0,0.0,0.0,0.0,0.0,0.0,0.0,0.0,0.0,0.0,0.0,0.15917976800581682,0.0,0.0,0.0,0.0,0.0,0.0,0.0,0.0,0.0,0.0,0.0,0.0,0.0,0.0,0.0,0.0,0.0,0.0,0.0,0.0,0.0,0.0,0.0,0.0,0.0,0.0,0.0,0.0,0.0,0.0,0.1907224966131749,0.3517113515037865,0.0,0.0,0.0,0.0,0.0,0.0,0.0,0.0,0.0,0.2763743011662471,0.0,0.0,0.0,0.0,0.0,0.0,0.0,0.0,0.0,0.0,0.0,0.0,0.0,0.0,0.0,0.0,0.0,0.0,0.0,0.0,0.43694737129172645,0.0,0.0,0.0,0.0,0.4234662144589275,0.0,0.0,0.0,0.0,0.0,0.0,0.0,0.0,0.0,0.18404606743119328,0.21104451774632943,0.0,0.0,0.0,0.0,0.0,0.0,0.0,0.0,0.33468709225679105,0.4213410357698406,0.0,0.0,0.0,0.0,0.0
23.0,4.0,1.0,1,0.0,0.0,1.0,0.0,0.0,0.0,0.0,1.0,0.0,0.0,0.0,0.0,0.0,0.0,0.0,0.0,0.0,0.0,0.0,0.0,0.0,0.0,0.0,0.0,0.0,0.0,0.0,0.0,0.0,0.0,0.0,0.0,0.0,0.329010837993939,0.0,0.0,0.0,0.0,0.0,0.0,0.0,0.0,0.0,0.0,0.5130399319330277,0.0,0.3336250334179152,0.0,0.0,0.0,0.3547282203182151,0.0,0.4984615558695301,0.0,0.0,0.0,0.0,0.0,0.0,0.0,0.0,0.0,0.0,0.0,0.0,0.37807433241569616,0.0,0.0,0.0,0.0,0.0,0.0,0.0,0.0,0.0,0.0,0.0,0.0,0.0,0.06951101144741137,0.0,0.0,0.0,0.0,0.0,0.1762219275620534,0.0,0.19848397192000714,0.0,0.20319447564015836,0.0,0.0,0.0,0.0,0.0,0.0,0.0,0.3848874234327979,0.0,0.0,0.0,0.0,0.10917358760812175,0.0,0.18217763426274974,0.0,0.0,0.0,0.0,0.1949337586413583,0.0,0.2303792632082883,0.0,0.1631464535318693,0.0,0.20086798999099081,0.0,0.0,0.0,0.0,0.0,0.24137561516530548,0.0,0.4507196536829459,0.0,0.0,0.0,0.0,0.0,0.1391575290610208,0.0,0.2261213793449441,0.0,0.0,0.14971360708207362,0.0,0.0,0.0,0.0,0.0,0.0,0.0,0.0,0.0,0.0,0.0,0.0,0.0,0.0,0.0,0.0,0.0,0.0,0.21407872978248985,0.0,0.0,0.0,0.08036968805981189,0.0,0.0,0.0,0.0,0.0,0.19848397192000714,0.0,0.2059363134995796,0.12829580781093264,0.0,0.0,0.0,0.0,0.0,0.16513957206209223,0.0
23.0,5.0,1.0,1,0.0,0.0,0.0,0.0,0.0,0.0,0.0,0.0,0.0,0.0,0.0,0.0,0.0,0.0,0.0,0.0,0.0,0.0,1.0,0.0,0.0,0.0,0.0,0.0,0.0,0.0,0.0,0.0,0.0,0.0,0.0,0.0,0.0,0.0,0.0,0.0,0.0,0.0,0.0,0.0,0.0,0.0,0.0,0.0,0.0,0.0,1.0,0.0,0.0,0.0,0.0,0.0,0.0,0.0,0.0,0.0,0.0,0.0,0.0,0.0,0.0,0.0,0.0,0.0,0.0,0.0,0.0,0.0,0.0,0.0,0.0,0.0,0.0,0.0,0.0,0.0,0.0,0.0,0.0,0.10110357218584579,0.0,0.0,0.0,0.0,0.0,0.0,0.0,0.0,0.27314369044635856,0.0,0.0,0.25631430190708954,0.0,0.0,0.0,0.0,0.0,0.0,0.0,0.21257764737047974,0.0,0.0,0.0,0.0,0.0,0.0,0.0,0.0,0.0,0.14176530399910306,0.12113804376879238,0.0,0.0,0.47459212283231283,0.0,0.0,0.0,0.0,0.0,0.0,0.0,0.0,0.28701031083323575,0.0,0.0,0.0,0.0,0.0,0.0,0.0,0.0,0.0,0.0,0.0,0.0,0.0,0.0,0.0,0.0,0.0,0.28535771820170386,0.0,0.0,0.0,0.0,0.0,0.0,0.0,0.0,0.0,0.0,0.0,0.0,0.4151692201341466,0.0,0.29763240539791597,0.0,0.0,0.13404564475564074,0.0,0.0,0.0,0.21775802373811493,0.0,0.0,0.0,0.0,0.0,0.0,0.0,0.0,0.0,0.0,0.2326661485572109
23.0,5.0,0.0,1,0.0,0.0,0.0,0.0,0.0,1.0,0.0,0.0,1.0,0.0,0.0,0.0,0.0,0.0,0.0,0.0,0.0,0.0,0.0,0.0,0.0,0.0,0.0,0.0,0.0,0.0,0.0,0.0,0.0,0.0,0.0,0.0,0.0,0.0,0.0,0.0,0.0,0.0,0.0,0.0,0.0,0.0,0.0,0.0,0.0,0.0,0.0,0.0,0.0,0.0,0.0,0.0,0.0,0.0,0.0,0.0,0.0,0.0,0.0,0.0,0.0,0.0,0.0,0.0,0.0,0.0,0.0,0.0,0.0,0.0,0.0,0.0,0.0,0.0,0.0,0.0,0.0,0.1747175331048782,0.0,0.0828158391394575,0.0,0.0,0.0,0.2437963058596495,0.0,0.0,0.21920946285015586,0.0,0.0,0.0,0.0,0.0,0.0,0.0,0.0,0.0,0.21704753448056266,0.0,0.0,0.0,0.0,0.0,0.13007007208450547,0.0,0.0,0.0,0.0,0.0,0.0,0.3483678872383988,0.0992264519396412,0.09149174884019934,0.0,0.1943736707397807,0.0,0.0,0.0,0.0,0.0,0.0,0.0,0.0,0.0,0.17899670646493382,0.0,0.0,0.0,0.14187727506601444,0.0,0.0,0.14417649110161523,0.0,0.0,0.0,0.1783696962959196,0.2214379224344703,0.0,0.0,0.0,0.0,0.0,0.0,0.0,0.0,0.0,0.0,0.0,0.0,0.0,0.0,0.24077840160223596,0.0,0.15599180600944249,0.17003646165479885,0.0,0.0,0.0,0.09575293208163536,0.2195986217583345,0.0,0.0,0.0,0.1783696962959196,0.0,0.0,0.2453537685127326,0.0,0.0,0.21920946285015586,0.21494827960871984,0.2261117519327121,0.13268005625025459,0.0,0.1905812219640705
23.0,5.0,0.0,1,1.0,0.0,1.0,0.0,0.0,0.0,0.0,1.0,0.0,0.0,0.0,0.0,0.0,0.0,0.0,0.0,0.0,0.0,0.0,0.0,0.0,0.0,0.0,0.0,0.0,0.0,0.0,0.0,0.0,0.0,0.0,0.0,0.0,0.0,0.0,0.0,0.0,0.7463678753120695,0.0,0.665533616507947,0.0,0.0,0.0,0.0,0.0,0.0,0.0,0.0,0.0,0.0,0.0,0.0,0.0,0.0,0.0,0.0,0.0,0.0,0.0,0.0,0.0,0.0,0.0,0.0,0.0,0.0,0.0,0.0,0.0,0.0,0.0,0.0,0.0,0.0,0.0,0.19477213067473115,0.0,0.0,0.0,0.14114221386531636,0.14939259797012422,0.0,0.0,0.0,0.0,0.0,0.0,0.0,0.0,0.10314667251947346,0.0,0.0,0.0,0.0,0.0,0.0,0.0,0.26050483178156275,0.1757029223597019,0.0,0.0,0.0,0.22167713474126424,0.0,0.0,0.3083247942786732,0.0,0.0,0.0,0.09895332292979162,0.1691106586166159,0.15592848078215843,0.0,0.0,0.0,0.0,0.0,0.17265481238582978,0.0,0.0,0.2003355064384494,0.1225283879062393,0.0,0.0,0.0,0.0,0.2003355064384494,0.12090001688128099,0.0,0.0,0.0,0.11478495068069165,0.0,0.20645057263903874,0.1519968527958523,0.0,0.0,0.0,0.0,0.0,0.0,0.0,0.0,0.14689380798407278,0.0,0.0,0.0,0.0,0.20774981391707079,0.0,0.0,0.0,0.13292764448082303,0.4346871845741312,0.0,0.0,0.0,0.0,0.18712987732063086,0.16367529476015985,0.0,0.0,0.0,0.0,0.0,0.0,0.13025241589078138,0.14838090840647117,0.0,0.0,0.0,0.11306265244382037,0.0,0.0
23.0,5.0,0.0,1,0.0,0.0,0.0,0.0,0.0,0.0,0.0,0.0,0.0,0.0,0.0,1.0,0.0,0.0,0.0,0.0,0.0,0.0,0.0,0.0,0.0,0.0,0.0,0.0,0.0,0.0,0.0,0.0,0.0,0.0,0.0,0.0,0.0,0.0,0.0,0.0,0.0,0.0,0.0,0.0,0.0,0.0,0.0,0.8243469997620995,0.0,0.0,0.5660848204847266,0.0,0.0,0.0,0.0,0.0,0.0,0.0,0.0,0.0,0.0,0.0,0.0,0.0,0.0,0.0,0.0,0.0,0.0,0.0,0.0,0.0,0.0,0.0,0.0,0.0,0.0,0.0,0.0,0.24814922584668175,0.0,0.0,0.0,0.08991104369920244,0.0,0.0,0.0,0.0,0.0,0.0,0.0,0.0,0.0,0.0,0.0,0.0,0.0,0.0,0.0,0.0,0.0,0.0,0.0,0.1890445384765211,0.0,0.0,0.0,0.0,0.0,0.19641043804506755,0.0,0.0,0.0,0.1260713757913938,0.1077276273375491,0.0,0.27736292812904084,0.0,0.0,0.0,0.0,0.0,0.0,0.0,0.0,0.3122143244810727,0.0,0.0,0.0,0.21360459258135725,0.0,0.0,0.0,0.0,0.0,0.0,0.0,0.0,0.0,0.0,0.0,0.0,0.27542150351863287,0.0,0.0,0.0,0.0,0.0,0.0,0.0,0.0,0.0,0.0,0.0,0.0,0.0,0.0,0.2769063724976197,0.28564676189975907,0.5293668587464043,0.24164769703392386,0.0,0.0,0.0,0.0,0.0,0.0,0.0,0.0,0.0,0.0,0.1890445384765211,0.0,0.0,0.0,0.0,0.0,0.0
23.0,4.0,0.0,1,0.0,1.0,0.0,1.0,0.0,0.0,0.0,0.0,0.0,0.0,0.0,0.0,0.0,1.0,0.0,0.0,0.0,0.0,0.0,0.0,0.0,0.0,0.0,0.0,0.0,0.0,0.0,0.0,0.0,0.0,0.6912381769206429,0.0,0.0,0.0,0.0,0.0,0.0,0.0,0.0,0.0,0.0,0.0,0.0,0.0,0.0,0.0,0.0,0.0,0.0,0.0,0.0,0.0,0.0,0.0,0.0,0.0,0.0,0.0,0.0,0.0,0.0,0.0,0.0,0.0,0.0,0.0,0.0,0.0,0.0,0.0,0.0,0.0,0.0,0.7226270011336595,0.0,0.0,0.13377028757869372,0.0,0.0,0.09479087519878449,0.0,0.0,0.0,0.0,0.0,0.0,0.5018135914901707,0.0,0.0,0.0,0.0,0.0,0.0,0.0,0.0,0.0,0.0,0.0,0.0,0.09965237036781657,0.0,0.0,0.0,0.0,0.0,0.0,0.0,0.09767840386787235,0.0,0.06645688647971437,0.11357443600118462,0.471245883186858,0.0,0.0,0.14041576280763052,0.0,0.10949456421190736,0.0,0.0,0.0,0.0,0.0,0.0,0.10243966999440192,0.0,0.0,0.0,0.16239249899622873,0.28837226038938424,0.18976653763949344,0.1650241779425553,0.07708938124673852,0.0,0.0,0.1020808325830022,0.0,0.0,0.0,0.0,0.0,0.0,0.0,0.0,0.09865363620680831,0.0,0.0,0.0,0.0,0.13952442819393082,0.0,0.0,0.0,0.0,0.0973117291537748,0.0,0.0,0.0,0.05479932540189342,0.0,0.32977216412815125,0.0,0.0,0.0,0.0,0.19863355549578413,0.0,0.08747730505931409,0.0,0.0,0.12301472615807794,0.0,0.07593268862618673,0.11259888354207954,0.0
23.0,5.0,1.0,1,0.0,0.0,1.0,0.0,0.0,0.0,0.0,1.0,0.0,0.0,0.0,0.0,0.0,0.0,0.0,0.0,0.0,0.0,0.0,0.0,0.0,0.0,0.0,0.0,0.0,0.0,0.0,0.0,0.0,0.0,0.0,0.0,0.0,0.0,0.0,0.0,0.0,0.0,0.0,0.0,0.0,0.0,0.0,0.0,0.0,0.0,0.0,0.0,0.0,0.0,0.0,0.0,0.0,0.0,0.0,0.0,0.0,0.0,0.0,0.0,0.0,0.0,0.0,0.0,0.0,0.0,0.0,0.0,0.0,0.0,0.0,1.0,0.0,0.0,0.0,0.0,0.0,0.0,0.0,0.24554037302505338,0.12994664469330736,0.0,0.0,0.0,0.0,0.0,0.0,0.0,0.0,0.0,0.0,0.0,0.0,0.0,0.0,0.0,0.0,0.22659575692751702,0.0,0.0,0.0,0.0,0.09641106807250986,0.0,0.0,0.13409557446842266,0.0,0.0,0.0,0.430364438087864,0.07354903444914739,0.06781588634605061,0.0,0.0,0.0,0.0,0.0,0.0,0.0,0.0,0.0,0.10657926232248774,0.17425847885594095,0.0,0.0,0.0,0.0,0.10516285110878457,0.0,0.0,0.21373417074794246,0.19968752675718993,0.0,0.0,0.0,0.16413511787549837,0.0,0.0,0.0,0.0,0.1732551062687219,0.0,0.0,0.383319342453042,0.0,0.0,0.0,0.0,0.0,0.0,0.0,0.0,0.0,0.3781053539070587,0.0,0.0,0.0,0.14194875585318714,0.0,0.0,0.14237020884745755,0.0,0.0,0.17528096444692046,0.0,0.0,0.11329787846375851,0.12906664350145286,0.0,0.1593248384144921,0.167599472793527,0.09834565115560932,0.0,0.0
23.0,4.0,1.0,1,1.0,0.0,0.0,0.0,0.0,0.0,0.0,0.0,0.0,0.0,0.0,0.0,0.0,0.0,0.0,0.0,0.0,1.0,0.0,0.0,0.0,0.0,0.0,0.0,0.0,0.0,0.0,0.0,0.0,0.6925396487324765,0.0,0.0,0.0,0.0,0.0,0.0,0.0,0.0,0.0,0.0,0.0,0.0,0.0,0.0,0.0,0.0,0.0,0.0,0.0,0.0,0.0,0.0,0.0,0.7213798132284392,0.0,0.0,0.0,0.0,0.0,0.0,0.0,0.0,0.0,0.0,0.0,0.0,0.0,0.0,0.0,0.0,0.0,0.0,0.0,0.0,0.0,0.0,0.0,0.0,0.0,0.09450039365569259,0.2000487158419522,0.0,0.0,0.0,0.0,0.0,0.0,0.0,0.0,0.0,0.0,0.0,0.0,0.0,0.0,0.0,0.0,0.08720923555889158,0.0,0.0,0.0,0.0,0.0,0.28364428877481984,0.0,0.10321793046603543,0.0,0.09737907364834657,0.0,0.0,0.11322639324542114,0.0,0.0,0.0,0.13998546624829133,0.0,0.21831804800798882,0.11559934685862305,0.0,0.12444761082147707,0.0,0.0,0.0,0.10212574913069646,0.0,0.0,0.0,0.08094742795492231,0.0,0.0,0.08225923510873182,0.23055943494181297,0.0,0.0,0.0,0.0,0.0,0.0,0.578959812563813,0.0,0.0,0.0,0.0,0.0,0.0,0.0,0.08051925360799511,0.0,0.0,0.14182214438740992,0.0,0.0,0.0890004087873287,0.09701352258920568,0.15011354743199676,0.139096863081616,0.3809732635085612,0.0,0.18793647825747994,0.0,0.0,0.0,0.10176801135726045,0.0,0.0,0.0,0.0,0.0,0.0,0.12263775414043922,0.0,0.07569999698242887,0.1122538303144019,0.10873524126622505
23.0,5.0,0.0,1,1.0,0.0,1.0,0.0,0.0,0.0,0.0,1.0,0.0,0.0,0.0,0.0,0.0,0.0,0.0,0.0,0.0,0.0,0.0,0.0,0.0,0.0,0.0,0.0,0.0,0.0,0.0,0.0,0.0,0.0,0.0,0.0,0.0,0.0,0.0,0.0,0.0,0.0,0.0,0.0,0.738020335256289,0.0,0.0,0.0,0.0,0.0,0.0,0.0,0.0,0.0,0.0,0.0,0.0,0.0,0.0,0.6747784708689177,0.0,0.0,0.0,0.0,0.0,0.0,0.0,0.0,0.0,0.0,0.0,0.0,0.0,0.0,0.0,0.0,0.0,0.0,0.0,0.0,0.0,0.16967363394012616,0.0,0.16085007754954794,0.0,0.0,0.0,0.0,0.0,0.0,0.0,0.0,0.0,0.11754917128880436,0.19185418411620514,0.0,0.0,0.0,0.0,0.0,0.2107816156662165,0.4453191704299159,0.0,0.0,0.2310138816846986,0.0,0.12631509502932656,0.0,0.0,0.17568828528330183,0.0,0.0,0.0,0.11277029905617576,0.09636189559451906,0.08885048469597762,0.0,0.0,0.0,0.0,0.18580068079132048,0.0,0.0,0.0,0.0,0.1396371798131672,0.0,0.0,0.0,0.0,0.0,0.0,0.0,0.0,0.0,0.0,0.0,0.0,0.1732203632772121,0.21504525804548077,0.0,0.0,0.0,0.36731705715386187,0.0,0.0,0.0,0.3348095478838556,0.0,0.0,0.0,0.0,0.0,0.0,0.0,0.0,0.0,0.1651276997711062,0.0,0.0,0.0,0.18597730471572851,0.0,0.0,0.0,0.0,0.1732203632772121,0.22964823565996603,0.0,0.0,0.0,0.0,0.0,0.0,0.0,0.0,0.0,0.0
23.0,1.0,7.0,0,0.0,0.0,0.0,0.0,0.0,1.0,0.0,0.0,0.0,0.0,0.0,0.0,0.0,0.0,0.0,0.0,0.0,0.0,0.0,0.0,0.0,0.0,0.0,0.0,0.0,0.0,0.0,0.0,0.0,0.0,0.0,0.0,0.0,0.0,0.0,0.0,0.0,0.0,0.0,0.0,0.0,0.0,0.0,0.0,0.0,0.0,0.0,0.0,0.0,0.0,0.0,0.0,0.7967443095560967,0.0,0.0,0.0,0.0,0.0,0.0,0.0,0.0,0.0,0.0,0.0,0.0,0.6043165604134798,0.0,0.0,0.0,0.0,0.0,0.0,0.0,0.0,0.0,0.0,0.0,0.0,0.0,0.10629629016338717,0.0,0.0,0.0,0.0,0.0,0.13473935104122992,0.0,0.0,0.0,0.07768128564272218,0.0,0.13473935104122992,0.0,0.0,0.0,0.0,0.0,0.0,0.13232447122817487,0.11174785815483837,0.0,0.0,0.0,0.0,0.0,0.0,0.0,0.10953429787901167,0.0,0.29809284802103336,0.12735973983790977,0.17614806992229087,0.0,0.0,0.15745898152762952,0.0,0.0,0.0,0.0,0.13998163222702248,0.15087563485953975,0.09227794234942355,0.0,0.11487347134554364,0.0,0.0,0.0,0.0,0.3233739682341797,0.10639989822821885,0.18505428782855285,0.2593387355165291,0.15087563485953975,0.0,0.0,0.1421106753300856,0.0,0.29022033275926823,0.0,0.0,0.0,0.27457323514304377,0.0,0.0,0.0,0.12784138577832518,0.1811399426850796,0.0,0.0,0.0,0.0,0.13473935104122992,0.1001097763844932,0.218246234708533,0.0,0.0,0.0,0.1843520797163891,0.14093028012791287,0.0,0.12326628687435659,0.0,0.0,0.0,0.11137153237000541,0.0,0.09809502214001314,0.11174785815483837,0.0,0.0,0.0,0.0,0.12626577792390511,0.12230798528450701
23.0,5.0,0.0,1,1.0,0.0,0.0,0.0,1.0,0.0,0.0,0.0,0.0,0.0,1.0,0.0,0.0,0.0,0.0,0.0,0.0,0.0,0.0,0.0,0.0,0.0,0.0,0.0,0.0,0.0,0.0,0.0,0.0,0.0,0.0,0.0,1.0,0.0,0.0,0.0,0.0,0.0,0.0,0.0,0.0,0.0,0.0,0.0,0.0,0.0,0.0,0.0,0.0,0.0,0.0,0.0,0.0,0.0,0.0,0.0,0.0,0.0,0.0,0.0,0.0,0.0,0.0,0.0,0.0,0.0,0.0,0.0,0.0,0.0,0.0,0.0,0.0,0.0,0.0,0.0,0.0,0.0,0.121214802310496,0.09518601722470951,0.0,0.0,0.0,0.14010604499097973,0.1948905793060408,0.0,0.25195271730009955,0.0,0.0,0.20868570808614895,0.0,0.12065615995951527,0.0,0.0,0.0,0.0,0.0,0.0,0.0,0.0,0.0,0.11797018092610938,0.07474930068030974,0.0,0.0,0.1039668019059842,0.0,0.0,0.0,0.1334678328033788,0.28511969635327444,0.10515784506339372,0.0,0.22340721006172468,0.0,0.0,0.0,0.232876097031734,0.0,0.0,0.0,0.08263289148127208,0.0,0.1028666965267743,0.0,0.0,0.0,0.08153472142863422,0.0,0.0,0.16571209213115295,0.2322322002768578,0.13510585135619096,0.2784596787184119,0.0,0.0,0.0,0.0,0.0,0.0,0.0,0.2458743635323233,0.0,0.0,0.0,0.11447918201116865,0.0,0.0,0.0,0.0,0.0,0.0,0.17929225723022243,0.43972820786681727,0.0,0.0,0.12791243937248664,0.11005552002064382,0.1262000023812608,0.0,0.0,0.0,0.0,0.0,0.0,0.0,0.08784195998491859,0.0,0.0,0.0,0.0,0.0,0.0,0.0
23.0,5.0,2.0,1,0.0,0.0,0.0,0.0,0.0,0.0,0.0,0.0,0.0,0.0,0.0,1.0,0.0,0.0,0.0,0.0,0.0,0.0,0.0,0.0,0.0,0.0,0.0,0.0,0.0,0.0,0.0,0.0,0.0,0.0,0.0,0.0,0.0,0.0,0.0,0.0,0.0,0.0,0.0,0.0,0.0,0.0,0.0,0.0,0.0,0.0,1.0,0.0,0.0,0.0,0.0,0.0,0.0,0.0,0.0,0.0,0.0,0.0,0.0,0.0,0.0,0.0,0.0,0.0,0.0,0.0,0.0,0.0,0.0,0.0,0.0,0.0,0.0,0.0,0.0,0.0,0.0,0.0,0.0,0.13268750504677365,0.140443674179767,0.1449277525713735,0.0,0.0,0.0,0.0,0.0,0.0,0.0,0.09696797475166108,0.0,0.0,0.0,0.0,0.0,0.0,0.0,0.0,0.0,0.13949258690115116,0.0,0.0,0.0,0.0,0.17387673738523984,0.1449277525713735,0.0,0.0,0.16897113843253034,0.0,0.15898058245046037,0.0,0.2046611484626581,0.155712709580917,0.0,0.1917154698276041,0.0,0.0,0.0,0.17473623495259336,0.0,0.0,0.0,0.0,0.0,0.0,0.0,0.0,0.0,0.0,0.0,0.1079090961211047,0.0,0.0,0.0,0.0,0.0,0.0,0.0,0.0,0.0,0.0,0.0,0.0,0.0,0.0,0.0,0.0,0.19530517290094396,0.0,0.0,0.0,0.0,0.27243235229391227,0.42154728275615644,0.19530517290094396,0.1783075176337566,0.0,0.0,0.0,0.0,0.0,0.14289192878672405,0.18944007918633451,0.0,0.19655285592745492,0.0,0.2789851738023023,0.0,0.344390049436673,0.0,0.10628996708990657,0.0,0.0
23.0,4.0,0.0,1,0.0,0.0,1.0,0.0,0.0,0.0,0.0,1.0,0.0,0.0,0.0,0.0,0.0,0.0,0.0,0.0,0.0,0.0,0.0,0.0,0.0,0.0,0.0,0.0,0.0,0.0,0.0,0.0,0.0,0.0,0.0,0.0,0.0,0.0,0.0,0.0,0.0,0.0,0.0,1.0,0.0,0.0,0.0,0.0,0.0,0.0,0.0,0.0,0.0,0.0,0.0,0.0,0.0,0.0,0.0,0.0,0.0,0.0,0.0,0.0,0.0,0.0,0.0,0.0,0.0,0.0,0.0,0.0,0.0,0.0,0.0,0.0,0.0,0.0,0.0,0.0,0.0,0.0,0.0,0.12089835340424468,0.0,0.528204268888177,0.0,0.0,0.0,0.0,0.0,0.3452170365902055,0.0,0.0,0.0,0.0,0.0,0.0,0.0,0.0,0.0,0.0,0.0,0.25419762113249184,0.0,0.0,0.0,0.0,0.0,0.2641021344440885,0.0,0.0,0.0,0.0,0.0,0.13356384358103687,0.0,0.0,0.0,0.0,0.0,0.0,0.3581786639239975,0.0,0.0,0.2099085728848851,0.0,0.0,0.0,0.0,0.0,0.20711894148748475,0.0,0.0,0.0,0.1966429624821579,0.0,0.0,0.0,0.0,0.0,0.0,0.0,0.0,0.0,0.0,0.0,0.0,0.0,0.0,0.2060233783578317,0.0,0.0,0.0,0.0,0.0,0.0,0.3723405168569031,0.0,0.0,0.0,0.0,0.0,0.0,0.0,0.0,0.0,0.0,0.0,0.0,0.0,0.0,0.0,0.0,0.0,0.0,0.0,0.0
23.0,5.0,1.0,1,0.0,0.0,0.0,0.0,0.0,0.0,0.0,0.0,0.0,0.0,0.0,0.0,0.0,0.0,0.0,0.0,0.0,0.0,0.0,1.0,0.0,0.0,0.0,0.0,0.0,0.0,0.0,0.0,0.0,1.0,0.0,0.0,0.0,0.0,0.0,0.0,0.0,0.0,0.0,0.0,0.0,0.0,0.0,0.0,0.0,0.0,0.0,0.0,0.0,0.0,0.0,0.0,0.0,0.0,0.0,0.0,0.0,0.0,0.0,0.0,0.0,0.0,0.0,0.0,0.0,0.0,0.0,0.0,0.0,0.0,0.0,0.0,0.0,0.0,0.0,0.0,0.0,0.09943151915750084,0.0,0.14139115662186907,0.0,0.20591240604959854,0.0,0.13874415821828504,0.19299616495656152,0.0,0.0,0.0,0.0,0.06888573318984582,0.0,0.0,0.11336639859243781,0.0,0.0,0.0,0.12352146747537743,0.0,0.0,0.0990950790489669,0.13537790562372432,0.0,0.07402270759240089,0.0,0.0,0.0,0.0,0.09713215166821333,0.0,0.0,0.0,0.156203503149797,0.0,0.0,0.0,0.0,0.21776446372449454,0.0,0.0,0.0,0.13379256846473903,0.0,0.0,0.0,0.0,0.0,0.0,0.0,0.0,0.1887052960087695,0.164101304342778,0.0,0.0,0.0,0.0,0.12602003150721838,0.0,0.0,0.0,0.0,0.0,0.1217421832082445,0.0,0.1962038603256135,0.4562658499021911,0.0,0.32126033081424404,0.0,0.0,0.0,0.0,0.0,0.0,0.435453873879921,0.0,0.0,0.0,0.0,0.06248664395123312,0.0,0.0,0.0,0.0,0.0,0.0987613631817284,0.1396305081734104,0.08698810101403166,0.0,0.12475181807773691,0.0,0.12867990175054628,0.0,0.0,0.0
23.0,2.0,3.0,0,0.0,0.0,1.0,0.0,0.0,0.0,0.0,1.0,0.0,0.0,0.0,0.0,0.0,0.0,0.0,0.0,0.0,0.0,0.0,0.0,0.0,0.0,0.0,0.0,0.0,0.0,0.0,0.0,0.0,0.0,0.0,0.0,0.0,0.0,0.0,0.0,0.0,0.0,0.0,0.5051081340853254,0.0,0.0,0.0,0.0,0.0,0.0,0.0,0.0,0.0,0.0,0.5519712031378331,0.0,0.0,0.0,0.0,0.0,0.0,0.0,0.0,0.6634708462226612,0.0,0.0,0.0,0.0,0.0,0.0,0.0,0.0,0.0,0.0,0.0,0.0,0.0,0.0,0.0,0.0,0.0,0.163959252839662,0.0,0.15543286202929993,0.0,0.16977133876849962,0.0,0.0,0.0,0.0,0.0,0.0,0.0,0.0,0.0,0.0,0.0,0.0,0.0,0.0,0.0,0.2868809441724345,0.0,0.16340447434197916,0.0,0.0,0.3661829146186769,0.23326698385599634,0.0,0.0,0.0,0.16016767267733728,0.19793625358815078,0.10897234618243876,0.0,0.0858581191838855,0.0,0.0,0.0,0.22457942939006956,0.0,0.0,0.0,0.0,0.0,0.0,0.0,0.1679749349204349,0.2414648605266254,0.0,0.22061947506031945,0.0,0.0,0.0,0.0,0.0,0.0,0.0,0.0,0.20780282131690123,0.0,0.0,0.0,0.0,0.0,0.20074879240530266,0.0,0.0,0.0,0.0,0.0,0.0,0.0,0.0,0.0,0.0,0.0,0.39891604913637396,0.0,0.0,0.0,0.0,0.10303838804346872,0.0,0.0,0.0,0.0,0.0,0.0,0.0,0.14344047208621724,0.0,0.0,0.0,0.21218885847535685,0.0,0.18463345436516956,0.0
23.0,5.0,1.0,1,0.0,0.0,0.0,0.0,0.0,1.0,0.0,0.0,0.0,0.0,0.0,0.0,0.0,0.0,0.0,0.0,0.0,0.0,0.0,0.0,0.0,1.0,0.0,0.0,0.0,0.0,0.0,0.0,0.0,0.0,0.0,0.0,0.0,0.0,0.0,0.0,0.0,0.0,0.0,0.0,0.0,0.0,0.0,0.0,0.0,0.0,0.0,0.0,0.0,0.0,0.0,0.0,0.0,0.0,0.0,0.0,0.0,0.0,0.0,0.0,0.0,0.0,0.0,0.0,0.0,0.0,0.0,0.0,0.0,0.0,0.0,0.0,0.0,0.0,0.5048235231363973,0.0,0.0,0.0,0.0,0.17039633806850818,0.0,0.0,0.0,0.0,0.0,0.4319829408131286,0.0,0.0,0.0,0.0,0.0,0.0,0.0,0.0,0.0,0.0,0.0,0.0,0.0,0.0,0.0,0.0,0.2676234909385452,0.0,0.0,0.0,0.0,0.0,0.0,0.0,0.20416171864869712,0.1882473102711807,0.0,0.0,0.0,0.0,0.0,0.0,0.0,0.0,0.0,0.2958489602350133,0.0,0.0,0.0,0.0,0.0,0.0,0.0,0.0,0.0,0.0,0.0,0.0,0.0,0.0,0.0,0.0,0.0,0.3891168869958366,0.0,0.0,0.0,0.0,0.0,0.0,0.0,0.0,0.0,0.0,0.0,0.0,0.32095831895082366,0.0,0.0,0.0,0.0,0.19701483623873017,0.0,0.0,0.0,0.0,0.0,0.0,0.0,0.0,0.0,0.0,0.0,0.0,0.0,0.0,0.0,0.0
23.0,5.0,0.0,1,1.0,0.0,1.0,0.0,0.0,0.0,0.0,1.0,0.0,0.0,0.0,0.0,0.0,0.0,0.0,0.0,0.0,0.0,0.0,0.0,0.0,0.0,0.0,0.0,0.0,0.0,0.0,0.0,0.0,0.0,0.0,0.0,0.0,0.0,0.0,0.0,0.0,0.5080093320190554,0.0,0.0,0.0,0.0,0.0,0.0,0.0,0.0,0.0,0.0,0.0,0.0,0.0,0.0,0.0,0.0,0.5080093320190554,0.0,0.0,0.0,0.0,0.0,0.0,0.0,0.695595455105269,0.0,0.0,0.0,0.0,0.0,0.0,0.0,0.0,0.0,0.0,0.0,0.2271570860749462,0.0,0.0,0.0,0.0,0.0766737956127802,0.0,0.0,0.0,0.0,0.0,0.0,0.0,0.0,0.0,0.0,0.1829055817004666,0.19438077183793045,0.0,0.0,0.0,0.0,0.0,0.28303217982992857,0.0,0.0,0.0,0.0,0.12042341448177578,0.0,0.2009501862197703,0.0,0.0,0.0,0.0,0.21502076947054902,0.0,0.08470625575641806,0.0,0.0,0.0,0.0,0.17713443028115172,0.1875852650159839,0.0,0.20194351171467223,0.0,0.0,0.0,0.16572140099603477,0.0,0.0,0.0,0.13135493528226355,0.0,0.0,0.0,0.0,0.0,0.0,0.0,0.0,0.0,0.0,0.0,0.0,0.0,0.0,0.0,0.15959655870073428,0.0,0.0,0.1306601286027793,0.0,0.0,0.0,0.0,0.0,0.14442266087644934,0.47227708043939,0.0,0.0,0.2060708603791067,0.2659542239759944,0.20331207189959608,0.0,0.0,0.0,0.0,0.0,0.0,0.0,0.14151608991496428,0.16121225723230836,0.0,0.0,0.20934215523846944,0.0,0.0,0.0
23.0,5.0,0.0,1,1.0,0.0,1.0,0.0,0.0,0.0,0.0,1.0,0.0,0.0,0.0,0.0,0.0,0.0,0.0,0.0,0.0,0.0,0.0,0.0,0.0,0.0,0.0,0.0,0.0,0.0,0.0,0.0,0.0,0.0,0.0,0.0,0.0,0.5384977802146386,0.0,0.0,0.0,0.5958272151823492,0.0,0.0,0.0,0.0,0.0,0.0,0.0,0.0,0.0,0.0,0.0,0.0,0.0,0.0,0.0,0.0,0.5958272151823492,0.0,0.0,0.0,0.0,0.0,0.0,0.0,0.0,0.0,0.0,0.0,0.0,0.0,0.0,0.0,0.0,0.0,0.0,0.0,0.0,0.0,0.0,0.0,0.22016926356134658,0.17289171713550097,0.18299799955692328,0.0,0.0,0.0,0.17699536072724237,0.0,0.0,0.0,0.0,0.0,0.0,0.21915457003658592,0.0,0.0,0.0,0.0,0.0,0.15955229288024125,0.0,0.0,0.0,0.0,0.2715427186912865,0.0,0.0,0.0,0.0,0.17815836109073044,0.0,0.0,0.2071515767922002,0.09550205446856057,0.0,0.0,0.2561082202668992,0.0,0.1997101850141245,0.0,0.0,0.0,0.0,0.0,0.0,0.0,0.0,0.0,0.0,0.14809610071910767,0.26298509834628986,0.0,0.0,0.0,0.0,0.0,0.18618807342885638,0.0,0.2577696834679538,0.0,0.0,0.1974076659208568,0.0,0.0,0.0,0.0,0.0,0.0,0.14731274103974662,0.0,0.25448249024191866,0.0,0.0,0.0,0.1628293058446521,0.08874478643402511,0.0,0.0,0.0,0.0999500157238966,0.22922416285883296,0.20049354469348557,0.0,0.0,0.0,0.0,0.0,0.2561082202668992,0.0,0.0,0.0,0.0,0.0,0.0,0.0,0.0
23.0,5.0,1.0,1,0.0,0.0,0.0,0.0,0.0,1.0,0.0,0.0,0.0,0.0,0.0,0.0,1.0,0.0,0.0,0.0,0.0,0.0,0.0,0.0,0.0,0.0,0.0,0.0,0.0,0.0,0.0,0.0,0.0,0.0,0.0,0.0,0.0,0.0,0.0,0.0,0.0,0.0,0.0,0.0,0.0,0.0,0.0,0.0,0.0,0.0,0.0,0.0,0.0,0.0,0.0,0.0,0.0,0.0,0.0,0.0,0.0,0.0,0.0,0.0,0.0,0.0,0.0,0.0,0.0,0.0,0.0,0.0,0.0,0.0,0.0,0.0,0.0,0.0,0.0,0.0,0.0,0.15966616566887812,0.0,0.22704454310450525,0.0,0.0,0.0,0.0,0.15495568160132994,0.0,0.0,0.0,0.0,0.0,0.0,0.3837303490502021,0.0,0.0,0.0,0.0,0.0,0.0,0.0,0.0,0.0,0.18759398077761147,0.1188649433685698,0.0,0.0,0.16532606871627148,0.0,0.1559738637349544,0.0,0.0,0.1813568087024161,0.16722004332428142,0.0,0.0,0.0,0.0,0.0,0.0,0.0,0.19933004048184716,0.2148428042009276,0.1314012823786846,0.0,0.0,0.0,0.0,0.0,0.12965499284917942,0.0,0.0,0.13175613863532334,0.1230971040666806,0.0,0.0,0.0,0.0,0.0,0.0,0.0,0.0,0.0,0.0,0.0,0.0,0.0,0.0,0.0,0.0,0.0,0.0,0.0,0.0,0.0,0.3884708846024643,0.0,0.0,0.0,0.08750411733349023,0.20068088931450564,0.0,0.3510556858326058,0.0,0.0,0.0,0.3171800714515891,0.0,0.0,0.0,0.0,0.0,0.0,0.12125008558524418,0.0,0.0
23.0,5.0,0.0,1,1.0,0.0,0.0,0.0,0.0,1.0,0.0,0.0,0.0,0.0,0.0,0.0,1.0,0.0,0.0,0.0,0.0,0.0,0.0,0.0,0.0,0.0,0.0,0.0,0.0,0.0,0.0,0.0,0.0,0.0,0.0,0.0,0.0,0.0,0.0,0.0,0.0,0.0,0.0,0.0,0.0,0.0,0.0,0.0,0.0,0.0,0.0,0.0,0.0,0.0,0.0,0.0,0.0,0.0,0.0,0.0,0.0,0.0,0.0,0.0,0.0,0.0,0.0,0.0,0.0,0.0,0.0,0.0,0.0,0.0,0.0,0.0,0.0,0.0,0.0,0.0,0.0,0.0,0.0,0.0,0.0,0.0,0.0,0.0,0.0,0.0,0.0,0.0,0.0,0.0,0.0,0.0,0.0,0.0,0.0,0.0,0.0,0.0,0.0,0.0,0.0,0.0,0.0,0.0,0.0,0.0,0.0,0.0,0.0,0.0,0.0,0.0,0.0,0.0,0.0,0.0,0.0,0.0,0.0,0.0,0.0,0.0,0.0,0.0,0.0,0.0,0.0,0.0,0.0,0.0,0.0,0.0,0.0,0.0,0.0,0.0,0.0,0.0,0.0,0.0,0.0,0.0,0.0,0.0,0.0,0.0,0.0,0.0,0.0,0.0,0.0,0.0,0.0,0.0,0.0,0.0,0.0,0.0,0.0,0.0,0.0,0.0,0.0,0.0,0.0,0.0,0.0,0.0,0.0,0.0,0.0,0.0,0.0,0.0
23.0,5.0,4.0,1,0.0,0.0,0.0,0.0,0.0,1.0,0.0,0.0,0.0,0.0,0.0,0.0,1.0,0.0,0.0,0.0,0.0,0.0,0.0,0.0,0.0,0.0,0.0,0.0,0.0,0.0,0.0,0.0,0.0,0.0,0.0,0.0,0.0,0.0,0.0,0.0,0.0,0.0,0.0,0.0,0.0,0.0,0.0,0.0,0.0,0.0,1.0,0.0,0.0,0.0,0.0,0.0,0.0,0.0,0.0,0.0,0.0,0.0,0.0,0.0,0.0,0.0,0.0,0.0,0.0,0.0,0.0,0.0,0.0,0.0,0.0,0.0,0.0,0.0,0.0,0.0,0.0,0.0,0.0,0.26776849345480397,0.1889471609107275,0.0,0.0,0.0,0.0,0.0,0.0,0.0,0.48227293329830245,0.0,0.0,0.0,0.0,0.0,0.0,0.0,0.0,0.0,0.0,0.0,0.25638051701406395,0.0,0.0,0.0,0.0,0.0,0.0,0.18395018853815773,0.0,0.0,0.0,0.1972135443738898,0.0,0.0,0.0,0.0,0.20620265005485597,0.0,0.0,0.0,0.0,0.0,0.0,0.19291671304075075,0.0,0.0,0.0,0.0,0.0,0.0,0.0,0.1451764735407562,0.0,0.26111233152489405,0.0,0.0,0.0,0.0,0.0,0.0,0.0,0.0,0.0,0.0,0.0,0.0,0.15210179484382397,0.23744833005522065,0.0,0.0,0.0,0.0,0.0,0.3665193167780399,0.0,0.0,0.0,0.30959800243289093,0.0,0.0,0.207011476313862,0.0,0.0,0.0,0.0,0.0,0.0,0.0,0.0,0.0,0.0,0.0,0.0,0.0
23.0,5.0,1.0,1,0.0,0.0,1.0,0.0,0.0,0.0,0.0,1.0,0.0,0.0,0.0,0.0,0.0,0.0,0.0,0.0,0.0,0.0,0.0,0.0,0.0,0.0,0.0,0.0,0.0,0.0,0.0,0.0,0.0,0.0,0.0,0.0,0.0,0.0,0.0,0.0,0.0,0.7463678753120695,0.0,0.665533616507947,0.0,0.0,0.0,0.0,0.0,0.0,0.0,0.0,0.0,0.0,0.0,0.0,0.0,0.0,0.0,0.0,0.0,0.0,0.0,0.0,0.0,0.0,0.0,0.0,0.0,0.0,0.0,0.0,0.0,0.0,0.0,0.0,0.0,0.0,0.0,0.17285192032499094,0.0,0.13212877407631293,0.0,0.18788650065868184,0.0,0.13681252186915321,0.1587744666613535,0.0,0.0,0.0,0.0,0.0,0.0,0.0,0.14940128032874364,0.0,0.0,0.0,0.0,0.0,0.0,0.3467803140371741,0.0,0.0,0.0,0.0,0.0,0.0,0.0,0.13681252186915321,0.0,0.25814655618378657,0.1595095981404356,0.17563366824299437,0.07503923171154779,0.20756976814279335,0.0,0.0,0.0,0.0,0.0,0.0,0.0,0.3299037560664853,0.0,0.10873869413734642,0.0,0.1353648656126144,0.0,0.0,0.17778917793426435,0.10729358462557717,0.0,0.0,0.21806469770204168,0.20373345078512287,0.0,0.0,0.0,0.0,0.0,0.0,0.0,0.0,0.0,0.0,0.0,0.0,0.0,0.0,0.0,0.0,0.0,0.0,0.0,0.0,0.2359351775142731,0.1285887502385717,0.0,0.0,0.0,0.28964963745371686,0.16606974793056162,0.0,0.0,0.0,0.0,0.0,0.0,0.0,0.23118687602478272,0.0,0.0,0.0,0.0,0.10033825950483793,0.14878935806447785,0.0
23.0,5.0,0.0,1,0.0,0.0,0.0,0.0,0.0,1.0,0.0,0.0,0.0,0.0,0.0,0.0,0.0,0.0,0.0,0.0,0.0,0.0,0.0,0.0,0.0,1.0,0.0,0.0,0.0,0.0,0.0,0.0,0.0,0.0,0.0,0.0,0.0,0.0,0.0,0.0,0.0,0.0,0.0,0.0,0.7757283659706071,0.0,0.0,0.0,0.0,0.0,0.0,0.0,0.0,0.0,0.0,0.0,0.0,0.0,0.6310669554243605,0.0,0.0,0.0,0.0,0.0,0.0,0.0,0.0,0.0,0.0,0.0,0.0,0.0,0.0,0.0,0.0,0.0,0.0,0.0,0.0,0.34780752588949737,0.0,0.0,0.0,0.0,0.0,0.0,0.0,0.0,0.0,0.0,0.0,0.0,0.3404581712151178,0.0,0.0,0.0,0.0,0.0,0.0,0.0,0.0,0.0,0.0,0.0,0.0,0.0,0.39585219668511124,0.0,0.0,0.275290113367246,0.0,0.0,0.0,0.17670243842139352,0.0,0.0,0.3887536359498103,0.0,0.0,0.0,0.0,0.0,0.0,0.0,0.3577421297430839,0.0,0.0,0.0,0.0,0.0,0.0,0.0,0.0,0.0,0.0,0.0,0.0,0.0,0.0,0.0,0.0,0.0,0.0,0.28777887536028157,0.0,0.0,0.0,0.26231048428970916,0.0,0.0,0.0,0.0,0.0,0.0,0.0,0.0,0.0,0.0,0.0,0.0,0.0,0.0,0.16708031951343652,0.0,0.0,0.0,0.0,0.0,0.0,0.0,0.0,0.0,0.0,0.0,0.0,0.2018976805396267,0.0,0.0
23.0,5.0,0.0,1,0.0,0.0,0.0,0.0,0.0,1.0,0.0,0.0,0.0,0.0,0.0,0.0,1.0,0.0,0.0,0.0,0.0,0.0,0.0,0.0,0.0,0.0,0.0,0.0,0.0,0.0,0.0,0.0,0.0,0.0,0.0,0.0,0.0,0.0,0.0,0.0,0.0,0.0,0.0,0.0,0.0,0.0,0.0,0.0,0.0,0.0,0.0,0.0,0.0,0.0,0.0,0.0,0.0,0.0,0.5091628178357597,0.0,0.0,0.0,0.0,0.0,0.0,0.0,0.697174873909327,0.0,0.0,0.0,0.0,0.0,0.0,0.5046785314663813,0.0,0.0,0.0,0.0,0.0,0.0,0.0,0.0,0.0,0.11110281246088838,0.0,0.0,0.28166403224092634,0.0,0.0,0.28166403224092634,0.0,0.0,0.0,0.0,0.0,0.0,0.0,0.0,0.0,0.0,0.0,0.0,0.0,0.0,0.31913310038375,0.0,0.0,0.0,0.0,0.24270380106460318,0.3210570261698552,0.2289744738331163,0.0,0.0,0.0,0.12274210729174717,0.0,0.0,0.0,0.0,0.0,0.0,0.0,0.0,0.31539590589570143,0.192901161599636,0.0,0.2401356759303194,0.0,0.0,0.0,0.0,0.0,0.0,0.0,0.0,0.0,0.0,0.0,0.0,0.0,0.0,0.0,0.0,0.0,0.0,0.304976458101942,0.0,0.0,0.0,0.18933075698486043,0.0,0.0,0.0,0.0,0.0,0.0,0.0,0.0,0.0,0.0,0.2569175212420797,0.0,0.0,0.25768032228219584,0.0,0.0,0.0,0.0,0.0,0.2050613964309831,0.0,0.0,0.0,0.0,0.0,0.0,0.0
23.0,4.0,0.0,1,0.0,0.0,1.0,0.0,0.0,0.0,0.0,1.0,0.0,0.0,0.0,0.0,0.0,0.0,0.0,0.0,0.0,0.0,0.0,0.0,0.0,0.0,0.0,0.0,0.0,0.0,0.0,0.0,0.0,0.0,0.0,0.0,0.0,0.0,0.0,0.0,0.0,0.0,0.0,0.0,0.0,0.0,0.0,0.0,0.0,0.0,0.0,0.0,0.0,0.0,0.0,0.0,0.0,0.0,0.0,0.0,0.0,0.0,0.0,0.0,0.0,0.0,0.0,0.0,0.0,0.0,0.0,0.0,0.0,0.0,0.0,0.0,0.0,0.0,0.0,0.0,0.0,0.0,0.0,0.09207525685015168,0.0,0.0,0.0,0.0,0.0,0.0,0.0,0.0,0.0,0.0,0.0,0.0,0.0,0.5001236517164509,0.0,0.0,0.0,0.1699424193521678,0.0,0.0,0.0,0.0,0.0,0.0,0.0,0.0,0.0,0.0,0.0,0.0,0.3309620892672468,0.1017211968346434,0.0,0.0,0.0,0.0,0.0,0.0,0.0,0.24250789414748578,0.0,0.0,0.2613809533854601,0.0,0.0,0.0,0.0,0.0,0.0,0.18433000706110572,0.0,0.0,0.0,0.0,0.0,0.0,0.0,0.0,0.0,0.0,0.0,0.0,0.0,0.0,0.0,0.0,0.0,0.0,0.0,0.5527304116462144,0.0,0.0,0.0,0.2835716762054256,0.0,0.0,0.0,0.0,0.0,0.21354978630910293,0.0,0.0,0.0,0.0,0.0,0.0,0.0,0.0,0.0,0.0,0.0,0.0,0.0,0.0
23.0,5.0,0.0,1,0.0,0.0,0.0,0.0,0.0,1.0,0.0,0.0,0.0,0.0,0.0,0.0,1.0,0.0,0.0,0.0,0.0,0.0,0.0,0.0,0.0,0.0,0.0,0.0,0.0,0.0,0.0,0.0,0.0,0.0,0.0,0.0,0.0,0.0,0.0,0.0,0.0,0.0,0.0,0.0,0.0,0.0,0.0,0.0,0.0,0.0,0.0,0.7839986331015968,0.0,0.0,0.0,0.0,0.0,0.0,0.0,0.0,0.0,0.0,0.0,0.0,0.0,0.0,0.0,0.0,0.0,0.0,0.0,0.0,0.0,0.6207625498488354,0.0,0.0,0.0,0.0,0.0,0.0,0.0,0.12631381869549377,0.0,0.11974510748039563,0.0,0.13079143588112316,0.0,0.0,0.24517459650428866,0.0,0.0,0.0,0.0,0.0,0.14282616612654012,0.0,0.0,0.16260438058222942,0.0,0.0,0.15691672399143008,0.0,0.14906642560289524,0.0,0.171978668044325,0.0,0.09403548236415263,0.0,0.15691672399143008,0.0,0.0,0.0,0.0,0.08395203649757939,0.2869470931134848,0.33072445477459417,0.0,0.0,0.0,0.0,0.0,0.0,0.0,0.0,0.0,0.0,0.0,0.12940749062619916,0.0,0.0,0.0,0.10257161992403886,0.0,0.11986182424294713,0.10423386155658479,0.0973835954529331,0.0,0.0,0.12895418724329508,0.0,0.0,0.0,0.18340559838003195,0.0,0.0,0.0,0.0,0.0,0.0,0.0,0.20405812726368042,0.0,0.17625502048784994,0.0,0.0,0.0,0.11277586371615962,0.2458591809008075,0.0,0.0,0.0,0.1384511134925579,0.15876105850185052,0.1388621818107745,0.4165865454323235,0.0,0.12895418724329508,0.0,0.0,0.0,0.0,0.12588641865945557,0.0,0.0,0.0,0.09592239697914234,0.0,0.0
23.0,5.0,2.0,1,0.0,0.0,0.0,0.0,0.0,1.0,0.0,0.0,0.0,0.0,0.0,0.0,1.0,0.0,0.0,0.0,0.0,0.0,0.0,0.0,0.0,0.0,0.0,0.0,0.0,0.0,0.0,0.0,0.0,0.0,0.0,0.0,0.0,0.0,0.0,0.0,0.0,0.0,0.0,0.0,0.0,0.0,0.0,0.0,0.0,0.0,0.5293732183260886,0.0,0.0,0.0,0.0,0.0,0.0,0.0,0.0,0.0,0.0,0.0,0.0,0.0,0.0,0.0,0.0,0.0,0.0,0.0,0.6260658993790641,0.0,0.0,0.5725429986942141,0.0,0.0,0.0,0.0,0.0,0.0,0.0,0.0,0.0,0.16406240131480498,0.0,0.0,0.0,0.16099097220463893,0.22394197079808237,0.0,0.0,0.0,0.14774489430252785,0.0,0.26091425114960654,0.2772835746753308,0.0,0.14852250586797205,0.0,0.0,0.14332741206817853,0.1009361340493446,0.0,0.22996879034992387,0.0,0.135555422463565,0.0858918156523133,0.0,0.0,0.0,0.0,0.0,0.1392837037889139,0.15336323398783777,0.1965726622868856,0.30208303490385613,0.0,0.0,0.0,0.0,0.0,0.0,0.0,0.14403589995367835,0.0,0.0,0.0,0.0,0.0,0.0,0.0,0.0,0.0,0.0,0.0,0.08894997524244538,0.0,0.0,0.11778648867246443,0.0,0.0,0.0,0.0,0.12488423870355668,0.0,0.0,0.1501167220775878,0.22766400135152398,0.0,0.0,0.0,0.0,0.0,0.0,0.0,0.0,0.0,0.22456726877397346,0.0,0.0,0.0,0.06323048076102379,0.07250601170311735,0.0,0.1268364304761179,0.0,0.11778648867246443,0.0,0.34379150976289125,0.0,0.0,0.0,0.0,0.0,0.14931297109767372,0.0,0.0,0.2517007474724163
23.0,4.0,0.0,1,0.0,1.0,0.0,1.0,0.0,0.0,0.0,0.0,0.0,0.0,0.0,0.0,0.0,0.0,0.0,1.0,0.0,0.0,0.0,0.0,0.0,0.0,0.0,0.0,0.0,0.0,0.7071067811865476,0.0,0.0,0.0,0.0,0.0,0.0,0.0,0.0,0.0,0.0,0.0,0.0,0.0,0.0,0.0,0.0,0.0,0.0,0.0,0.0,0.0,0.0,0.0,0.0,0.0,0.0,0.0,0.0,0.0,0.0,0.0,0.0,0.0,0.0,0.0,0.0,0.0,0.0,0.0,0.0,0.0,0.0,0.7071067811865476,0.0,0.0,0.0,0.0,0.0,0.0,0.0,0.1128750483001169,0.0,0.321015584758848,0.0,0.0,0.0,0.0,0.0,0.13563794652991062,0.0,0.0,0.0,0.07819935295040951,0.0,0.0,0.25738795555285265,0.0,0.0,0.0,0.0,0.0,0.13320696154721545,0.0,0.0,0.2652369029140083,0.0,0.0,0.0,0.0,0.0,0.0,0.0,0.07502021768023319,0.19231367950827907,0.41375326048361705,0.0,0.0,0.0,0.0,0.0,0.13089607529314373,0.0,0.0,0.0,0.09289335679263662,0.0,0.0,0.16623250791083577,0.0,0.0,0.2749764833186891,0.1627652971220378,0.0,0.0,0.0870227672151045,0.0,0.1565179060290714,0.0,0.0,0.0,0.0,0.0,0.0,0.0,0.0,0.0,0.11136569368834962,0.0,0.0,0.0,0.0,0.315005818938382,0.0,0.0,0.13563794652991062,0.20155484483825595,0.1647763119218158,0.0,0.0,0.0,0.06186051646633876,0.1418701637844899,0.0,0.24817673380196775,0.0,0.11523450295393947,0.0,0.0,0.0,0.0,0.0,0.0,0.0,0.0,0.0857170284605602,0.0,0.0
23.0,5.0,0.0,1,1.0,0.0,1.0,0.0,0.0,0.0,0.0,1.0,0.0,0.0,0.0,0.0,0.0,0.0,0.0,0.0,0.0,0.0,0.0,0.0,0.0,0.0,0.0,0.0,0.0,0.0,0.0,0.0,0.0,0.0,0.0,0.0,0.0,0.0,0.0,0.0,1.0,0.0,0.0,0.0,0.0,0.0,0.0,0.0,0.0,0.0,0.0,0.0,0.0,0.0,0.0,0.0,0.0,0.0,0.0,0.0,0.0,0.0,0.0,0.0,0.0,0.0,0.0,0.0,0.0,0.0,0.0,0.0,0.0,0.0,0.0,0.0,0.0,0.0,0.0,0.0,0.0,0.18691341923373944,0.22564717335384304,0.1771933404185084,0.0,0.0,0.0,0.0,0.0,0.0,0.0,0.0,0.0,0.0,0.0,0.0,0.0,0.24061453505952027,0.0,0.0,0.0,0.16352202531903104,0.0,0.0,0.0,0.21960715489046367,0.0,0.0,0.2321982006331465,0.0,0.0,0.18259102083191228,0.0,0.0,0.0,0.09787818831628584,0.0,0.2079416230377802,0.0,0.0,0.0,0.0,0.0,0.23334598952997795,0.0,0.0,0.0,0.0,0.0,0.0,0.0,0.1517807979708369,0.0,0.0,0.0,0.0,0.0,0.0,0.0,0.0,0.0,0.0,0.0,0.0,0.0,0.22885346539248488,0.0,0.18441403043550364,0.2858993164589273,0.21310849282673405,0.1509779479521378,0.0,0.0,0.2659241780608962,0.0,0.0,0.0,0.27285838928850215,0.0,0.0,0.0,0.0,0.2349273625974801,0.0,0.0,0.0,0.0,0.0,0.0,0.2624803073831737,0.16352202531903104,0.0,0.0,0.0,0.0,0.0,0.0,0.0
23.0,4.0,0.0,1,1.0,0.0,1.0,0.0,0.0,0.0,0.0,1.0,0.0,0.0,0.0,0.0,0.0,0.0,0.0,0.0,0.0,0.0,0.0,0.0,0.0,0.0,0.0,0.0,0.0,0.0,0.0,0.0,0.0,0.0,0.0,0.0,0.0,0.0,0.0,0.0,0.0,0.0,1.0,0.0,0.0,0.0,0.0,0.0,0.0,0.0,0.0,0.0,0.0,0.0,0.0,0.0,0.0,0.0,0.0,0.0,0.0,0.0,0.0,0.0,0.0,0.0,0.0,0.0,0.0,0.0,0.0,0.0,0.0,0.0,0.0,0.0,0.0,0.0,0.0,0.0,0.14189592577035007,0.3181933797898514,0.25608803984872086,0.10054877831521952,0.0,0.0,0.0,0.0,0.20587067539664686,0.25490780755107895,0.0,0.14355510354505335,0.0,0.0,0.23985942837491453,0.12745390377553947,0.0,0.0,0.0,0.0,0.0,0.18558191673146598,0.0,0.10570557636151275,0.0,0.0,0.0,0.0,0.0,0.0,0.0,0.0,0.0,0.140987383693957,0.2409466262192637,0.3332472507939092,0.0,0.0,0.0,0.0,0.0,0.12299814478044431,0.0,0.0,0.0,0.08728841198893196,0.0,0.10866218554635146,0.0,0.1194385024515414,0.0,0.0,0.0,0.0,0.0,0.08177203859739389,0.0,0.1470740205417303,0.0,0.0,0.1499113270943481,0.0,0.0,0.0,0.0,0.0,0.0,0.0,0.0,0.0,0.0,0.0,0.0,0.0,0.0,0.25490780755107895,0.2840903204824468,0.154834135590074,0.0,0.0,0.0,0.11625602591185305,0.06665504258286974,0.1166011958989236,0.0,0.0,0.0,0.14355510354505335,0.1053495987647847,0.0,0.09279095836573299,0.10570557636151275,0.0,0.0,0.0,0.0,0.1194385024515414,0.0
23.0,5.0,0.0,1,0.0,0.0,0.0,0.0,0.0,1.0,0.0,0.0,0.0,0.0,0.0,0.0,0.0,0.0,0.0,0.0,0.0,0.0,0.0,0.0,0.0,1.0,0.0,0.0,0.0,0.0,0.0,0.0,0.0,0.0,0.0,0.0,0.0,0.0,0.0,0.0,0.0,0.0,0.0,0.0,0.0,0.0,0.0,0.0,0.0,0.0,0.0,0.0,0.0,0.0,0.0,0.0,0.0,0.0,0.0,0.0,0.0,0.0,0.0,0.0,0.0,0.0,0.0,0.0,0.0,1.0,0.0,0.0,0.0,0.0,0.0,0.0,0.0,0.0,0.0,0.0,0.0,0.0,0.0,0.11486520180971961,0.0,0.0,0.0,0.0,0.0,0.0,0.0,0.0,0.0,0.08394344279066068,0.13700565092832273,0.0,0.0,0.15597785482617804,0.0,0.0,0.0,0.0,0.0,0.0,0.0,0.0,0.0,0.0,0.15052198413656756,0.0,0.0,0.0,0.0,0.08053078591298737,0.0,0.3172466252728753,0.0,0.0,0.0,0.0,0.13268276285974537,0.0,0.0,0.0,0.0,0.0,0.0,0.0,0.0,0.0,0.0,0.0,0.0,0.0,0.09998607705173801,0.18682995205442687,0.0,0.0,0.0,0.0,0.0,0.0,0.0,0.13115302317816396,0.0,0.0,0.0,0.0,0.0,0.0,0.19574226005762702,0.15278804835814697,0.0,0.0,0.16697928789255834,0.0,0.1081799717549455,0.1768798639783703,0.0,0.0,0.0,0.0,0.0,0.0,0.13320320865755583,0.17472113120850466,0.0,0.0,0.0,0.0,0.10600280120145326,0.0,0.0,0.14906615553536115,0.0,0.27603997488294263,0.0,0.6608382753081323
23.0,5.0,0.0,1,0.0,0.0,1.0,0.0,0.0,0.0,0.0,1.0,0.0,0.0,0.0,0.0,0.0,0.0,0.0,0.0,0.0,0.0,0.0,0.0,0.0,0.0,0.0,0.0,0.0,0.0,0.0,0.0,0.0,0.0,0.0,0.0,0.0,0.0,0.0,0.0,0.0,0.0,0.0,0.0,1.0,0.0,0.0,0.0,0.0,0.0,0.0,0.0,0.0,0.0,0.0,0.0,0.0,0.0,0.0,0.0,0.0,0.0,0.0,0.0,0.0,0.0,0.0,0.0,0.0,0.0,0.0,0.0,0.0,0.0,0.0,0.0,0.0,0.0,0.0,0.0,0.0,0.0,0.33574539917917223,0.2636498739446312,0.0,0.0,0.0,0.0,0.0,0.33419805021226995,0.0,0.0,0.0,0.0,0.0,0.0,0.0,0.0,0.0,0.0,0.0,0.4866160461866893,0.0,0.0,0.0,0.3267583226743101,0.0,0.0,0.0,0.0,0.0,0.2716812015172485,0.0,0.0,0.15794708969745264,0.14563511219196,0.0,0.0,0.0,0.0,0.0,0.0,0.0,0.0,0.0,0.0,0.0,0.0,0.0,0.0,0.0,0.0,0.0,0.26390685613272574,0.0,0.0,0.0,0.0,0.0,0.0,0.0,0.0,0.0,0.0,0.0,0.0,0.0,0.0,0.0,0.0,0.0,0.0,0.0,0.0,0.0,0.0,0.24830527842342337,0.13533066906979993,0.0,0.0,0.0,0.30483599194883876,0.0,0.0,0.0,0.0,0.0,0.0,0.0,0.0,0.0,0.0,0.0,0.0,0.0,0.0,0.0,0.0
23.0,4.0,0.0,1,1.0,0.0,0.0,0.0,0.0,0.0,0.0,0.0,0.0,0.0,0.0,0.0,0.0,0.0,0.0,0.0,0.0,0.0,0.0,1.0,0.0,0.0,0.0,0.0,0.0,0.0,0.0,0.0,0.0,0.0,0.0,0.0,0.0,0.0,0.0,0.0,0.0,0.0,0.0,0.0,0.0,0.0,0.0,0.0,0.0,0.0,0.0,0.0,0.0,0.0,0.0,0.0,0.0,0.0,0.0,0.0,0.0,0.0,0.0,1.0,0.0,0.0,0.0,0.0,0.0,0.0,0.0,0.0,0.0,0.0,0.0,0.0,0.0,0.0,0.0,0.0,0.207417152035165,0.0,0.0,0.22046659682651584,0.0,0.16053623327915087,0.0,0.0,0.0,0.0,0.0,0.0,0.0,0.10741126622848274,0.0,0.0,0.0,0.0,0.0,0.0,0.0,0.0,0.0,0.0,0.0,0.0,0.11542118206462683,0.22057788557404268,0.0,0.16053623327915087,0.0,0.0,0.18716905227305913,0.0,0.0,0.48712600666977207,0.0,0.0,0.0,0.21236291077037972,0.0,0.0,0.0,0.0,0.0,0.12759431761077092,0.0,0.15883754898232894,0.0,0.0,0.0,0.2517972433441641,0.0,0.0,0.0,0.11953072838350026,0.0,0.0,0.0,0.0,0.0,0.0,0.0,0.0,0.0,0.18982859652200118,0.0,0.0,0.23714679564463276,0.0,0.0,0.0,0.0,0.0,0.0,0.0,0.0,0.0,0.0,0.0,0.0,0.08496894350789583,0.19486675218141297,0.1704424411479664,0.0,0.22356740819863452,0.0,0.0,0.15399535698582356,0.0,0.13563769512299526,0.0,0.19452142154175764,0.19074014581215717,0.0,0.11773722181729956,0.0,0.0
23.0,4.0,0.0,1,0.0,0.0,0.0,0.0,0.0,1.0,0.0,0.0,0.0,0.0,0.0,0.0,0.0,0.0,0.0,0.0,0.0,0.0,0.0,0.0,0.0,0.0,0.0,0.0,0.0,0.0,0.0,0.0,0.0,0.0,0.0,0.0,0.0,0.0,0.0,0.0,0.0,0.0,0.0,0.0,0.0,1.0,0.0,0.0,0.0,0.0,0.0,0.0,0.0,0.0,0.0,0.0,0.0,0.0,0.0,0.0,0.0,0.0,0.0,0.0,0.0,0.0,0.0,0.0,0.0,0.0,0.0,0.0,0.0,0.0,0.0,0.0,0.0,0.0,0.0,0.0,0.0,0.0,0.0,0.16097177511084537,0.0,0.0,0.0,0.0,0.0,0.0,0.0,0.0,0.0,0.0,0.0,0.0,0.0,0.4371738659536667,0.0,0.4769019073890256,0.0,0.0,0.40077607584352115,0.0,0.0,0.0,0.0,0.0,0.0,0.0,0.0,0.0,0.0,0.0,0.0,0.0,0.0,0.0,0.0,0.0,0.0,0.393823376721266,0.0,0.0,0.0,0.0,0.0,0.0,0.0,0.0,0.0,0.0,0.4897074169877624,0.0,0.0,0.0,0.0,0.0,0.0,0.0,0.0,0.0,0.0,0.0,0.0,0.0,0.0,0.0,0.0,0.0,0.0,0.0,0.0,0.0,0.0,0.0,0.0,0.0,0.0,0.0,0.0,0.0,0.0,0.0,0.0,0.0,0.0,0.0,0.0,0.0,0.0,0.0,0.0,0.0,0.0,0.0,0.0,0.0
23.0,4.0,0.0,1,1.0,0.0,0.0,0.0,0.0,1.0,0.0,0.0,0.0,0.0,0.0,0.0,0.0,0.0,0.0,0.0,0.0,0.0,0.0,0.0,0.0,0.0,0.0,0.0,0.0,0.0,0.0,0.0,0.0,0.0,0.0,0.0,0.0,0.0,0.0,0.0,0.0,0.0,0.0,0.0,0.0,0.0,0.0,0.0,0.0,0.0,0.0,0.0,0.0,0.0,0.0,0.0,0.0,0.0,0.0,0.0,0.0,0.0,0.7071067811865475,0.0,0.0,0.0,0.0,0.0,0.0,0.0,0.0,0.0,0.0,0.0,0.0,0.7071067811865475,0.0,0.0,0.0,0.3133134406395035,0.0,0.0,0.0,0.0,0.2403152274093093,0.0,0.2877964811836603,0.0,0.0,0.0,0.0,0.0,0.0,0.0,0.0,0.0,0.0,0.0,0.0,0.0,0.0,0.0,0.2826384192863158,0.0,0.0,0.0,0.0,0.0,0.0,0.0,0.0,0.0,0.2891289892206007,0.0,0.1360170012938571,0.0,0.0,0.0,0.0,0.0,0.0,0.0,0.0,0.0,0.0,0.19710104653024715,0.0,0.0,0.0,0.0,0.0,0.0,0.0,0.0,0.0,0.0,0.0,0.0,0.0,0.0,0.0,0.0,0.0,0.0,0.0,0.0,0.0,0.23629563546228297,0.0,0.0,0.0,0.0,0.0,0.0,0.0,0.0,0.0,0.11654074681100245,0.0,0.0,0.0,0.2625111839081143,0.0,0.0,0.26329059281397305,0.0,0.24450447171712827,0.0,0.0,0.0,0.0,0.0,0.0,0.0,0.0,0.0,0.0,0.522487417573697
23.0,5.0,0.0,1,0.0,0.0,0.0,0.0,0.0,1.0,0.0,0.0,0.0,0.0,0.0,0.0,0.0,0.0,0.0,0.0,0.0,0.0,0.0,0.0,0.0,1.0,0.0,0.0,0.0,0.0,0.0,0.0,0.0,0.0,0.0,0.0,0.0,0.0,0.0,0.0,0.0,0.0,0.0,0.0,0.0,0.0,0.0,0.0,0.0,0.0,0.0,0.0,0.0,0.0,0.0,0.0,0.0,0.0,0.0,0.0,0.0,0.0,0.0,0.0,0.0,0.0,0.0,0.0,0.0,0.0,0.0,0.0,0.0,0.0,0.0,0.0,0.0,0.0,0.0,0.0,0.0,0.0,0.0,0.22433800542903753,0.1583010333414995,0.16335526057616306,0.1895780007557524,0.0,0.0,0.0,0.0,0.0,0.0,0.2185948309009961,0.0,0.1895780007557524,0.0,0.0,0.0,0.0,0.0,0.13801950237762706,0.0,0.0,0.0,0.0,0.11744798595959437,0.0,0.0,0.0,0.0,0.15411454074566497,0.0,0.0,0.08959745118504947,0.16522665761607616,0.0,0.0,0.0,0.0,0.0,0.0,0.0,0.0,0.21228172021308078,0.0,0.0,0.0,0.0,0.0,0.0,0.0,0.22749326726210412,0.0,0.13018550871260146,0.12162969619445489,0.0,0.0,0.16106058258020933,0.0,0.0,0.0,0.0,0.17076600607912432,0.0,0.0,0.0,0.0,0.24131110968555539,0.0,0.0,0.0,0.0,0.0,0.0,0.0,0.14085425761973758,0.3070720211191593,0.0,0.0,0.0,0.08646100399950171,0.09914431287568855,0.0,0.0,0.0,0.0,0.0,0.0,0.0,0.0,0.31445803136233186,0.3958744621638796,0.0,0.0,0.23960939105921217,0.0,0.0
